#
# There is insufficient memory for the Java Runtime Environment to continue.
# Native memory allocation (malloc) failed to allocate 1118096 bytes. Error detail: Chunk::new
# Possible reasons:
#   The system is out of physical RAM or swap space
#   This process is running with CompressedOops enabled, and the Java Heap may be blocking the growth of the native heap
# Possible solutions:
#   Reduce memory load on the system
#   Increase physical memory or swap space
#   Check if swap backing store is full
#   Decrease Java heap size (-Xmx/-Xms)
#   Decrease number of Java threads
#   Decrease Java thread stack sizes (-Xss)
#   Set larger code cache with -XX:ReservedCodeCacheSize=
#   JVM is running with Unscaled Compressed Oops mode in which the Java heap is
#     placed in the first 4GB address space. The Java Heap base address is the
#     maximum limit for the native heap growth. Please use -XX:HeapBaseMinAddress
#     to set the Java Heap base and to place the Java Heap above 4GB virtual address.
# This output file may be truncated or incomplete.
#
#  Out of Memory Error (arena.cpp:168), pid=13056, tid=14640
#
# JRE version: OpenJDK Runtime Environment Temurin-21.0.9+10 (21.0.9+10) (build 21.0.9+10-LTS)
# Java VM: OpenJDK 64-Bit Server VM Temurin-21.0.9+10 (21.0.9+10-LTS, mixed mode, sharing, tiered, compressed oops, compressed class ptrs, g1 gc, windows-amd64)
# No core dump will be written. Minidumps are not enabled by default on client versions of Windows
#

---------------  S U M M A R Y ------------

Command Line: C:\Users\crist\.local\share\opencode\bin\jdtls\plugins\org.eclipse.equinox.launcher_1.7.100.v20251111-0406.jar -configuration C:\Users\crist\.local\share\opencode\bin\jdtls\config_win -data C:\Users\crist\AppData\Local\Temp\opencode-jdtls-datacw6gFD -Declipse.application=org.eclipse.jdt.ls.core.id1 -Dosgi.bundles.defaultStartLevel=4 -Declipse.product=org.eclipse.jdt.ls.core.product -Dlog.level=ALL --add-modules=ALL-SYSTEM --add-opens java.base/java.util=ALL-UNNAMED --add-opens java.base/java.lang=ALL-UNNAMED

Host: AMD Ryzen 7 Microsoft Surface (R) Edition, 16 cores, 7G,  Windows 11 , 64 bit Build 26100 (10.0.26100.7623)
Time: Fri Jan 23 02:57:23 2026 E. Europe Standard Time elapsed time: 16689.997454 seconds (0d 4h 38m 9s)

---------------  T H R E A D  ---------------

Current thread (0x0000014d268f3d60):  JavaThread "C2 CompilerThread0" daemon [_thread_in_native, id=14640, stack(0x0000003849b00000,0x0000003849c00000) (1024K)]


Current CompileTask:
C2:16689997 22370       4       org.eclipse.jdt.internal.compiler.lookup.Scope::findMethod0 (1612 bytes)

Stack: [0x0000003849b00000,0x0000003849c00000]
Native frames: (J=compiled Java code, j=interpreted, Vv=VM code, C=native code)
V  [jvm.dll+0x6d6e29]
V  [jvm.dll+0x8b4b76]
V  [jvm.dll+0x8b712e]
V  [jvm.dll+0x8b7813]
V  [jvm.dll+0x283d86]
V  [jvm.dll+0xc66ed]
V  [jvm.dll+0xc6c31]
V  [jvm.dll+0x3be501]
V  [jvm.dll+0x38ab92]
V  [jvm.dll+0x389fda]
V  [jvm.dll+0x24bfa0]
V  [jvm.dll+0x24b580]
V  [jvm.dll+0x1cb13e]
V  [jvm.dll+0x25b29d]
V  [jvm.dll+0x25982a]
V  [jvm.dll+0x3f7ea6]
V  [jvm.dll+0x85e9ad]
V  [jvm.dll+0x6d565d]
C  [ucrtbase.dll+0x37b0]
C  [KERNEL32.DLL+0x2e8d7]
C  [ntdll.dll+0x8c53c]


---------------  P R O C E S S  ---------------

Threads class SMR info:
_java_thread_list=0x0000014d6f3ece60, length=25, elements={
0x0000014d0706a650, 0x0000014d268df730, 0x0000014d268e2eb0, 0x0000014d268e9370,
0x0000014d268ea040, 0x0000014d268eb7b0, 0x0000014d268ecf20, 0x0000014d268f3d60,
0x0000014d269094d0, 0x0000014d26a56380, 0x0000014d26a58bb0, 0x0000014d6c558ac0,
0x0000014d6c533ae0, 0x0000014d6c26ab80, 0x0000014d6c26c3d0, 0x0000014d6cef0190,
0x0000014d6ce3a090, 0x0000014d6d037390, 0x0000014d6cfae0b0, 0x0000014d6cfafaf0,
0x0000014d6cfaf460, 0x0000014d6cfac670, 0x0000014d70799e00, 0x0000014d70501ad0,
0x0000014d7125a800
}

Java Threads: ( => current thread )
  0x0000014d0706a650 JavaThread "main"                              [_thread_blocked, id=28728, stack(0x0000003848d00000,0x0000003848e00000) (1024K)]
  0x0000014d268df730 JavaThread "Reference Handler"          daemon [_thread_blocked, id=27420, stack(0x0000003849500000,0x0000003849600000) (1024K)]
  0x0000014d268e2eb0 JavaThread "Finalizer"                  daemon [_thread_blocked, id=19816, stack(0x0000003849600000,0x0000003849700000) (1024K)]
  0x0000014d268e9370 JavaThread "Signal Dispatcher"          daemon [_thread_blocked, id=28536, stack(0x0000003849700000,0x0000003849800000) (1024K)]
  0x0000014d268ea040 JavaThread "Attach Listener"            daemon [_thread_blocked, id=13600, stack(0x0000003849800000,0x0000003849900000) (1024K)]
  0x0000014d268eb7b0 JavaThread "Service Thread"             daemon [_thread_blocked, id=23364, stack(0x0000003849900000,0x0000003849a00000) (1024K)]
  0x0000014d268ecf20 JavaThread "Monitor Deflation Thread"   daemon [_thread_blocked, id=26692, stack(0x0000003849a00000,0x0000003849b00000) (1024K)]
=>0x0000014d268f3d60 JavaThread "C2 CompilerThread0"         daemon [_thread_in_native, id=14640, stack(0x0000003849b00000,0x0000003849c00000) (1024K)]
  0x0000014d269094d0 JavaThread "C1 CompilerThread0"         daemon [_thread_blocked, id=29668, stack(0x0000003849c00000,0x0000003849d00000) (1024K)]
  0x0000014d26a56380 JavaThread "Notification Thread"        daemon [_thread_blocked, id=2000, stack(0x0000003849f00000,0x000000384a000000) (1024K)]
  0x0000014d26a58bb0 JavaThread "Common-Cleaner"             daemon [_thread_blocked, id=27760, stack(0x000000384a000000,0x000000384a100000) (1024K)]
  0x0000014d6c558ac0 JavaThread "Active Thread: Equinox Container: 3ec3173c-c2a4-41db-8621-ac4d1132ca16"        [_thread_blocked, id=3348, stack(0x000000384a300000,0x000000384a400000) (1024K)]
  0x0000014d6c533ae0 JavaThread "Refresh Thread: Equinox Container: 3ec3173c-c2a4-41db-8621-ac4d1132ca16" daemon [_thread_blocked, id=7612, stack(0x000000384a200000,0x000000384a300000) (1024K)]
  0x0000014d6c26ab80 JavaThread "Framework Event Dispatcher: Equinox Container: 3ec3173c-c2a4-41db-8621-ac4d1132ca16" daemon [_thread_blocked, id=6868, stack(0x000000384aa00000,0x000000384ab00000) (1024K)]
  0x0000014d6c26c3d0 JavaThread "Start Level: Equinox Container: 3ec3173c-c2a4-41db-8621-ac4d1132ca16" daemon [_thread_blocked, id=27436, stack(0x000000384ab00000,0x000000384ac00000) (1024K)]
  0x0000014d6cef0190 JavaThread "Bundle File Closer"         daemon [_thread_blocked, id=7528, stack(0x000000384ac00000,0x000000384ad00000) (1024K)]
  0x0000014d6ce3a090 JavaThread "SCR Component Actor"        daemon [_thread_blocked, id=736, stack(0x000000384a100000,0x000000384a200000) (1024K)]
  0x0000014d6d037390 JavaThread "Worker-JM"                         [_thread_blocked, id=7156, stack(0x000000384b100000,0x000000384b200000) (1024K)]
  0x0000014d6cfae0b0 JavaThread "Java indexing"              daemon [_thread_blocked, id=14968, stack(0x000000384b000000,0x000000384b100000) (1024K)]
  0x0000014d6cfafaf0 JavaThread "JNA Cleaner"                daemon [_thread_blocked, id=27300, stack(0x000000384be00000,0x000000384bf00000) (1024K)]
  0x0000014d6cfaf460 JavaThread "pool-2-thread-1"                   [_thread_blocked, id=14564, stack(0x000000384c300000,0x000000384c400000) (1024K)]
  0x0000014d6cfac670 JavaThread "WorkspaceEventsHandler"            [_thread_blocked, id=4428, stack(0x000000384c400000,0x000000384c500000) (1024K)]
  0x0000014d70799e00 JavaThread "pool-1-thread-1"                   [_thread_in_native, id=20036, stack(0x000000384c500000,0x000000384c600000) (1024K)]
  0x0000014d70501ad0 JavaThread "Worker-39"                         [_thread_blocked, id=28220, stack(0x0000003848c00000,0x0000003848d00000) (1024K)]
  0x0000014d7125a800 JavaThread "Worker-41"                         [_thread_blocked, id=24628, stack(0x000000384b200000,0x000000384b300000) (1024K)]
Total: 25

Other Threads:
  0x0000014d268c6fe0 VMThread "VM Thread"                           [id=6884, stack(0x0000003849400000,0x0000003849500000) (1024K)]
  0x0000014d268b5af0 WatcherThread "VM Periodic Task Thread"        [id=30712, stack(0x0000003849300000,0x0000003849400000) (1024K)]
  0x0000014d094b99a0 WorkerThread "GC Thread#0"                     [id=4828, stack(0x0000003848e00000,0x0000003848f00000) (1024K)]
  0x0000014d6c4d1110 WorkerThread "GC Thread#1"                     [id=8200, stack(0x000000384a400000,0x000000384a500000) (1024K)]
  0x0000014d6c4d14b0 WorkerThread "GC Thread#2"                     [id=29944, stack(0x000000384a500000,0x000000384a600000) (1024K)]
  0x0000014d6c4d1850 WorkerThread "GC Thread#3"                     [id=19812, stack(0x000000384a600000,0x000000384a700000) (1024K)]
  0x0000014d6cb4fa00 WorkerThread "GC Thread#4"                     [id=6880, stack(0x000000384a700000,0x000000384a800000) (1024K)]
  0x0000014d6cb4fda0 WorkerThread "GC Thread#5"                     [id=13220, stack(0x000000384a800000,0x000000384a900000) (1024K)]
  0x0000014d6cb50140 WorkerThread "GC Thread#6"                     [id=26508, stack(0x000000384a900000,0x000000384aa00000) (1024K)]
  0x0000014d6ca0c690 WorkerThread "GC Thread#7"                     [id=30132, stack(0x000000384ad00000,0x000000384ae00000) (1024K)]
  0x0000014d6cf49d70 WorkerThread "GC Thread#8"                     [id=17000, stack(0x000000384ae00000,0x000000384af00000) (1024K)]
  0x0000014d6cf4a110 WorkerThread "GC Thread#9"                     [id=25940, stack(0x000000384af00000,0x000000384b000000) (1024K)]
  0x0000014d6cf499d0 WorkerThread "GC Thread#10"                    [id=25672, stack(0x000000384b600000,0x000000384b700000) (1024K)]
  0x0000014d6da6f3b0 WorkerThread "GC Thread#11"                    [id=9516, stack(0x000000384b700000,0x000000384b800000) (1024K)]
  0x0000014d6da71b90 WorkerThread "GC Thread#12"                    [id=26556, stack(0x000000384b800000,0x000000384b900000) (1024K)]
  0x0000014d094ca680 ConcurrentGCThread "G1 Main Marker"            [id=11064, stack(0x0000003848f00000,0x0000003849000000) (1024K)]
  0x0000014d094cb180 WorkerThread "G1 Conc#0"                       [id=21992, stack(0x0000003849000000,0x0000003849100000) (1024K)]
  0x0000014d6da70970 WorkerThread "G1 Conc#1"                       [id=16832, stack(0x000000384b900000,0x000000384ba00000) (1024K)]
  0x0000014d6da6fe90 WorkerThread "G1 Conc#2"                       [id=29652, stack(0x000000384ba00000,0x000000384bb00000) (1024K)]
  0x0000014d2677f560 ConcurrentGCThread "G1 Refine#0"               [id=26440, stack(0x0000003849100000,0x0000003849200000) (1024K)]
  0x0000014d7a67d570 ConcurrentGCThread "G1 Refine#1"               [id=21784, stack(0x0000003848b00000,0x0000003848c00000) (1024K)]
  0x0000014d2677ff70 ConcurrentGCThread "G1 Service"                [id=29236, stack(0x0000003849200000,0x0000003849300000) (1024K)]
Total: 22

Threads with active compile tasks:
C2 CompilerThread0  16690040 22370       4       org.eclipse.jdt.internal.compiler.lookup.Scope::findMethod0 (1612 bytes)
Total: 1

VM state: not at safepoint (normal execution)

VM Mutex/Monitor currently owned by a thread: None

Heap address: 0x0000000088c00000, size: 1908 MB, Compressed Oops mode: 32-bit

CDS archive(s) mapped at: [0x0000014d27000000-0x0000014d27c80000-0x0000014d27c80000), size 13107200, SharedBaseAddress: 0x0000014d27000000, ArchiveRelocationMode: 1.
Compressed class space mapped at: 0x0000014d28000000-0x0000014d68000000, reserved size: 1073741824
Narrow klass base: 0x0000014d27000000, Narrow klass shift: 0, Narrow klass range: 0x100000000

GC Precious Log:
 CardTable entry size: 512
 Card Set container configuration: InlinePtr #cards 5 size 8 Array Of Cards #cards 12 size 40 Howl #buckets 4 coarsen threshold 1843 Howl Bitmap #cards 512 size 80 coarsen threshold 460 Card regions per heap region 1 cards per card region 2048
 CPUs: 16 total, 16 available
 Memory: 7631M
 Large Page Support: Disabled
 NUMA Support: Disabled
 Compressed Oops: Enabled (32-bit)
 Heap Region Size: 1M
 Heap Min Capacity: 8M
 Heap Initial Capacity: 120M
 Heap Max Capacity: 1908M
 Pre-touch: Disabled
 Parallel Workers: 13
 Concurrent Workers: 3
 Concurrent Refinement Workers: 13
 Periodic GC: Disabled

Heap:
 garbage-first heap   total 628736K, used 297288K [0x0000000088c00000, 0x0000000100000000)
  region size 1024K, 129 young (132096K), 12 survivors (12288K)
 Metaspace       used 72787K, committed 74176K, reserved 1179648K
  class space    used 7160K, committed 7808K, reserved 1048576K

Heap Regions: E=young(eden), S=young(survivor), O=old, HS=humongous(starts), HC=humongous(continues), CS=collection set, F=free, TAMS=top-at-mark-start, PB=parsable bottom
|   0|0x0000000088c00000, 0x0000000088d00000, 0x0000000088d00000|100%| O|  |TAMS 0x0000000088c00000| PB 0x0000000088c00000| Untracked 
|   1|0x0000000088d00000, 0x0000000088e00000, 0x0000000088e00000|100%| O|  |TAMS 0x0000000088d00000| PB 0x0000000088d00000| Untracked 
|   2|0x0000000088e00000, 0x0000000088f00000, 0x0000000088f00000|100%| O|  |TAMS 0x0000000088e00000| PB 0x0000000088e00000| Untracked 
|   3|0x0000000088f00000, 0x0000000089000000, 0x0000000089000000|100%| O|  |TAMS 0x0000000088f00000| PB 0x0000000088f00000| Untracked 
|   4|0x0000000089000000, 0x0000000089100000, 0x0000000089100000|100%| O|  |TAMS 0x0000000089000000| PB 0x0000000089000000| Untracked 
|   5|0x0000000089100000, 0x0000000089200000, 0x0000000089200000|100%| O|  |TAMS 0x0000000089100000| PB 0x0000000089100000| Untracked 
|   6|0x0000000089200000, 0x0000000089300000, 0x0000000089300000|100%|HS|  |TAMS 0x0000000089200000| PB 0x0000000089200000| Complete 
|   7|0x0000000089300000, 0x0000000089400000, 0x0000000089400000|100%| O|Cm|TAMS 0x0000000089300000| PB 0x0000000089300000| Complete 
|   8|0x0000000089400000, 0x0000000089500000, 0x0000000089500000|100%| O|  |TAMS 0x0000000089400000| PB 0x0000000089400000| Untracked 
|   9|0x0000000089500000, 0x0000000089600000, 0x0000000089600000|100%| O|  |TAMS 0x0000000089500000| PB 0x0000000089500000| Untracked 
|  10|0x0000000089600000, 0x0000000089700000, 0x0000000089700000|100%| O|  |TAMS 0x0000000089600000| PB 0x0000000089600000| Untracked 
|  11|0x0000000089700000, 0x0000000089800000, 0x0000000089800000|100%| O|  |TAMS 0x0000000089700000| PB 0x0000000089700000| Untracked 
|  12|0x0000000089800000, 0x0000000089900000, 0x0000000089900000|100%| O|  |TAMS 0x0000000089800000| PB 0x0000000089800000| Untracked 
|  13|0x0000000089900000, 0x0000000089a00000, 0x0000000089a00000|100%| O|  |TAMS 0x0000000089900000| PB 0x0000000089900000| Untracked 
|  14|0x0000000089a00000, 0x0000000089b00000, 0x0000000089b00000|100%| O|  |TAMS 0x0000000089a00000| PB 0x0000000089a00000| Untracked 
|  15|0x0000000089b00000, 0x0000000089b00000, 0x0000000089c00000|  0%| F|  |TAMS 0x0000000089b00000| PB 0x0000000089b00000| Untracked 
|  16|0x0000000089c00000, 0x0000000089d00000, 0x0000000089d00000|100%| O|  |TAMS 0x0000000089c00000| PB 0x0000000089c00000| Untracked 
|  17|0x0000000089d00000, 0x0000000089e00000, 0x0000000089e00000|100%| O|Cm|TAMS 0x0000000089d00000| PB 0x0000000089d00000| Complete 
|  18|0x0000000089e00000, 0x0000000089f00000, 0x0000000089f00000|100%| O|  |TAMS 0x0000000089e00000| PB 0x0000000089e00000| Untracked 
|  19|0x0000000089f00000, 0x000000008a000000, 0x000000008a000000|100%| O|  |TAMS 0x0000000089f00000| PB 0x0000000089f00000| Untracked 
|  20|0x000000008a000000, 0x000000008a100000, 0x000000008a100000|100%| O|  |TAMS 0x000000008a000000| PB 0x000000008a000000| Untracked 
|  21|0x000000008a100000, 0x000000008a200000, 0x000000008a200000|100%| O|  |TAMS 0x000000008a100000| PB 0x000000008a100000| Untracked 
|  22|0x000000008a200000, 0x000000008a300000, 0x000000008a300000|100%| O|  |TAMS 0x000000008a200000| PB 0x000000008a200000| Untracked 
|  23|0x000000008a300000, 0x000000008a400000, 0x000000008a400000|100%| O|  |TAMS 0x000000008a300000| PB 0x000000008a300000| Untracked 
|  24|0x000000008a400000, 0x000000008a500000, 0x000000008a500000|100%| O|  |TAMS 0x000000008a400000| PB 0x000000008a400000| Untracked 
|  25|0x000000008a500000, 0x000000008a600000, 0x000000008a600000|100%| O|  |TAMS 0x000000008a500000| PB 0x000000008a500000| Untracked 
|  26|0x000000008a600000, 0x000000008a600000, 0x000000008a700000|  0%| F|  |TAMS 0x000000008a600000| PB 0x000000008a600000| Untracked 
|  27|0x000000008a700000, 0x000000008a800000, 0x000000008a800000|100%| O|  |TAMS 0x000000008a700000| PB 0x000000008a700000| Untracked 
|  28|0x000000008a800000, 0x000000008a900000, 0x000000008a900000|100%| O|  |TAMS 0x000000008a800000| PB 0x000000008a800000| Untracked 
|  29|0x000000008a900000, 0x000000008aa00000, 0x000000008aa00000|100%| O|  |TAMS 0x000000008a900000| PB 0x000000008a900000| Untracked 
|  30|0x000000008aa00000, 0x000000008ab00000, 0x000000008ab00000|100%| O|  |TAMS 0x000000008aa00000| PB 0x000000008aa00000| Untracked 
|  31|0x000000008ab00000, 0x000000008ac00000, 0x000000008ac00000|100%| O|Cm|TAMS 0x000000008ab00000| PB 0x000000008ab00000| Complete 
|  32|0x000000008ac00000, 0x000000008ad00000, 0x000000008ad00000|100%| O|Cm|TAMS 0x000000008ac00000| PB 0x000000008ac00000| Complete 
|  33|0x000000008ad00000, 0x000000008ae00000, 0x000000008ae00000|100%| O|  |TAMS 0x000000008ad00000| PB 0x000000008ad00000| Untracked 
|  34|0x000000008ae00000, 0x000000008af00000, 0x000000008af00000|100%| O|Cm|TAMS 0x000000008ae00000| PB 0x000000008ae00000| Complete 
|  35|0x000000008af00000, 0x000000008b000000, 0x000000008b000000|100%| O|  |TAMS 0x000000008af00000| PB 0x000000008af00000| Untracked 
|  36|0x000000008b000000, 0x000000008b100000, 0x000000008b100000|100%| O|  |TAMS 0x000000008b000000| PB 0x000000008b000000| Untracked 
|  37|0x000000008b100000, 0x000000008b200000, 0x000000008b200000|100%| O|  |TAMS 0x000000008b100000| PB 0x000000008b100000| Untracked 
|  38|0x000000008b200000, 0x000000008b300000, 0x000000008b300000|100%| O|  |TAMS 0x000000008b200000| PB 0x000000008b200000| Untracked 
|  39|0x000000008b300000, 0x000000008b400000, 0x000000008b400000|100%| O|  |TAMS 0x000000008b300000| PB 0x000000008b300000| Untracked 
|  40|0x000000008b400000, 0x000000008b500000, 0x000000008b500000|100%| O|  |TAMS 0x000000008b400000| PB 0x000000008b400000| Untracked 
|  41|0x000000008b500000, 0x000000008b600000, 0x000000008b600000|100%|HS|  |TAMS 0x000000008b500000| PB 0x000000008b500000| Complete 
|  42|0x000000008b600000, 0x000000008b700000, 0x000000008b700000|100%| O|  |TAMS 0x000000008b600000| PB 0x000000008b600000| Untracked 
|  43|0x000000008b700000, 0x000000008b800000, 0x000000008b800000|100%| O|  |TAMS 0x000000008b700000| PB 0x000000008b700000| Untracked 
|  44|0x000000008b800000, 0x000000008b900000, 0x000000008b900000|100%| O|  |TAMS 0x000000008b800000| PB 0x000000008b800000| Untracked 
|  45|0x000000008b900000, 0x000000008ba00000, 0x000000008ba00000|100%| O|  |TAMS 0x000000008b900000| PB 0x000000008b900000| Untracked 
|  46|0x000000008ba00000, 0x000000008bb00000, 0x000000008bb00000|100%| O|Cm|TAMS 0x000000008ba00000| PB 0x000000008ba00000| Complete 
|  47|0x000000008bb00000, 0x000000008bc00000, 0x000000008bc00000|100%| O|Cm|TAMS 0x000000008bb00000| PB 0x000000008bb00000| Complete 
|  48|0x000000008bc00000, 0x000000008bd00000, 0x000000008bd00000|100%| O|Cm|TAMS 0x000000008bc00000| PB 0x000000008bc00000| Complete 
|  49|0x000000008bd00000, 0x000000008be00000, 0x000000008be00000|100%| O|  |TAMS 0x000000008bd00000| PB 0x000000008bd00000| Untracked 
|  50|0x000000008be00000, 0x000000008bf00000, 0x000000008bf00000|100%| O|  |TAMS 0x000000008be00000| PB 0x000000008be00000| Untracked 
|  51|0x000000008bf00000, 0x000000008bf35188, 0x000000008c000000| 20%| O|  |TAMS 0x000000008bf00000| PB 0x000000008bf00000| Untracked 
|  52|0x000000008c000000, 0x000000008c100000, 0x000000008c100000|100%| O|  |TAMS 0x000000008c000000| PB 0x000000008c000000| Untracked 
|  53|0x000000008c100000, 0x000000008c200000, 0x000000008c200000|100%| O|Cm|TAMS 0x000000008c100000| PB 0x000000008c100000| Complete 
|  54|0x000000008c200000, 0x000000008c200000, 0x000000008c300000|  0%| F|  |TAMS 0x000000008c200000| PB 0x000000008c200000| Untracked 
|  55|0x000000008c300000, 0x000000008c300000, 0x000000008c400000|  0%| F|  |TAMS 0x000000008c300000| PB 0x000000008c300000| Untracked 
|  56|0x000000008c400000, 0x000000008c500000, 0x000000008c500000|100%| O|  |TAMS 0x000000008c400000| PB 0x000000008c400000| Untracked 
|  57|0x000000008c500000, 0x000000008c600000, 0x000000008c600000|100%| O|  |TAMS 0x000000008c500000| PB 0x000000008c500000| Untracked 
|  58|0x000000008c600000, 0x000000008c700000, 0x000000008c700000|100%| O|  |TAMS 0x000000008c600000| PB 0x000000008c600000| Untracked 
|  59|0x000000008c700000, 0x000000008c800000, 0x000000008c800000|100%| O|  |TAMS 0x000000008c700000| PB 0x000000008c700000| Untracked 
|  60|0x000000008c800000, 0x000000008c900000, 0x000000008c900000|100%| O|Cm|TAMS 0x000000008c800000| PB 0x000000008c800000| Complete 
|  61|0x000000008c900000, 0x000000008c900000, 0x000000008ca00000|  0%| F|  |TAMS 0x000000008c900000| PB 0x000000008c900000| Untracked 
|  62|0x000000008ca00000, 0x000000008cb00000, 0x000000008cb00000|100%| O|  |TAMS 0x000000008ca00000| PB 0x000000008ca00000| Untracked 
|  63|0x000000008cb00000, 0x000000008cb00000, 0x000000008cc00000|  0%| F|  |TAMS 0x000000008cb00000| PB 0x000000008cb00000| Untracked 
|  64|0x000000008cc00000, 0x000000008cd00000, 0x000000008cd00000|100%| O|Cm|TAMS 0x000000008cc00000| PB 0x000000008cc00000| Complete 
|  65|0x000000008cd00000, 0x000000008ce00000, 0x000000008ce00000|100%| O|  |TAMS 0x000000008cd00000| PB 0x000000008cd00000| Untracked 
|  66|0x000000008ce00000, 0x000000008cf00000, 0x000000008cf00000|100%| O|  |TAMS 0x000000008ce00000| PB 0x000000008ce00000| Untracked 
|  67|0x000000008cf00000, 0x000000008d000000, 0x000000008d000000|100%| O|  |TAMS 0x000000008cf00000| PB 0x000000008cf00000| Untracked 
|  68|0x000000008d000000, 0x000000008d100000, 0x000000008d100000|100%| O|  |TAMS 0x000000008d000000| PB 0x000000008d000000| Untracked 
|  69|0x000000008d100000, 0x000000008d100000, 0x000000008d200000|  0%| F|  |TAMS 0x000000008d100000| PB 0x000000008d100000| Untracked 
|  70|0x000000008d200000, 0x000000008d200000, 0x000000008d300000|  0%| F|  |TAMS 0x000000008d200000| PB 0x000000008d200000| Untracked 
|  71|0x000000008d300000, 0x000000008d400000, 0x000000008d400000|100%| O|Cm|TAMS 0x000000008d300000| PB 0x000000008d300000| Complete 
|  72|0x000000008d400000, 0x000000008d400000, 0x000000008d500000|  0%| F|  |TAMS 0x000000008d400000| PB 0x000000008d400000| Untracked 
|  73|0x000000008d500000, 0x000000008d600000, 0x000000008d600000|100%| O|  |TAMS 0x000000008d500000| PB 0x000000008d500000| Untracked 
|  74|0x000000008d600000, 0x000000008d600000, 0x000000008d700000|  0%| F|  |TAMS 0x000000008d600000| PB 0x000000008d600000| Untracked 
|  75|0x000000008d700000, 0x000000008d800000, 0x000000008d800000|100%| O|  |TAMS 0x000000008d700000| PB 0x000000008d700000| Untracked 
|  76|0x000000008d800000, 0x000000008d900000, 0x000000008d900000|100%| O|  |TAMS 0x000000008d800000| PB 0x000000008d800000| Untracked 
|  77|0x000000008d900000, 0x000000008da00000, 0x000000008da00000|100%| O|  |TAMS 0x000000008d900000| PB 0x000000008d900000| Untracked 
|  78|0x000000008da00000, 0x000000008db00000, 0x000000008db00000|100%| O|  |TAMS 0x000000008da00000| PB 0x000000008da00000| Untracked 
|  79|0x000000008db00000, 0x000000008dc00000, 0x000000008dc00000|100%| O|  |TAMS 0x000000008db00000| PB 0x000000008db00000| Untracked 
|  80|0x000000008dc00000, 0x000000008dd00000, 0x000000008dd00000|100%| O|Cm|TAMS 0x000000008dc00000| PB 0x000000008dc00000| Complete 
|  81|0x000000008dd00000, 0x000000008dd00000, 0x000000008de00000|  0%| F|  |TAMS 0x000000008dd00000| PB 0x000000008dd00000| Untracked 
|  82|0x000000008de00000, 0x000000008df00000, 0x000000008df00000|100%| O|  |TAMS 0x000000008de00000| PB 0x000000008de00000| Untracked 
|  83|0x000000008df00000, 0x000000008df00000, 0x000000008e000000|  0%| F|  |TAMS 0x000000008df00000| PB 0x000000008df00000| Untracked 
|  84|0x000000008e000000, 0x000000008e100000, 0x000000008e100000|100%| O|  |TAMS 0x000000008e000000| PB 0x000000008e000000| Untracked 
|  85|0x000000008e100000, 0x000000008e100000, 0x000000008e200000|  0%| F|  |TAMS 0x000000008e100000| PB 0x000000008e100000| Untracked 
|  86|0x000000008e200000, 0x000000008e2516e0, 0x000000008e300000| 31%| O|Cm|TAMS 0x000000008e200000| PB 0x000000008e200000| Complete 
|  87|0x000000008e300000, 0x000000008e300000, 0x000000008e400000|  0%| F|  |TAMS 0x000000008e300000| PB 0x000000008e300000| Untracked 
|  88|0x000000008e400000, 0x000000008e500000, 0x000000008e500000|100%|HS|  |TAMS 0x000000008e400000| PB 0x000000008e400000| Complete 
|  89|0x000000008e500000, 0x000000008e600000, 0x000000008e600000|100%|HS|  |TAMS 0x000000008e500000| PB 0x000000008e500000| Complete 
|  90|0x000000008e600000, 0x000000008e600000, 0x000000008e700000|  0%| F|  |TAMS 0x000000008e600000| PB 0x000000008e600000| Untracked 
|  91|0x000000008e700000, 0x000000008e800000, 0x000000008e800000|100%| O|Cm|TAMS 0x000000008e700000| PB 0x000000008e700000| Complete 
|  92|0x000000008e800000, 0x000000008e800000, 0x000000008e900000|  0%| F|  |TAMS 0x000000008e800000| PB 0x000000008e800000| Untracked 
|  93|0x000000008e900000, 0x000000008ea00000, 0x000000008ea00000|100%| O|  |TAMS 0x000000008e900000| PB 0x000000008e900000| Untracked 
|  94|0x000000008ea00000, 0x000000008eb00000, 0x000000008eb00000|100%| O|  |TAMS 0x000000008ea00000| PB 0x000000008ea00000| Untracked 
|  95|0x000000008eb00000, 0x000000008eb00000, 0x000000008ec00000|  0%| F|  |TAMS 0x000000008eb00000| PB 0x000000008eb00000| Untracked 
|  96|0x000000008ec00000, 0x000000008ec00000, 0x000000008ed00000|  0%| F|  |TAMS 0x000000008ec00000| PB 0x000000008ec00000| Untracked 
|  97|0x000000008ed00000, 0x000000008ed00000, 0x000000008ee00000|  0%| F|  |TAMS 0x000000008ed00000| PB 0x000000008ed00000| Untracked 
|  98|0x000000008ee00000, 0x000000008ef00000, 0x000000008ef00000|100%| O|  |TAMS 0x000000008ee00000| PB 0x000000008ee00000| Untracked 
|  99|0x000000008ef00000, 0x000000008f000000, 0x000000008f000000|100%| O|Cm|TAMS 0x000000008ef00000| PB 0x000000008ef00000| Complete 
| 100|0x000000008f000000, 0x000000008f000000, 0x000000008f100000|  0%| F|  |TAMS 0x000000008f000000| PB 0x000000008f000000| Untracked 
| 101|0x000000008f100000, 0x000000008f200000, 0x000000008f200000|100%| O|Cm|TAMS 0x000000008f100000| PB 0x000000008f100000| Complete 
| 102|0x000000008f200000, 0x000000008f200000, 0x000000008f300000|  0%| F|  |TAMS 0x000000008f200000| PB 0x000000008f200000| Untracked 
| 103|0x000000008f300000, 0x000000008f300000, 0x000000008f400000|  0%| F|  |TAMS 0x000000008f300000| PB 0x000000008f300000| Untracked 
| 104|0x000000008f400000, 0x000000008f400000, 0x000000008f500000|  0%| F|  |TAMS 0x000000008f400000| PB 0x000000008f400000| Untracked 
| 105|0x000000008f500000, 0x000000008f500000, 0x000000008f600000|  0%| F|  |TAMS 0x000000008f500000| PB 0x000000008f500000| Untracked 
| 106|0x000000008f600000, 0x000000008f700000, 0x000000008f700000|100%| O|Cm|TAMS 0x000000008f600000| PB 0x000000008f600000| Complete 
| 107|0x000000008f700000, 0x000000008f700000, 0x000000008f800000|  0%| F|  |TAMS 0x000000008f700000| PB 0x000000008f700000| Untracked 
| 108|0x000000008f800000, 0x000000008f800000, 0x000000008f900000|  0%| F|  |TAMS 0x000000008f800000| PB 0x000000008f800000| Untracked 
| 109|0x000000008f900000, 0x000000008f900000, 0x000000008fa00000|  0%| F|  |TAMS 0x000000008f900000| PB 0x000000008f900000| Untracked 
| 110|0x000000008fa00000, 0x000000008fb00000, 0x000000008fb00000|100%| O|Cm|TAMS 0x000000008fa00000| PB 0x000000008fa00000| Complete 
| 111|0x000000008fb00000, 0x000000008fc00000, 0x000000008fc00000|100%| O|Cm|TAMS 0x000000008fb00000| PB 0x000000008fb00000| Complete 
| 112|0x000000008fc00000, 0x000000008fc00000, 0x000000008fd00000|  0%| F|  |TAMS 0x000000008fc00000| PB 0x000000008fc00000| Untracked 
| 113|0x000000008fd00000, 0x000000008fd00000, 0x000000008fe00000|  0%| F|  |TAMS 0x000000008fd00000| PB 0x000000008fd00000| Untracked 
| 114|0x000000008fe00000, 0x000000008ff00000, 0x000000008ff00000|100%| O|  |TAMS 0x000000008fe00000| PB 0x000000008fe00000| Untracked 
| 115|0x000000008ff00000, 0x0000000090000000, 0x0000000090000000|100%| O|  |TAMS 0x000000008ff00000| PB 0x000000008ff00000| Untracked 
| 116|0x0000000090000000, 0x0000000090000000, 0x0000000090100000|  0%| F|  |TAMS 0x0000000090000000| PB 0x0000000090000000| Untracked 
| 117|0x0000000090100000, 0x0000000090200000, 0x0000000090200000|100%| O|Cm|TAMS 0x0000000090100000| PB 0x0000000090100000| Complete 
| 118|0x0000000090200000, 0x0000000090200000, 0x0000000090300000|  0%| F|  |TAMS 0x0000000090200000| PB 0x0000000090200000| Untracked 
| 119|0x0000000090300000, 0x0000000090400000, 0x0000000090400000|100%| O|  |TAMS 0x0000000090300000| PB 0x0000000090300000| Untracked 
| 120|0x0000000090400000, 0x0000000090500000, 0x0000000090500000|100%| O|  |TAMS 0x0000000090400000| PB 0x0000000090400000| Untracked 
| 121|0x0000000090500000, 0x0000000090500000, 0x0000000090600000|  0%| F|  |TAMS 0x0000000090500000| PB 0x0000000090500000| Untracked 
| 122|0x0000000090600000, 0x0000000090700000, 0x0000000090700000|100%| O|  |TAMS 0x0000000090600000| PB 0x0000000090600000| Untracked 
| 123|0x0000000090700000, 0x0000000090700000, 0x0000000090800000|  0%| F|  |TAMS 0x0000000090700000| PB 0x0000000090700000| Untracked 
| 124|0x0000000090800000, 0x0000000090900000, 0x0000000090900000|100%| O|  |TAMS 0x0000000090800000| PB 0x0000000090800000| Untracked 
| 125|0x0000000090900000, 0x0000000090a00000, 0x0000000090a00000|100%| O|Cm|TAMS 0x0000000090900000| PB 0x0000000090900000| Complete 
| 126|0x0000000090a00000, 0x0000000090b00000, 0x0000000090b00000|100%| O|  |TAMS 0x0000000090a00000| PB 0x0000000090a00000| Untracked 
| 127|0x0000000090b00000, 0x0000000090c00000, 0x0000000090c00000|100%| O|  |TAMS 0x0000000090b00000| PB 0x0000000090b00000| Untracked 
| 128|0x0000000090c00000, 0x0000000090c00000, 0x0000000090d00000|  0%| F|  |TAMS 0x0000000090c00000| PB 0x0000000090c00000| Untracked 
| 129|0x0000000090d00000, 0x0000000090d00000, 0x0000000090e00000|  0%| F|  |TAMS 0x0000000090d00000| PB 0x0000000090d00000| Untracked 
| 130|0x0000000090e00000, 0x0000000090f00000, 0x0000000090f00000|100%| O|  |TAMS 0x0000000090e00000| PB 0x0000000090e00000| Untracked 
| 131|0x0000000090f00000, 0x0000000091000000, 0x0000000091000000|100%| O|Cm|TAMS 0x0000000090f00000| PB 0x0000000090f00000| Complete 
| 132|0x0000000091000000, 0x0000000091100000, 0x0000000091100000|100%| O|  |TAMS 0x0000000091000000| PB 0x0000000091000000| Untracked 
| 133|0x0000000091100000, 0x0000000091200000, 0x0000000091200000|100%| O|  |TAMS 0x0000000091100000| PB 0x0000000091100000| Untracked 
| 134|0x0000000091200000, 0x0000000091200000, 0x0000000091300000|  0%| F|  |TAMS 0x0000000091200000| PB 0x0000000091200000| Untracked 
| 135|0x0000000091300000, 0x0000000091300000, 0x0000000091400000|  0%| F|  |TAMS 0x0000000091300000| PB 0x0000000091300000| Untracked 
| 136|0x0000000091400000, 0x0000000091500000, 0x0000000091500000|100%| O|Cm|TAMS 0x0000000091400000| PB 0x0000000091400000| Complete 
| 137|0x0000000091500000, 0x0000000091500000, 0x0000000091600000|  0%| F|  |TAMS 0x0000000091500000| PB 0x0000000091500000| Untracked 
| 138|0x0000000091600000, 0x0000000091600000, 0x0000000091700000|  0%| F|  |TAMS 0x0000000091600000| PB 0x0000000091600000| Untracked 
| 139|0x0000000091700000, 0x0000000091700000, 0x0000000091800000|  0%| F|  |TAMS 0x0000000091700000| PB 0x0000000091700000| Untracked 
| 140|0x0000000091800000, 0x0000000091800000, 0x0000000091900000|  0%| F|  |TAMS 0x0000000091800000| PB 0x0000000091800000| Untracked 
| 141|0x0000000091900000, 0x0000000091900000, 0x0000000091a00000|  0%| F|  |TAMS 0x0000000091900000| PB 0x0000000091900000| Untracked 
| 142|0x0000000091a00000, 0x0000000091a00000, 0x0000000091b00000|  0%| F|  |TAMS 0x0000000091a00000| PB 0x0000000091a00000| Untracked 
| 143|0x0000000091b00000, 0x0000000091c00000, 0x0000000091c00000|100%| O|  |TAMS 0x0000000091b00000| PB 0x0000000091b00000| Untracked 
| 144|0x0000000091c00000, 0x0000000091d00000, 0x0000000091d00000|100%| O|  |TAMS 0x0000000091c00000| PB 0x0000000091c00000| Untracked 
| 145|0x0000000091d00000, 0x0000000091d00000, 0x0000000091e00000|  0%| F|  |TAMS 0x0000000091d00000| PB 0x0000000091d00000| Untracked 
| 146|0x0000000091e00000, 0x0000000091e00000, 0x0000000091f00000|  0%| F|  |TAMS 0x0000000091e00000| PB 0x0000000091e00000| Untracked 
| 147|0x0000000091f00000, 0x0000000092000000, 0x0000000092000000|100%| O|  |TAMS 0x0000000091f00000| PB 0x0000000091f00000| Untracked 
| 148|0x0000000092000000, 0x0000000092100000, 0x0000000092100000|100%| O|Cm|TAMS 0x0000000092000000| PB 0x0000000092000000| Complete 
| 149|0x0000000092100000, 0x0000000092100000, 0x0000000092200000|  0%| F|  |TAMS 0x0000000092100000| PB 0x0000000092100000| Untracked 
| 150|0x0000000092200000, 0x0000000092200000, 0x0000000092300000|  0%| F|  |TAMS 0x0000000092200000| PB 0x0000000092200000| Untracked 
| 151|0x0000000092300000, 0x0000000092400000, 0x0000000092400000|100%| O|Cm|TAMS 0x0000000092300000| PB 0x0000000092300000| Complete 
| 152|0x0000000092400000, 0x0000000092400000, 0x0000000092500000|  0%| F|  |TAMS 0x0000000092400000| PB 0x0000000092400000| Untracked 
| 153|0x0000000092500000, 0x0000000092500000, 0x0000000092600000|  0%| F|  |TAMS 0x0000000092500000| PB 0x0000000092500000| Untracked 
| 154|0x0000000092600000, 0x0000000092600000, 0x0000000092700000|  0%| F|  |TAMS 0x0000000092600000| PB 0x0000000092600000| Untracked 
| 155|0x0000000092700000, 0x0000000092800000, 0x0000000092800000|100%| O|Cm|TAMS 0x0000000092700000| PB 0x0000000092700000| Complete 
| 156|0x0000000092800000, 0x0000000092800000, 0x0000000092900000|  0%| F|  |TAMS 0x0000000092800000| PB 0x0000000092800000| Untracked 
| 157|0x0000000092900000, 0x0000000092900000, 0x0000000092a00000|  0%| F|  |TAMS 0x0000000092900000| PB 0x0000000092900000| Untracked 
| 158|0x0000000092a00000, 0x0000000092a00000, 0x0000000092b00000|  0%| F|  |TAMS 0x0000000092a00000| PB 0x0000000092a00000| Untracked 
| 159|0x0000000092b00000, 0x0000000092b00000, 0x0000000092c00000|  0%| F|  |TAMS 0x0000000092b00000| PB 0x0000000092b00000| Untracked 
| 160|0x0000000092c00000, 0x0000000092c00000, 0x0000000092d00000|  0%| F|  |TAMS 0x0000000092c00000| PB 0x0000000092c00000| Untracked 
| 161|0x0000000092d00000, 0x0000000092e00000, 0x0000000092e00000|100%| O|  |TAMS 0x0000000092d00000| PB 0x0000000092d00000| Untracked 
| 162|0x0000000092e00000, 0x0000000092f00000, 0x0000000092f00000|100%| O|Cm|TAMS 0x0000000092e00000| PB 0x0000000092e00000| Complete 
| 163|0x0000000092f00000, 0x0000000093000000, 0x0000000093000000|100%| O|Cm|TAMS 0x0000000092f00000| PB 0x0000000092f00000| Complete 
| 164|0x0000000093000000, 0x0000000093100000, 0x0000000093100000|100%| O|Cm|TAMS 0x0000000093000000| PB 0x0000000093000000| Complete 
| 165|0x0000000093100000, 0x0000000093200000, 0x0000000093200000|100%| O|Cm|TAMS 0x0000000093100000| PB 0x0000000093100000| Complete 
| 166|0x0000000093200000, 0x0000000093300000, 0x0000000093300000|100%| O|  |TAMS 0x0000000093200000| PB 0x0000000093200000| Untracked 
| 167|0x0000000093300000, 0x0000000093300000, 0x0000000093400000|  0%| F|  |TAMS 0x0000000093300000| PB 0x0000000093300000| Untracked 
| 168|0x0000000093400000, 0x0000000093500000, 0x0000000093500000|100%|HS|  |TAMS 0x0000000093400000| PB 0x0000000093400000| Complete 
| 169|0x0000000093500000, 0x0000000093600000, 0x0000000093600000|100%| O|  |TAMS 0x0000000093500000| PB 0x0000000093500000| Untracked 
| 170|0x0000000093600000, 0x0000000093700000, 0x0000000093700000|100%|HS|  |TAMS 0x0000000093600000| PB 0x0000000093600000| Complete 
| 171|0x0000000093700000, 0x0000000093800000, 0x0000000093800000|100%| O|  |TAMS 0x0000000093700000| PB 0x0000000093700000| Untracked 
| 172|0x0000000093800000, 0x0000000093900000, 0x0000000093900000|100%| O|  |TAMS 0x0000000093800000| PB 0x0000000093800000| Untracked 
| 173|0x0000000093900000, 0x0000000093a00000, 0x0000000093a00000|100%| O|  |TAMS 0x0000000093900000| PB 0x0000000093900000| Untracked 
| 174|0x0000000093a00000, 0x0000000093b00000, 0x0000000093b00000|100%| O|  |TAMS 0x0000000093a00000| PB 0x0000000093a00000| Untracked 
| 175|0x0000000093b00000, 0x0000000093c00000, 0x0000000093c00000|100%| O|  |TAMS 0x0000000093b00000| PB 0x0000000093b00000| Untracked 
| 176|0x0000000093c00000, 0x0000000093d00000, 0x0000000093d00000|100%| O|  |TAMS 0x0000000093c00000| PB 0x0000000093c00000| Untracked 
| 177|0x0000000093d00000, 0x0000000093e00000, 0x0000000093e00000|100%| O|  |TAMS 0x0000000093d00000| PB 0x0000000093d00000| Untracked 
| 178|0x0000000093e00000, 0x0000000093f00000, 0x0000000093f00000|100%| O|  |TAMS 0x0000000093e00000| PB 0x0000000093e00000| Untracked 
| 179|0x0000000093f00000, 0x0000000094000000, 0x0000000094000000|100%| O|Cm|TAMS 0x0000000093f00000| PB 0x0000000093f00000| Complete 
| 180|0x0000000094000000, 0x0000000094100000, 0x0000000094100000|100%| O|  |TAMS 0x0000000094000000| PB 0x0000000094000000| Untracked 
| 181|0x0000000094100000, 0x0000000094200000, 0x0000000094200000|100%| O|  |TAMS 0x0000000094100000| PB 0x0000000094100000| Untracked 
| 182|0x0000000094200000, 0x0000000094300000, 0x0000000094300000|100%| O|  |TAMS 0x0000000094200000| PB 0x0000000094200000| Untracked 
| 183|0x0000000094300000, 0x0000000094400000, 0x0000000094400000|100%| O|  |TAMS 0x0000000094300000| PB 0x0000000094300000| Untracked 
| 184|0x0000000094400000, 0x0000000094500000, 0x0000000094500000|100%| O|  |TAMS 0x0000000094400000| PB 0x0000000094400000| Untracked 
| 185|0x0000000094500000, 0x0000000094600000, 0x0000000094600000|100%| O|Cm|TAMS 0x0000000094500000| PB 0x0000000094500000| Complete 
| 186|0x0000000094600000, 0x0000000094700000, 0x0000000094700000|100%| O|  |TAMS 0x0000000094600000| PB 0x0000000094600000| Untracked 
| 187|0x0000000094700000, 0x0000000094800000, 0x0000000094800000|100%| O|  |TAMS 0x0000000094700000| PB 0x0000000094700000| Untracked 
| 188|0x0000000094800000, 0x0000000094900000, 0x0000000094900000|100%| O|  |TAMS 0x0000000094800000| PB 0x0000000094800000| Untracked 
| 189|0x0000000094900000, 0x0000000094900000, 0x0000000094a00000|  0%| F|  |TAMS 0x0000000094900000| PB 0x0000000094900000| Untracked 
| 190|0x0000000094a00000, 0x0000000094b00000, 0x0000000094b00000|100%| O|  |TAMS 0x0000000094a00000| PB 0x0000000094a00000| Untracked 
| 191|0x0000000094b00000, 0x0000000094c00000, 0x0000000094c00000|100%| O|  |TAMS 0x0000000094b00000| PB 0x0000000094b00000| Untracked 
| 192|0x0000000094c00000, 0x0000000094d00000, 0x0000000094d00000|100%| O|  |TAMS 0x0000000094c00000| PB 0x0000000094c00000| Untracked 
| 193|0x0000000094d00000, 0x0000000094d00000, 0x0000000094e00000|  0%| F|  |TAMS 0x0000000094d00000| PB 0x0000000094d00000| Untracked 
| 194|0x0000000094e00000, 0x0000000094f00000, 0x0000000094f00000|100%| O|  |TAMS 0x0000000094e00000| PB 0x0000000094e00000| Untracked 
| 195|0x0000000094f00000, 0x0000000095000000, 0x0000000095000000|100%| O|Cm|TAMS 0x0000000094f00000| PB 0x0000000094f00000| Complete 
| 196|0x0000000095000000, 0x0000000095000000, 0x0000000095100000|  0%| F|  |TAMS 0x0000000095000000| PB 0x0000000095000000| Untracked 
| 197|0x0000000095100000, 0x0000000095200000, 0x0000000095200000|100%| O|  |TAMS 0x0000000095100000| PB 0x0000000095100000| Untracked 
| 198|0x0000000095200000, 0x0000000095200000, 0x0000000095300000|  0%| F|  |TAMS 0x0000000095200000| PB 0x0000000095200000| Untracked 
| 199|0x0000000095300000, 0x0000000095300000, 0x0000000095400000|  0%| F|  |TAMS 0x0000000095300000| PB 0x0000000095300000| Untracked 
| 200|0x0000000095400000, 0x0000000095400000, 0x0000000095500000|  0%| F|  |TAMS 0x0000000095400000| PB 0x0000000095400000| Untracked 
| 201|0x0000000095500000, 0x0000000095500000, 0x0000000095600000|  0%| F|  |TAMS 0x0000000095500000| PB 0x0000000095500000| Untracked 
| 202|0x0000000095600000, 0x0000000095700000, 0x0000000095700000|100%| O|Cm|TAMS 0x0000000095600000| PB 0x0000000095600000| Complete 
| 203|0x0000000095700000, 0x0000000095800000, 0x0000000095800000|100%| O|Cm|TAMS 0x0000000095700000| PB 0x0000000095700000| Complete 
| 204|0x0000000095800000, 0x0000000095800000, 0x0000000095900000|  0%| F|  |TAMS 0x0000000095800000| PB 0x0000000095800000| Untracked 
| 205|0x0000000095900000, 0x0000000095900000, 0x0000000095a00000|  0%| F|  |TAMS 0x0000000095900000| PB 0x0000000095900000| Untracked 
| 206|0x0000000095a00000, 0x0000000095a00000, 0x0000000095b00000|  0%| F|  |TAMS 0x0000000095a00000| PB 0x0000000095a00000| Untracked 
| 207|0x0000000095b00000, 0x0000000095b00000, 0x0000000095c00000|  0%| F|  |TAMS 0x0000000095b00000| PB 0x0000000095b00000| Untracked 
| 208|0x0000000095c00000, 0x0000000095c00000, 0x0000000095d00000|  0%| F|  |TAMS 0x0000000095c00000| PB 0x0000000095c00000| Untracked 
| 209|0x0000000095d00000, 0x0000000095d00000, 0x0000000095e00000|  0%| F|  |TAMS 0x0000000095d00000| PB 0x0000000095d00000| Untracked 
| 210|0x0000000095e00000, 0x0000000095f00000, 0x0000000095f00000|100%| O|  |TAMS 0x0000000095e00000| PB 0x0000000095e00000| Untracked 
| 211|0x0000000095f00000, 0x0000000095f00000, 0x0000000096000000|  0%| F|  |TAMS 0x0000000095f00000| PB 0x0000000095f00000| Untracked 
| 212|0x0000000096000000, 0x0000000096000000, 0x0000000096100000|  0%| F|  |TAMS 0x0000000096000000| PB 0x0000000096000000| Untracked 
| 213|0x0000000096100000, 0x0000000096100000, 0x0000000096200000|  0%| F|  |TAMS 0x0000000096100000| PB 0x0000000096100000| Untracked 
| 214|0x0000000096200000, 0x0000000096200000, 0x0000000096300000|  0%| F|  |TAMS 0x0000000096200000| PB 0x0000000096200000| Untracked 
| 215|0x0000000096300000, 0x0000000096300000, 0x0000000096400000|  0%| F|  |TAMS 0x0000000096300000| PB 0x0000000096300000| Untracked 
| 216|0x0000000096400000, 0x0000000096400000, 0x0000000096500000|  0%| F|  |TAMS 0x0000000096400000| PB 0x0000000096400000| Untracked 
| 217|0x0000000096500000, 0x0000000096500000, 0x0000000096600000|  0%| F|  |TAMS 0x0000000096500000| PB 0x0000000096500000| Untracked 
| 218|0x0000000096600000, 0x0000000096600000, 0x0000000096700000|  0%| F|  |TAMS 0x0000000096600000| PB 0x0000000096600000| Untracked 
| 219|0x0000000096700000, 0x0000000096700000, 0x0000000096800000|  0%| F|  |TAMS 0x0000000096700000| PB 0x0000000096700000| Untracked 
| 220|0x0000000096800000, 0x0000000096900000, 0x0000000096900000|100%| O|Cm|TAMS 0x0000000096800000| PB 0x0000000096800000| Complete 
| 221|0x0000000096900000, 0x0000000096900000, 0x0000000096a00000|  0%| F|  |TAMS 0x0000000096900000| PB 0x0000000096900000| Untracked 
| 222|0x0000000096a00000, 0x0000000096b00000, 0x0000000096b00000|100%| O|Cm|TAMS 0x0000000096a00000| PB 0x0000000096a00000| Complete 
| 223|0x0000000096b00000, 0x0000000096c00000, 0x0000000096c00000|100%| O|Cm|TAMS 0x0000000096b00000| PB 0x0000000096b00000| Complete 
| 224|0x0000000096c00000, 0x0000000096d00000, 0x0000000096d00000|100%| O|Cm|TAMS 0x0000000096c00000| PB 0x0000000096c00000| Complete 
| 225|0x0000000096d00000, 0x0000000096d00000, 0x0000000096e00000|  0%| F|  |TAMS 0x0000000096d00000| PB 0x0000000096d00000| Untracked 
| 226|0x0000000096e00000, 0x0000000096f00000, 0x0000000096f00000|100%| O|Cm|TAMS 0x0000000096e00000| PB 0x0000000096e00000| Complete 
| 227|0x0000000096f00000, 0x0000000097000000, 0x0000000097000000|100%| O|  |TAMS 0x0000000096f00000| PB 0x0000000096f00000| Untracked 
| 228|0x0000000097000000, 0x0000000097100000, 0x0000000097100000|100%| O|  |TAMS 0x0000000097000000| PB 0x0000000097000000| Untracked 
| 229|0x0000000097100000, 0x0000000097200000, 0x0000000097200000|100%| O|Cm|TAMS 0x0000000097100000| PB 0x0000000097100000| Complete 
| 230|0x0000000097200000, 0x0000000097200000, 0x0000000097300000|  0%| F|  |TAMS 0x0000000097200000| PB 0x0000000097200000| Untracked 
| 231|0x0000000097300000, 0x0000000097300000, 0x0000000097400000|  0%| F|  |TAMS 0x0000000097300000| PB 0x0000000097300000| Untracked 
| 232|0x0000000097400000, 0x0000000097500000, 0x0000000097500000|100%| O|Cm|TAMS 0x0000000097400000| PB 0x0000000097400000| Complete 
| 233|0x0000000097500000, 0x0000000097500000, 0x0000000097600000|  0%| F|  |TAMS 0x0000000097500000| PB 0x0000000097500000| Untracked 
| 234|0x0000000097600000, 0x0000000097600000, 0x0000000097700000|  0%| F|  |TAMS 0x0000000097600000| PB 0x0000000097600000| Untracked 
| 235|0x0000000097700000, 0x0000000097800000, 0x0000000097800000|100%| O|Cm|TAMS 0x0000000097700000| PB 0x0000000097700000| Complete 
| 236|0x0000000097800000, 0x0000000097900000, 0x0000000097900000|100%| O|Cm|TAMS 0x0000000097800000| PB 0x0000000097800000| Complete 
| 237|0x0000000097900000, 0x0000000097a00000, 0x0000000097a00000|100%| O|Cm|TAMS 0x0000000097900000| PB 0x0000000097900000| Complete 
| 238|0x0000000097a00000, 0x0000000097b00000, 0x0000000097b00000|100%| O|Cm|TAMS 0x0000000097a00000| PB 0x0000000097a00000| Complete 
| 239|0x0000000097b00000, 0x0000000097c00000, 0x0000000097c00000|100%| O|Cm|TAMS 0x0000000097b00000| PB 0x0000000097b00000| Complete 
| 240|0x0000000097c00000, 0x0000000097c00000, 0x0000000097d00000|  0%| F|  |TAMS 0x0000000097c00000| PB 0x0000000097c00000| Untracked 
| 241|0x0000000097d00000, 0x0000000097d00000, 0x0000000097e00000|  0%| F|  |TAMS 0x0000000097d00000| PB 0x0000000097d00000| Untracked 
| 242|0x0000000097e00000, 0x0000000097e00000, 0x0000000097f00000|  0%| F|  |TAMS 0x0000000097e00000| PB 0x0000000097e00000| Untracked 
| 243|0x0000000097f00000, 0x0000000097f00000, 0x0000000098000000|  0%| F|  |TAMS 0x0000000097f00000| PB 0x0000000097f00000| Untracked 
| 244|0x0000000098000000, 0x0000000098000000, 0x0000000098100000|  0%| F|  |TAMS 0x0000000098000000| PB 0x0000000098000000| Untracked 
| 245|0x0000000098100000, 0x0000000098100000, 0x0000000098200000|  0%| F|  |TAMS 0x0000000098100000| PB 0x0000000098100000| Untracked 
| 246|0x0000000098200000, 0x0000000098200000, 0x0000000098300000|  0%| F|  |TAMS 0x0000000098200000| PB 0x0000000098200000| Untracked 
| 247|0x0000000098300000, 0x0000000098300000, 0x0000000098400000|  0%| F|  |TAMS 0x0000000098300000| PB 0x0000000098300000| Untracked 
| 248|0x0000000098400000, 0x0000000098400000, 0x0000000098500000|  0%| F|  |TAMS 0x0000000098400000| PB 0x0000000098400000| Untracked 
| 249|0x0000000098500000, 0x0000000098500000, 0x0000000098600000|  0%| F|  |TAMS 0x0000000098500000| PB 0x0000000098500000| Untracked 
| 250|0x0000000098600000, 0x0000000098600000, 0x0000000098700000|  0%| F|  |TAMS 0x0000000098600000| PB 0x0000000098600000| Untracked 
| 251|0x0000000098700000, 0x0000000098700000, 0x0000000098800000|  0%| F|  |TAMS 0x0000000098700000| PB 0x0000000098700000| Untracked 
| 252|0x0000000098800000, 0x0000000098800000, 0x0000000098900000|  0%| F|  |TAMS 0x0000000098800000| PB 0x0000000098800000| Untracked 
| 253|0x0000000098900000, 0x0000000098900000, 0x0000000098a00000|  0%| F|  |TAMS 0x0000000098900000| PB 0x0000000098900000| Untracked 
| 254|0x0000000098a00000, 0x0000000098a00000, 0x0000000098b00000|  0%| F|  |TAMS 0x0000000098a00000| PB 0x0000000098a00000| Untracked 
| 255|0x0000000098b00000, 0x0000000098b00000, 0x0000000098c00000|  0%| F|  |TAMS 0x0000000098b00000| PB 0x0000000098b00000| Untracked 
| 256|0x0000000098c00000, 0x0000000098c00000, 0x0000000098d00000|  0%| F|  |TAMS 0x0000000098c00000| PB 0x0000000098c00000| Untracked 
| 257|0x0000000098d00000, 0x0000000098d00000, 0x0000000098e00000|  0%| F|  |TAMS 0x0000000098d00000| PB 0x0000000098d00000| Untracked 
| 258|0x0000000098e00000, 0x0000000098f00000, 0x0000000098f00000|100%| O|  |TAMS 0x0000000098e00000| PB 0x0000000098e00000| Untracked 
| 259|0x0000000098f00000, 0x0000000098f00000, 0x0000000099000000|  0%| F|  |TAMS 0x0000000098f00000| PB 0x0000000098f00000| Untracked 
| 260|0x0000000099000000, 0x0000000099000000, 0x0000000099100000|  0%| F|  |TAMS 0x0000000099000000| PB 0x0000000099000000| Untracked 
| 261|0x0000000099100000, 0x0000000099100000, 0x0000000099200000|  0%| F|  |TAMS 0x0000000099100000| PB 0x0000000099100000| Untracked 
| 262|0x0000000099200000, 0x0000000099200000, 0x0000000099300000|  0%| F|  |TAMS 0x0000000099200000| PB 0x0000000099200000| Untracked 
| 263|0x0000000099300000, 0x0000000099300000, 0x0000000099400000|  0%| F|  |TAMS 0x0000000099300000| PB 0x0000000099300000| Untracked 
| 264|0x0000000099400000, 0x0000000099400000, 0x0000000099500000|  0%| F|  |TAMS 0x0000000099400000| PB 0x0000000099400000| Untracked 
| 265|0x0000000099500000, 0x0000000099500000, 0x0000000099600000|  0%| F|  |TAMS 0x0000000099500000| PB 0x0000000099500000| Untracked 
| 266|0x0000000099600000, 0x0000000099600000, 0x0000000099700000|  0%| F|  |TAMS 0x0000000099600000| PB 0x0000000099600000| Untracked 
| 267|0x0000000099700000, 0x0000000099700000, 0x0000000099800000|  0%| F|  |TAMS 0x0000000099700000| PB 0x0000000099700000| Untracked 
| 268|0x0000000099800000, 0x0000000099800000, 0x0000000099900000|  0%| F|  |TAMS 0x0000000099800000| PB 0x0000000099800000| Untracked 
| 269|0x0000000099900000, 0x0000000099900000, 0x0000000099a00000|  0%| F|  |TAMS 0x0000000099900000| PB 0x0000000099900000| Untracked 
| 270|0x0000000099a00000, 0x0000000099a00000, 0x0000000099b00000|  0%| F|  |TAMS 0x0000000099a00000| PB 0x0000000099a00000| Untracked 
| 271|0x0000000099b00000, 0x0000000099b00000, 0x0000000099c00000|  0%| F|  |TAMS 0x0000000099b00000| PB 0x0000000099b00000| Untracked 
| 272|0x0000000099c00000, 0x0000000099d00000, 0x0000000099d00000|100%| O|  |TAMS 0x0000000099c00000| PB 0x0000000099c00000| Untracked 
| 273|0x0000000099d00000, 0x0000000099d00000, 0x0000000099e00000|  0%| F|  |TAMS 0x0000000099d00000| PB 0x0000000099d00000| Untracked 
| 274|0x0000000099e00000, 0x0000000099e00000, 0x0000000099f00000|  0%| F|  |TAMS 0x0000000099e00000| PB 0x0000000099e00000| Untracked 
| 275|0x0000000099f00000, 0x0000000099f00000, 0x000000009a000000|  0%| F|  |TAMS 0x0000000099f00000| PB 0x0000000099f00000| Untracked 
| 276|0x000000009a000000, 0x000000009a000000, 0x000000009a100000|  0%| F|  |TAMS 0x000000009a000000| PB 0x000000009a000000| Untracked 
| 277|0x000000009a100000, 0x000000009a100000, 0x000000009a200000|  0%| F|  |TAMS 0x000000009a100000| PB 0x000000009a100000| Untracked 
| 278|0x000000009a200000, 0x000000009a200000, 0x000000009a300000|  0%| F|  |TAMS 0x000000009a200000| PB 0x000000009a200000| Untracked 
| 279|0x000000009a300000, 0x000000009a300000, 0x000000009a400000|  0%| F|  |TAMS 0x000000009a300000| PB 0x000000009a300000| Untracked 
| 280|0x000000009a400000, 0x000000009a400000, 0x000000009a500000|  0%| F|  |TAMS 0x000000009a400000| PB 0x000000009a400000| Untracked 
| 281|0x000000009a500000, 0x000000009a500000, 0x000000009a600000|  0%| F|  |TAMS 0x000000009a500000| PB 0x000000009a500000| Untracked 
| 282|0x000000009a600000, 0x000000009a600000, 0x000000009a700000|  0%| F|  |TAMS 0x000000009a600000| PB 0x000000009a600000| Untracked 
| 283|0x000000009a700000, 0x000000009a700000, 0x000000009a800000|  0%| F|  |TAMS 0x000000009a700000| PB 0x000000009a700000| Untracked 
| 284|0x000000009a800000, 0x000000009a800000, 0x000000009a900000|  0%| F|  |TAMS 0x000000009a800000| PB 0x000000009a800000| Untracked 
| 285|0x000000009a900000, 0x000000009a900000, 0x000000009aa00000|  0%| F|  |TAMS 0x000000009a900000| PB 0x000000009a900000| Untracked 
| 286|0x000000009aa00000, 0x000000009aa00000, 0x000000009ab00000|  0%| F|  |TAMS 0x000000009aa00000| PB 0x000000009aa00000| Untracked 
| 287|0x000000009ab00000, 0x000000009ab00000, 0x000000009ac00000|  0%| F|  |TAMS 0x000000009ab00000| PB 0x000000009ab00000| Untracked 
| 288|0x000000009ac00000, 0x000000009ac00000, 0x000000009ad00000|  0%| F|  |TAMS 0x000000009ac00000| PB 0x000000009ac00000| Untracked 
| 289|0x000000009ad00000, 0x000000009ad00000, 0x000000009ae00000|  0%| F|  |TAMS 0x000000009ad00000| PB 0x000000009ad00000| Untracked 
| 290|0x000000009ae00000, 0x000000009ae00000, 0x000000009af00000|  0%| F|  |TAMS 0x000000009ae00000| PB 0x000000009ae00000| Untracked 
| 291|0x000000009af00000, 0x000000009af00000, 0x000000009b000000|  0%| F|  |TAMS 0x000000009af00000| PB 0x000000009af00000| Untracked 
| 292|0x000000009b000000, 0x000000009b000000, 0x000000009b100000|  0%| F|  |TAMS 0x000000009b000000| PB 0x000000009b000000| Untracked 
| 293|0x000000009b100000, 0x000000009b100000, 0x000000009b200000|  0%| F|  |TAMS 0x000000009b100000| PB 0x000000009b100000| Untracked 
| 294|0x000000009b200000, 0x000000009b200000, 0x000000009b300000|  0%| F|  |TAMS 0x000000009b200000| PB 0x000000009b200000| Untracked 
| 295|0x000000009b300000, 0x000000009b300000, 0x000000009b400000|  0%| F|  |TAMS 0x000000009b300000| PB 0x000000009b300000| Untracked 
| 296|0x000000009b400000, 0x000000009b400000, 0x000000009b500000|  0%| F|  |TAMS 0x000000009b400000| PB 0x000000009b400000| Untracked 
| 297|0x000000009b500000, 0x000000009b500000, 0x000000009b600000|  0%| F|  |TAMS 0x000000009b500000| PB 0x000000009b500000| Untracked 
| 298|0x000000009b600000, 0x000000009b600000, 0x000000009b700000|  0%| F|  |TAMS 0x000000009b600000| PB 0x000000009b600000| Untracked 
| 299|0x000000009b700000, 0x000000009b700000, 0x000000009b800000|  0%| F|  |TAMS 0x000000009b700000| PB 0x000000009b700000| Untracked 
| 300|0x000000009b800000, 0x000000009b800000, 0x000000009b900000|  0%| F|  |TAMS 0x000000009b800000| PB 0x000000009b800000| Untracked 
| 301|0x000000009b900000, 0x000000009b900000, 0x000000009ba00000|  0%| F|  |TAMS 0x000000009b900000| PB 0x000000009b900000| Untracked 
| 302|0x000000009ba00000, 0x000000009ba00000, 0x000000009bb00000|  0%| F|  |TAMS 0x000000009ba00000| PB 0x000000009ba00000| Untracked 
| 303|0x000000009bb00000, 0x000000009bb00000, 0x000000009bc00000|  0%| F|  |TAMS 0x000000009bb00000| PB 0x000000009bb00000| Untracked 
| 304|0x000000009bc00000, 0x000000009bc00000, 0x000000009bd00000|  0%| F|  |TAMS 0x000000009bc00000| PB 0x000000009bc00000| Untracked 
| 305|0x000000009bd00000, 0x000000009bd00000, 0x000000009be00000|  0%| F|  |TAMS 0x000000009bd00000| PB 0x000000009bd00000| Untracked 
| 306|0x000000009be00000, 0x000000009be00000, 0x000000009bf00000|  0%| F|  |TAMS 0x000000009be00000| PB 0x000000009be00000| Untracked 
| 307|0x000000009bf00000, 0x000000009bf00000, 0x000000009c000000|  0%| F|  |TAMS 0x000000009bf00000| PB 0x000000009bf00000| Untracked 
| 308|0x000000009c000000, 0x000000009c000000, 0x000000009c100000|  0%| F|  |TAMS 0x000000009c000000| PB 0x000000009c000000| Untracked 
| 309|0x000000009c100000, 0x000000009c100000, 0x000000009c200000|  0%| F|  |TAMS 0x000000009c100000| PB 0x000000009c100000| Untracked 
| 310|0x000000009c200000, 0x000000009c200000, 0x000000009c300000|  0%| F|  |TAMS 0x000000009c200000| PB 0x000000009c200000| Untracked 
| 311|0x000000009c300000, 0x000000009c300000, 0x000000009c400000|  0%| F|  |TAMS 0x000000009c300000| PB 0x000000009c300000| Untracked 
| 312|0x000000009c400000, 0x000000009c400000, 0x000000009c500000|  0%| F|  |TAMS 0x000000009c400000| PB 0x000000009c400000| Untracked 
| 313|0x000000009c500000, 0x000000009c500000, 0x000000009c600000|  0%| F|  |TAMS 0x000000009c500000| PB 0x000000009c500000| Untracked 
| 314|0x000000009c600000, 0x000000009c600000, 0x000000009c700000|  0%| F|  |TAMS 0x000000009c600000| PB 0x000000009c600000| Untracked 
| 315|0x000000009c700000, 0x000000009c700000, 0x000000009c800000|  0%| F|  |TAMS 0x000000009c700000| PB 0x000000009c700000| Untracked 
| 316|0x000000009c800000, 0x000000009c800000, 0x000000009c900000|  0%| F|  |TAMS 0x000000009c800000| PB 0x000000009c800000| Untracked 
| 317|0x000000009c900000, 0x000000009c900000, 0x000000009ca00000|  0%| F|  |TAMS 0x000000009c900000| PB 0x000000009c900000| Untracked 
| 318|0x000000009ca00000, 0x000000009ca00000, 0x000000009cb00000|  0%| F|  |TAMS 0x000000009ca00000| PB 0x000000009ca00000| Untracked 
| 319|0x000000009cb00000, 0x000000009cb00000, 0x000000009cc00000|  0%| F|  |TAMS 0x000000009cb00000| PB 0x000000009cb00000| Untracked 
| 320|0x000000009cc00000, 0x000000009cc00000, 0x000000009cd00000|  0%| F|  |TAMS 0x000000009cc00000| PB 0x000000009cc00000| Untracked 
| 321|0x000000009cd00000, 0x000000009cd00000, 0x000000009ce00000|  0%| F|  |TAMS 0x000000009cd00000| PB 0x000000009cd00000| Untracked 
| 322|0x000000009ce00000, 0x000000009ce00000, 0x000000009cf00000|  0%| F|  |TAMS 0x000000009ce00000| PB 0x000000009ce00000| Untracked 
| 323|0x000000009cf00000, 0x000000009cf00000, 0x000000009d000000|  0%| F|  |TAMS 0x000000009cf00000| PB 0x000000009cf00000| Untracked 
| 324|0x000000009d000000, 0x000000009d000000, 0x000000009d100000|  0%| F|  |TAMS 0x000000009d000000| PB 0x000000009d000000| Untracked 
| 325|0x000000009d100000, 0x000000009d100000, 0x000000009d200000|  0%| F|  |TAMS 0x000000009d100000| PB 0x000000009d100000| Untracked 
| 326|0x000000009d200000, 0x000000009d200000, 0x000000009d300000|  0%| F|  |TAMS 0x000000009d200000| PB 0x000000009d200000| Untracked 
| 327|0x000000009d300000, 0x000000009d300000, 0x000000009d400000|  0%| F|  |TAMS 0x000000009d300000| PB 0x000000009d300000| Untracked 
| 328|0x000000009d400000, 0x000000009d400000, 0x000000009d500000|  0%| F|  |TAMS 0x000000009d400000| PB 0x000000009d400000| Untracked 
| 329|0x000000009d500000, 0x000000009d500000, 0x000000009d600000|  0%| F|  |TAMS 0x000000009d500000| PB 0x000000009d500000| Untracked 
| 330|0x000000009d600000, 0x000000009d600000, 0x000000009d700000|  0%| F|  |TAMS 0x000000009d600000| PB 0x000000009d600000| Untracked 
| 331|0x000000009d700000, 0x000000009d700000, 0x000000009d800000|  0%| F|  |TAMS 0x000000009d700000| PB 0x000000009d700000| Untracked 
| 332|0x000000009d800000, 0x000000009d800000, 0x000000009d900000|  0%| F|  |TAMS 0x000000009d800000| PB 0x000000009d800000| Untracked 
| 333|0x000000009d900000, 0x000000009d900000, 0x000000009da00000|  0%| F|  |TAMS 0x000000009d900000| PB 0x000000009d900000| Untracked 
| 334|0x000000009da00000, 0x000000009da00000, 0x000000009db00000|  0%| F|  |TAMS 0x000000009da00000| PB 0x000000009da00000| Untracked 
| 335|0x000000009db00000, 0x000000009db00000, 0x000000009dc00000|  0%| F|  |TAMS 0x000000009db00000| PB 0x000000009db00000| Untracked 
| 336|0x000000009dc00000, 0x000000009dc00000, 0x000000009dd00000|  0%| F|  |TAMS 0x000000009dc00000| PB 0x000000009dc00000| Untracked 
| 337|0x000000009dd00000, 0x000000009dd00000, 0x000000009de00000|  0%| F|  |TAMS 0x000000009dd00000| PB 0x000000009dd00000| Untracked 
| 338|0x000000009de00000, 0x000000009de00000, 0x000000009df00000|  0%| F|  |TAMS 0x000000009de00000| PB 0x000000009de00000| Untracked 
| 339|0x000000009df00000, 0x000000009df00000, 0x000000009e000000|  0%| F|  |TAMS 0x000000009df00000| PB 0x000000009df00000| Untracked 
| 340|0x000000009e000000, 0x000000009e000000, 0x000000009e100000|  0%| F|  |TAMS 0x000000009e000000| PB 0x000000009e000000| Untracked 
| 341|0x000000009e100000, 0x000000009e100000, 0x000000009e200000|  0%| F|  |TAMS 0x000000009e100000| PB 0x000000009e100000| Untracked 
| 342|0x000000009e200000, 0x000000009e200000, 0x000000009e300000|  0%| F|  |TAMS 0x000000009e200000| PB 0x000000009e200000| Untracked 
| 343|0x000000009e300000, 0x000000009e300000, 0x000000009e400000|  0%| F|  |TAMS 0x000000009e300000| PB 0x000000009e300000| Untracked 
| 344|0x000000009e400000, 0x000000009e500000, 0x000000009e500000|100%| O|  |TAMS 0x000000009e400000| PB 0x000000009e400000| Untracked 
| 345|0x000000009e500000, 0x000000009e600000, 0x000000009e600000|100%| O|  |TAMS 0x000000009e500000| PB 0x000000009e500000| Untracked 
| 346|0x000000009e600000, 0x000000009e600000, 0x000000009e700000|  0%| F|  |TAMS 0x000000009e600000| PB 0x000000009e600000| Untracked 
| 347|0x000000009e700000, 0x000000009e700000, 0x000000009e800000|  0%| F|  |TAMS 0x000000009e700000| PB 0x000000009e700000| Untracked 
| 348|0x000000009e800000, 0x000000009e800000, 0x000000009e900000|  0%| F|  |TAMS 0x000000009e800000| PB 0x000000009e800000| Untracked 
| 349|0x000000009e900000, 0x000000009e900000, 0x000000009ea00000|  0%| F|  |TAMS 0x000000009e900000| PB 0x000000009e900000| Untracked 
| 350|0x000000009ea00000, 0x000000009ea00000, 0x000000009eb00000|  0%| F|  |TAMS 0x000000009ea00000| PB 0x000000009ea00000| Untracked 
| 351|0x000000009eb00000, 0x000000009eb00000, 0x000000009ec00000|  0%| F|  |TAMS 0x000000009eb00000| PB 0x000000009eb00000| Untracked 
| 352|0x000000009ec00000, 0x000000009ec00000, 0x000000009ed00000|  0%| F|  |TAMS 0x000000009ec00000| PB 0x000000009ec00000| Untracked 
| 353|0x000000009ed00000, 0x000000009ed00000, 0x000000009ee00000|  0%| F|  |TAMS 0x000000009ed00000| PB 0x000000009ed00000| Untracked 
| 354|0x000000009ee00000, 0x000000009ef00000, 0x000000009ef00000|100%|HS|  |TAMS 0x000000009ee00000| PB 0x000000009ee00000| Complete 
| 355|0x000000009ef00000, 0x000000009ef00000, 0x000000009f000000|  0%| F|  |TAMS 0x000000009ef00000| PB 0x000000009ef00000| Untracked 
| 356|0x000000009f000000, 0x000000009f000000, 0x000000009f100000|  0%| F|  |TAMS 0x000000009f000000| PB 0x000000009f000000| Untracked 
| 357|0x000000009f100000, 0x000000009f100000, 0x000000009f200000|  0%| F|  |TAMS 0x000000009f100000| PB 0x000000009f100000| Untracked 
| 358|0x000000009f200000, 0x000000009f200000, 0x000000009f300000|  0%| F|  |TAMS 0x000000009f200000| PB 0x000000009f200000| Untracked 
| 359|0x000000009f300000, 0x000000009f300000, 0x000000009f400000|  0%| F|  |TAMS 0x000000009f300000| PB 0x000000009f300000| Untracked 
| 360|0x000000009f400000, 0x000000009f400000, 0x000000009f500000|  0%| F|  |TAMS 0x000000009f400000| PB 0x000000009f400000| Untracked 
| 361|0x000000009f500000, 0x000000009f500000, 0x000000009f600000|  0%| F|  |TAMS 0x000000009f500000| PB 0x000000009f500000| Untracked 
| 362|0x000000009f600000, 0x000000009f600000, 0x000000009f700000|  0%| F|  |TAMS 0x000000009f600000| PB 0x000000009f600000| Untracked 
| 363|0x000000009f700000, 0x000000009f700000, 0x000000009f800000|  0%| F|  |TAMS 0x000000009f700000| PB 0x000000009f700000| Untracked 
| 364|0x000000009f800000, 0x000000009f800000, 0x000000009f900000|  0%| F|  |TAMS 0x000000009f800000| PB 0x000000009f800000| Untracked 
| 365|0x000000009f900000, 0x000000009f900000, 0x000000009fa00000|  0%| F|  |TAMS 0x000000009f900000| PB 0x000000009f900000| Untracked 
| 366|0x000000009fa00000, 0x000000009fa00000, 0x000000009fb00000|  0%| F|  |TAMS 0x000000009fa00000| PB 0x000000009fa00000| Untracked 
| 367|0x000000009fb00000, 0x000000009fb00000, 0x000000009fc00000|  0%| F|  |TAMS 0x000000009fb00000| PB 0x000000009fb00000| Untracked 
| 368|0x000000009fc00000, 0x000000009fc00000, 0x000000009fd00000|  0%| F|  |TAMS 0x000000009fc00000| PB 0x000000009fc00000| Untracked 
| 369|0x000000009fd00000, 0x000000009fd00000, 0x000000009fe00000|  0%| F|  |TAMS 0x000000009fd00000| PB 0x000000009fd00000| Untracked 
| 370|0x000000009fe00000, 0x000000009fe00000, 0x000000009ff00000|  0%| F|  |TAMS 0x000000009fe00000| PB 0x000000009fe00000| Untracked 
| 371|0x000000009ff00000, 0x000000009ff00000, 0x00000000a0000000|  0%| F|  |TAMS 0x000000009ff00000| PB 0x000000009ff00000| Untracked 
| 372|0x00000000a0000000, 0x00000000a0000000, 0x00000000a0100000|  0%| F|  |TAMS 0x00000000a0000000| PB 0x00000000a0000000| Untracked 
| 373|0x00000000a0100000, 0x00000000a0100000, 0x00000000a0200000|  0%| F|  |TAMS 0x00000000a0100000| PB 0x00000000a0100000| Untracked 
| 374|0x00000000a0200000, 0x00000000a0200000, 0x00000000a0300000|  0%| F|  |TAMS 0x00000000a0200000| PB 0x00000000a0200000| Untracked 
| 375|0x00000000a0300000, 0x00000000a0300000, 0x00000000a0400000|  0%| F|  |TAMS 0x00000000a0300000| PB 0x00000000a0300000| Untracked 
| 376|0x00000000a0400000, 0x00000000a0400000, 0x00000000a0500000|  0%| F|  |TAMS 0x00000000a0400000| PB 0x00000000a0400000| Untracked 
| 377|0x00000000a0500000, 0x00000000a0500000, 0x00000000a0600000|  0%| F|  |TAMS 0x00000000a0500000| PB 0x00000000a0500000| Untracked 
| 378|0x00000000a0600000, 0x00000000a0600000, 0x00000000a0700000|  0%| F|  |TAMS 0x00000000a0600000| PB 0x00000000a0600000| Untracked 
| 379|0x00000000a0700000, 0x00000000a0700000, 0x00000000a0800000|  0%| F|  |TAMS 0x00000000a0700000| PB 0x00000000a0700000| Untracked 
| 380|0x00000000a0800000, 0x00000000a0800000, 0x00000000a0900000|  0%| F|  |TAMS 0x00000000a0800000| PB 0x00000000a0800000| Untracked 
| 381|0x00000000a0900000, 0x00000000a0900000, 0x00000000a0a00000|  0%| F|  |TAMS 0x00000000a0900000| PB 0x00000000a0900000| Untracked 
| 382|0x00000000a0a00000, 0x00000000a0a00000, 0x00000000a0b00000|  0%| F|  |TAMS 0x00000000a0a00000| PB 0x00000000a0a00000| Untracked 
| 383|0x00000000a0b00000, 0x00000000a0b00000, 0x00000000a0c00000|  0%| F|  |TAMS 0x00000000a0b00000| PB 0x00000000a0b00000| Untracked 
| 384|0x00000000a0c00000, 0x00000000a0c00000, 0x00000000a0d00000|  0%| F|  |TAMS 0x00000000a0c00000| PB 0x00000000a0c00000| Untracked 
| 385|0x00000000a0d00000, 0x00000000a0d00000, 0x00000000a0e00000|  0%| F|  |TAMS 0x00000000a0d00000| PB 0x00000000a0d00000| Untracked 
| 386|0x00000000a0e00000, 0x00000000a0e00000, 0x00000000a0f00000|  0%| F|  |TAMS 0x00000000a0e00000| PB 0x00000000a0e00000| Untracked 
| 387|0x00000000a0f00000, 0x00000000a0f00000, 0x00000000a1000000|  0%| F|  |TAMS 0x00000000a0f00000| PB 0x00000000a0f00000| Untracked 
| 388|0x00000000a1000000, 0x00000000a1000000, 0x00000000a1100000|  0%| F|  |TAMS 0x00000000a1000000| PB 0x00000000a1000000| Untracked 
| 389|0x00000000a1100000, 0x00000000a1100000, 0x00000000a1200000|  0%| F|  |TAMS 0x00000000a1100000| PB 0x00000000a1100000| Untracked 
| 390|0x00000000a1200000, 0x00000000a1200000, 0x00000000a1300000|  0%| F|  |TAMS 0x00000000a1200000| PB 0x00000000a1200000| Untracked 
| 391|0x00000000a1300000, 0x00000000a1300000, 0x00000000a1400000|  0%| F|  |TAMS 0x00000000a1300000| PB 0x00000000a1300000| Untracked 
| 392|0x00000000a1400000, 0x00000000a1400000, 0x00000000a1500000|  0%| F|  |TAMS 0x00000000a1400000| PB 0x00000000a1400000| Untracked 
| 393|0x00000000a1500000, 0x00000000a1500000, 0x00000000a1600000|  0%| F|  |TAMS 0x00000000a1500000| PB 0x00000000a1500000| Untracked 
| 394|0x00000000a1600000, 0x00000000a16cbb60, 0x00000000a1700000| 79%| S|CS|TAMS 0x00000000a1600000| PB 0x00000000a1600000| Complete 
| 395|0x00000000a1700000, 0x00000000a1800000, 0x00000000a1800000|100%| S|CS|TAMS 0x00000000a1700000| PB 0x00000000a1700000| Complete 
| 396|0x00000000a1800000, 0x00000000a1900000, 0x00000000a1900000|100%| S|CS|TAMS 0x00000000a1800000| PB 0x00000000a1800000| Complete 
| 397|0x00000000a1900000, 0x00000000a1a00000, 0x00000000a1a00000|100%| S|CS|TAMS 0x00000000a1900000| PB 0x00000000a1900000| Complete 
| 398|0x00000000a1a00000, 0x00000000a1b00000, 0x00000000a1b00000|100%| S|CS|TAMS 0x00000000a1a00000| PB 0x00000000a1a00000| Complete 
| 399|0x00000000a1b00000, 0x00000000a1c00000, 0x00000000a1c00000|100%| S|CS|TAMS 0x00000000a1b00000| PB 0x00000000a1b00000| Complete 
| 400|0x00000000a1c00000, 0x00000000a1d00000, 0x00000000a1d00000|100%| S|CS|TAMS 0x00000000a1c00000| PB 0x00000000a1c00000| Complete 
| 401|0x00000000a1d00000, 0x00000000a1e00000, 0x00000000a1e00000|100%| S|CS|TAMS 0x00000000a1d00000| PB 0x00000000a1d00000| Complete 
| 402|0x00000000a1e00000, 0x00000000a1f00000, 0x00000000a1f00000|100%| S|CS|TAMS 0x00000000a1e00000| PB 0x00000000a1e00000| Complete 
| 403|0x00000000a1f00000, 0x00000000a2000000, 0x00000000a2000000|100%| S|CS|TAMS 0x00000000a1f00000| PB 0x00000000a1f00000| Complete 
| 404|0x00000000a2000000, 0x00000000a2100000, 0x00000000a2100000|100%| S|CS|TAMS 0x00000000a2000000| PB 0x00000000a2000000| Complete 
| 405|0x00000000a2100000, 0x00000000a2200000, 0x00000000a2200000|100%| S|CS|TAMS 0x00000000a2100000| PB 0x00000000a2100000| Complete 
| 406|0x00000000a2200000, 0x00000000a2200000, 0x00000000a2300000|  0%| F|  |TAMS 0x00000000a2200000| PB 0x00000000a2200000| Untracked 
| 407|0x00000000a2300000, 0x00000000a2300000, 0x00000000a2400000|  0%| F|  |TAMS 0x00000000a2300000| PB 0x00000000a2300000| Untracked 
| 408|0x00000000a2400000, 0x00000000a2400000, 0x00000000a2500000|  0%| F|  |TAMS 0x00000000a2400000| PB 0x00000000a2400000| Untracked 
| 409|0x00000000a2500000, 0x00000000a2500000, 0x00000000a2600000|  0%| F|  |TAMS 0x00000000a2500000| PB 0x00000000a2500000| Untracked 
| 410|0x00000000a2600000, 0x00000000a2600000, 0x00000000a2700000|  0%| F|  |TAMS 0x00000000a2600000| PB 0x00000000a2600000| Untracked 
| 411|0x00000000a2700000, 0x00000000a2700000, 0x00000000a2800000|  0%| F|  |TAMS 0x00000000a2700000| PB 0x00000000a2700000| Untracked 
| 412|0x00000000a2800000, 0x00000000a2800000, 0x00000000a2900000|  0%| F|  |TAMS 0x00000000a2800000| PB 0x00000000a2800000| Untracked 
| 413|0x00000000a2900000, 0x00000000a2900000, 0x00000000a2a00000|  0%| F|  |TAMS 0x00000000a2900000| PB 0x00000000a2900000| Untracked 
| 414|0x00000000a2a00000, 0x00000000a2a00000, 0x00000000a2b00000|  0%| F|  |TAMS 0x00000000a2a00000| PB 0x00000000a2a00000| Untracked 
| 415|0x00000000a2b00000, 0x00000000a2b00000, 0x00000000a2c00000|  0%| F|  |TAMS 0x00000000a2b00000| PB 0x00000000a2b00000| Untracked 
| 416|0x00000000a2c00000, 0x00000000a2c00000, 0x00000000a2d00000|  0%| F|  |TAMS 0x00000000a2c00000| PB 0x00000000a2c00000| Untracked 
| 417|0x00000000a2d00000, 0x00000000a2d00000, 0x00000000a2e00000|  0%| F|  |TAMS 0x00000000a2d00000| PB 0x00000000a2d00000| Untracked 
| 418|0x00000000a2e00000, 0x00000000a2e00000, 0x00000000a2f00000|  0%| F|  |TAMS 0x00000000a2e00000| PB 0x00000000a2e00000| Untracked 
| 419|0x00000000a2f00000, 0x00000000a2f00000, 0x00000000a3000000|  0%| F|  |TAMS 0x00000000a2f00000| PB 0x00000000a2f00000| Untracked 
| 420|0x00000000a3000000, 0x00000000a3000000, 0x00000000a3100000|  0%| F|  |TAMS 0x00000000a3000000| PB 0x00000000a3000000| Untracked 
| 421|0x00000000a3100000, 0x00000000a3100000, 0x00000000a3200000|  0%| F|  |TAMS 0x00000000a3100000| PB 0x00000000a3100000| Untracked 
| 422|0x00000000a3200000, 0x00000000a3200000, 0x00000000a3300000|  0%| F|  |TAMS 0x00000000a3200000| PB 0x00000000a3200000| Untracked 
| 423|0x00000000a3300000, 0x00000000a3300000, 0x00000000a3400000|  0%| F|  |TAMS 0x00000000a3300000| PB 0x00000000a3300000| Untracked 
| 424|0x00000000a3400000, 0x00000000a3400000, 0x00000000a3500000|  0%| F|  |TAMS 0x00000000a3400000| PB 0x00000000a3400000| Untracked 
| 425|0x00000000a3500000, 0x00000000a3500000, 0x00000000a3600000|  0%| F|  |TAMS 0x00000000a3500000| PB 0x00000000a3500000| Untracked 
| 426|0x00000000a3600000, 0x00000000a3600000, 0x00000000a3700000|  0%| F|  |TAMS 0x00000000a3600000| PB 0x00000000a3600000| Untracked 
| 427|0x00000000a3700000, 0x00000000a3700000, 0x00000000a3800000|  0%| F|  |TAMS 0x00000000a3700000| PB 0x00000000a3700000| Untracked 
| 428|0x00000000a3800000, 0x00000000a3800000, 0x00000000a3900000|  0%| F|  |TAMS 0x00000000a3800000| PB 0x00000000a3800000| Untracked 
| 429|0x00000000a3900000, 0x00000000a3900000, 0x00000000a3a00000|  0%| F|  |TAMS 0x00000000a3900000| PB 0x00000000a3900000| Untracked 
| 430|0x00000000a3a00000, 0x00000000a3a00000, 0x00000000a3b00000|  0%| F|  |TAMS 0x00000000a3a00000| PB 0x00000000a3a00000| Untracked 
| 431|0x00000000a3b00000, 0x00000000a3b00000, 0x00000000a3c00000|  0%| F|  |TAMS 0x00000000a3b00000| PB 0x00000000a3b00000| Untracked 
| 432|0x00000000a3c00000, 0x00000000a3c00000, 0x00000000a3d00000|  0%| F|  |TAMS 0x00000000a3c00000| PB 0x00000000a3c00000| Untracked 
| 433|0x00000000a3d00000, 0x00000000a3d00000, 0x00000000a3e00000|  0%| F|  |TAMS 0x00000000a3d00000| PB 0x00000000a3d00000| Untracked 
| 434|0x00000000a3e00000, 0x00000000a3e00000, 0x00000000a3f00000|  0%| F|  |TAMS 0x00000000a3e00000| PB 0x00000000a3e00000| Untracked 
| 435|0x00000000a3f00000, 0x00000000a3f00000, 0x00000000a4000000|  0%| F|  |TAMS 0x00000000a3f00000| PB 0x00000000a3f00000| Untracked 
| 436|0x00000000a4000000, 0x00000000a4000000, 0x00000000a4100000|  0%| F|  |TAMS 0x00000000a4000000| PB 0x00000000a4000000| Untracked 
| 437|0x00000000a4100000, 0x00000000a4100000, 0x00000000a4200000|  0%| F|  |TAMS 0x00000000a4100000| PB 0x00000000a4100000| Untracked 
| 438|0x00000000a4200000, 0x00000000a4200000, 0x00000000a4300000|  0%| F|  |TAMS 0x00000000a4200000| PB 0x00000000a4200000| Untracked 
| 439|0x00000000a4300000, 0x00000000a4300000, 0x00000000a4400000|  0%| F|  |TAMS 0x00000000a4300000| PB 0x00000000a4300000| Untracked 
| 440|0x00000000a4400000, 0x00000000a4400000, 0x00000000a4500000|  0%| F|  |TAMS 0x00000000a4400000| PB 0x00000000a4400000| Untracked 
| 441|0x00000000a4500000, 0x00000000a4500000, 0x00000000a4600000|  0%| F|  |TAMS 0x00000000a4500000| PB 0x00000000a4500000| Untracked 
| 442|0x00000000a4600000, 0x00000000a4600000, 0x00000000a4700000|  0%| F|  |TAMS 0x00000000a4600000| PB 0x00000000a4600000| Untracked 
| 443|0x00000000a4700000, 0x00000000a4700000, 0x00000000a4800000|  0%| F|  |TAMS 0x00000000a4700000| PB 0x00000000a4700000| Untracked 
| 444|0x00000000a4800000, 0x00000000a4800000, 0x00000000a4900000|  0%| F|  |TAMS 0x00000000a4800000| PB 0x00000000a4800000| Untracked 
| 445|0x00000000a4900000, 0x00000000a4900000, 0x00000000a4a00000|  0%| F|  |TAMS 0x00000000a4900000| PB 0x00000000a4900000| Untracked 
| 446|0x00000000a4a00000, 0x00000000a4a00000, 0x00000000a4b00000|  0%| F|  |TAMS 0x00000000a4a00000| PB 0x00000000a4a00000| Untracked 
| 447|0x00000000a4b00000, 0x00000000a4b00000, 0x00000000a4c00000|  0%| F|  |TAMS 0x00000000a4b00000| PB 0x00000000a4b00000| Untracked 
| 448|0x00000000a4c00000, 0x00000000a4c00000, 0x00000000a4d00000|  0%| F|  |TAMS 0x00000000a4c00000| PB 0x00000000a4c00000| Untracked 
| 449|0x00000000a4d00000, 0x00000000a4d00000, 0x00000000a4e00000|  0%| F|  |TAMS 0x00000000a4d00000| PB 0x00000000a4d00000| Untracked 
| 450|0x00000000a4e00000, 0x00000000a4e00000, 0x00000000a4f00000|  0%| F|  |TAMS 0x00000000a4e00000| PB 0x00000000a4e00000| Untracked 
| 451|0x00000000a4f00000, 0x00000000a4f00000, 0x00000000a5000000|  0%| F|  |TAMS 0x00000000a4f00000| PB 0x00000000a4f00000| Untracked 
| 452|0x00000000a5000000, 0x00000000a5000000, 0x00000000a5100000|  0%| F|  |TAMS 0x00000000a5000000| PB 0x00000000a5000000| Untracked 
| 453|0x00000000a5100000, 0x00000000a5100000, 0x00000000a5200000|  0%| F|  |TAMS 0x00000000a5100000| PB 0x00000000a5100000| Untracked 
| 454|0x00000000a5200000, 0x00000000a5200000, 0x00000000a5300000|  0%| F|  |TAMS 0x00000000a5200000| PB 0x00000000a5200000| Untracked 
| 455|0x00000000a5300000, 0x00000000a5300000, 0x00000000a5400000|  0%| F|  |TAMS 0x00000000a5300000| PB 0x00000000a5300000| Untracked 
| 456|0x00000000a5400000, 0x00000000a5400000, 0x00000000a5500000|  0%| F|  |TAMS 0x00000000a5400000| PB 0x00000000a5400000| Untracked 
| 457|0x00000000a5500000, 0x00000000a5500000, 0x00000000a5600000|  0%| F|  |TAMS 0x00000000a5500000| PB 0x00000000a5500000| Untracked 
| 458|0x00000000a5600000, 0x00000000a5600000, 0x00000000a5700000|  0%| F|  |TAMS 0x00000000a5600000| PB 0x00000000a5600000| Untracked 
| 459|0x00000000a5700000, 0x00000000a5700000, 0x00000000a5800000|  0%| F|  |TAMS 0x00000000a5700000| PB 0x00000000a5700000| Untracked 
| 460|0x00000000a5800000, 0x00000000a5800000, 0x00000000a5900000|  0%| F|  |TAMS 0x00000000a5800000| PB 0x00000000a5800000| Untracked 
| 461|0x00000000a5900000, 0x00000000a5900000, 0x00000000a5a00000|  0%| F|  |TAMS 0x00000000a5900000| PB 0x00000000a5900000| Untracked 
| 462|0x00000000a5a00000, 0x00000000a5a00000, 0x00000000a5b00000|  0%| F|  |TAMS 0x00000000a5a00000| PB 0x00000000a5a00000| Untracked 
| 463|0x00000000a5b00000, 0x00000000a5b00000, 0x00000000a5c00000|  0%| F|  |TAMS 0x00000000a5b00000| PB 0x00000000a5b00000| Untracked 
| 464|0x00000000a5c00000, 0x00000000a5c00000, 0x00000000a5d00000|  0%| F|  |TAMS 0x00000000a5c00000| PB 0x00000000a5c00000| Untracked 
| 465|0x00000000a5d00000, 0x00000000a5d00000, 0x00000000a5e00000|  0%| F|  |TAMS 0x00000000a5d00000| PB 0x00000000a5d00000| Untracked 
| 466|0x00000000a5e00000, 0x00000000a5e00000, 0x00000000a5f00000|  0%| F|  |TAMS 0x00000000a5e00000| PB 0x00000000a5e00000| Untracked 
| 467|0x00000000a5f00000, 0x00000000a5f00000, 0x00000000a6000000|  0%| F|  |TAMS 0x00000000a5f00000| PB 0x00000000a5f00000| Untracked 
| 468|0x00000000a6000000, 0x00000000a6000000, 0x00000000a6100000|  0%| F|  |TAMS 0x00000000a6000000| PB 0x00000000a6000000| Untracked 
| 469|0x00000000a6100000, 0x00000000a6100000, 0x00000000a6200000|  0%| F|  |TAMS 0x00000000a6100000| PB 0x00000000a6100000| Untracked 
| 470|0x00000000a6200000, 0x00000000a6200000, 0x00000000a6300000|  0%| F|  |TAMS 0x00000000a6200000| PB 0x00000000a6200000| Untracked 
| 471|0x00000000a6300000, 0x00000000a6300000, 0x00000000a6400000|  0%| F|  |TAMS 0x00000000a6300000| PB 0x00000000a6300000| Untracked 
| 472|0x00000000a6400000, 0x00000000a6400000, 0x00000000a6500000|  0%| F|  |TAMS 0x00000000a6400000| PB 0x00000000a6400000| Untracked 
| 473|0x00000000a6500000, 0x00000000a6500000, 0x00000000a6600000|  0%| F|  |TAMS 0x00000000a6500000| PB 0x00000000a6500000| Untracked 
| 474|0x00000000a6600000, 0x00000000a6600000, 0x00000000a6700000|  0%| F|  |TAMS 0x00000000a6600000| PB 0x00000000a6600000| Untracked 
| 475|0x00000000a6700000, 0x00000000a6700000, 0x00000000a6800000|  0%| F|  |TAMS 0x00000000a6700000| PB 0x00000000a6700000| Untracked 
| 476|0x00000000a6800000, 0x00000000a6800000, 0x00000000a6900000|  0%| F|  |TAMS 0x00000000a6800000| PB 0x00000000a6800000| Untracked 
| 477|0x00000000a6900000, 0x00000000a6900000, 0x00000000a6a00000|  0%| F|  |TAMS 0x00000000a6900000| PB 0x00000000a6900000| Untracked 
| 478|0x00000000a6a00000, 0x00000000a6a00000, 0x00000000a6b00000|  0%| F|  |TAMS 0x00000000a6a00000| PB 0x00000000a6a00000| Untracked 
| 479|0x00000000a6b00000, 0x00000000a6b00000, 0x00000000a6c00000|  0%| F|  |TAMS 0x00000000a6b00000| PB 0x00000000a6b00000| Untracked 
| 480|0x00000000a6c00000, 0x00000000a6c00000, 0x00000000a6d00000|  0%| F|  |TAMS 0x00000000a6c00000| PB 0x00000000a6c00000| Untracked 
| 481|0x00000000a6d00000, 0x00000000a6d00000, 0x00000000a6e00000|  0%| F|  |TAMS 0x00000000a6d00000| PB 0x00000000a6d00000| Untracked 
| 482|0x00000000a6e00000, 0x00000000a6e00000, 0x00000000a6f00000|  0%| F|  |TAMS 0x00000000a6e00000| PB 0x00000000a6e00000| Untracked 
| 483|0x00000000a6f00000, 0x00000000a6f00000, 0x00000000a7000000|  0%| F|  |TAMS 0x00000000a6f00000| PB 0x00000000a6f00000| Untracked 
| 484|0x00000000a7000000, 0x00000000a7000000, 0x00000000a7100000|  0%| F|  |TAMS 0x00000000a7000000| PB 0x00000000a7000000| Untracked 
| 485|0x00000000a7100000, 0x00000000a7100000, 0x00000000a7200000|  0%| F|  |TAMS 0x00000000a7100000| PB 0x00000000a7100000| Untracked 
| 486|0x00000000a7200000, 0x00000000a7200000, 0x00000000a7300000|  0%| F|  |TAMS 0x00000000a7200000| PB 0x00000000a7200000| Untracked 
| 487|0x00000000a7300000, 0x00000000a7300000, 0x00000000a7400000|  0%| F|  |TAMS 0x00000000a7300000| PB 0x00000000a7300000| Untracked 
| 488|0x00000000a7400000, 0x00000000a7400000, 0x00000000a7500000|  0%| F|  |TAMS 0x00000000a7400000| PB 0x00000000a7400000| Untracked 
| 489|0x00000000a7500000, 0x00000000a7500000, 0x00000000a7600000|  0%| F|  |TAMS 0x00000000a7500000| PB 0x00000000a7500000| Untracked 
| 490|0x00000000a7600000, 0x00000000a7600000, 0x00000000a7700000|  0%| F|  |TAMS 0x00000000a7600000| PB 0x00000000a7600000| Untracked 
| 491|0x00000000a7700000, 0x00000000a7700000, 0x00000000a7800000|  0%| F|  |TAMS 0x00000000a7700000| PB 0x00000000a7700000| Untracked 
| 492|0x00000000a7800000, 0x00000000a7800000, 0x00000000a7900000|  0%| F|  |TAMS 0x00000000a7800000| PB 0x00000000a7800000| Untracked 
| 493|0x00000000a7900000, 0x00000000a7900000, 0x00000000a7a00000|  0%| F|  |TAMS 0x00000000a7900000| PB 0x00000000a7900000| Untracked 
| 494|0x00000000a7a00000, 0x00000000a7a82010, 0x00000000a7b00000| 50%| E|  |TAMS 0x00000000a7a00000| PB 0x00000000a7a00000| Complete 
| 495|0x00000000a7b00000, 0x00000000a7c00000, 0x00000000a7c00000|100%| E|CS|TAMS 0x00000000a7b00000| PB 0x00000000a7b00000| Complete 
| 496|0x00000000a7c00000, 0x00000000a7d00000, 0x00000000a7d00000|100%| E|CS|TAMS 0x00000000a7c00000| PB 0x00000000a7c00000| Complete 
| 497|0x00000000a7d00000, 0x00000000a7e00000, 0x00000000a7e00000|100%| E|CS|TAMS 0x00000000a7d00000| PB 0x00000000a7d00000| Complete 
| 498|0x00000000a7e00000, 0x00000000a7f00000, 0x00000000a7f00000|100%| E|CS|TAMS 0x00000000a7e00000| PB 0x00000000a7e00000| Complete 
| 499|0x00000000a7f00000, 0x00000000a8000000, 0x00000000a8000000|100%| E|CS|TAMS 0x00000000a7f00000| PB 0x00000000a7f00000| Complete 
| 500|0x00000000a8000000, 0x00000000a8100000, 0x00000000a8100000|100%| E|CS|TAMS 0x00000000a8000000| PB 0x00000000a8000000| Complete 
| 501|0x00000000a8100000, 0x00000000a8200000, 0x00000000a8200000|100%| E|CS|TAMS 0x00000000a8100000| PB 0x00000000a8100000| Complete 
| 502|0x00000000a8200000, 0x00000000a8300000, 0x00000000a8300000|100%| E|CS|TAMS 0x00000000a8200000| PB 0x00000000a8200000| Complete 
| 503|0x00000000a8300000, 0x00000000a8400000, 0x00000000a8400000|100%| E|CS|TAMS 0x00000000a8300000| PB 0x00000000a8300000| Complete 
| 504|0x00000000a8400000, 0x00000000a8500000, 0x00000000a8500000|100%| E|CS|TAMS 0x00000000a8400000| PB 0x00000000a8400000| Complete 
| 505|0x00000000a8500000, 0x00000000a8600000, 0x00000000a8600000|100%| E|CS|TAMS 0x00000000a8500000| PB 0x00000000a8500000| Complete 
| 506|0x00000000a8600000, 0x00000000a8700000, 0x00000000a8700000|100%| E|CS|TAMS 0x00000000a8600000| PB 0x00000000a8600000| Complete 
| 507|0x00000000a8700000, 0x00000000a8800000, 0x00000000a8800000|100%| E|CS|TAMS 0x00000000a8700000| PB 0x00000000a8700000| Complete 
| 508|0x00000000a8800000, 0x00000000a8900000, 0x00000000a8900000|100%| E|CS|TAMS 0x00000000a8800000| PB 0x00000000a8800000| Complete 
| 509|0x00000000a8900000, 0x00000000a8a00000, 0x00000000a8a00000|100%| E|CS|TAMS 0x00000000a8900000| PB 0x00000000a8900000| Complete 
| 510|0x00000000a8a00000, 0x00000000a8b00000, 0x00000000a8b00000|100%| E|CS|TAMS 0x00000000a8a00000| PB 0x00000000a8a00000| Complete 
| 511|0x00000000a8b00000, 0x00000000a8c00000, 0x00000000a8c00000|100%| E|CS|TAMS 0x00000000a8b00000| PB 0x00000000a8b00000| Complete 
| 512|0x00000000a8c00000, 0x00000000a8d00000, 0x00000000a8d00000|100%| E|CS|TAMS 0x00000000a8c00000| PB 0x00000000a8c00000| Complete 
| 513|0x00000000a8d00000, 0x00000000a8e00000, 0x00000000a8e00000|100%| E|CS|TAMS 0x00000000a8d00000| PB 0x00000000a8d00000| Complete 
| 514|0x00000000a8e00000, 0x00000000a8f00000, 0x00000000a8f00000|100%| E|CS|TAMS 0x00000000a8e00000| PB 0x00000000a8e00000| Complete 
| 515|0x00000000a8f00000, 0x00000000a9000000, 0x00000000a9000000|100%| E|CS|TAMS 0x00000000a8f00000| PB 0x00000000a8f00000| Complete 
| 516|0x00000000a9000000, 0x00000000a9100000, 0x00000000a9100000|100%| E|CS|TAMS 0x00000000a9000000| PB 0x00000000a9000000| Complete 
| 517|0x00000000a9100000, 0x00000000a9200000, 0x00000000a9200000|100%| E|CS|TAMS 0x00000000a9100000| PB 0x00000000a9100000| Complete 
| 518|0x00000000a9200000, 0x00000000a9300000, 0x00000000a9300000|100%| E|CS|TAMS 0x00000000a9200000| PB 0x00000000a9200000| Complete 
| 519|0x00000000a9300000, 0x00000000a9400000, 0x00000000a9400000|100%| E|CS|TAMS 0x00000000a9300000| PB 0x00000000a9300000| Complete 
| 520|0x00000000a9400000, 0x00000000a9500000, 0x00000000a9500000|100%| E|CS|TAMS 0x00000000a9400000| PB 0x00000000a9400000| Complete 
| 521|0x00000000a9500000, 0x00000000a9600000, 0x00000000a9600000|100%| E|CS|TAMS 0x00000000a9500000| PB 0x00000000a9500000| Complete 
| 522|0x00000000a9600000, 0x00000000a9700000, 0x00000000a9700000|100%| E|CS|TAMS 0x00000000a9600000| PB 0x00000000a9600000| Complete 
| 523|0x00000000a9700000, 0x00000000a9800000, 0x00000000a9800000|100%| E|CS|TAMS 0x00000000a9700000| PB 0x00000000a9700000| Complete 
| 524|0x00000000a9800000, 0x00000000a9900000, 0x00000000a9900000|100%| E|CS|TAMS 0x00000000a9800000| PB 0x00000000a9800000| Complete 
| 525|0x00000000a9900000, 0x00000000a9a00000, 0x00000000a9a00000|100%| E|CS|TAMS 0x00000000a9900000| PB 0x00000000a9900000| Complete 
| 526|0x00000000a9a00000, 0x00000000a9b00000, 0x00000000a9b00000|100%| E|CS|TAMS 0x00000000a9a00000| PB 0x00000000a9a00000| Complete 
| 527|0x00000000a9b00000, 0x00000000a9c00000, 0x00000000a9c00000|100%| E|CS|TAMS 0x00000000a9b00000| PB 0x00000000a9b00000| Complete 
| 528|0x00000000a9c00000, 0x00000000a9d00000, 0x00000000a9d00000|100%| E|CS|TAMS 0x00000000a9c00000| PB 0x00000000a9c00000| Complete 
| 529|0x00000000a9d00000, 0x00000000a9e00000, 0x00000000a9e00000|100%| E|CS|TAMS 0x00000000a9d00000| PB 0x00000000a9d00000| Complete 
| 530|0x00000000a9e00000, 0x00000000a9f00000, 0x00000000a9f00000|100%| E|CS|TAMS 0x00000000a9e00000| PB 0x00000000a9e00000| Complete 
| 531|0x00000000a9f00000, 0x00000000aa000000, 0x00000000aa000000|100%| E|CS|TAMS 0x00000000a9f00000| PB 0x00000000a9f00000| Complete 
| 532|0x00000000aa000000, 0x00000000aa100000, 0x00000000aa100000|100%| E|CS|TAMS 0x00000000aa000000| PB 0x00000000aa000000| Complete 
| 533|0x00000000aa100000, 0x00000000aa200000, 0x00000000aa200000|100%| E|CS|TAMS 0x00000000aa100000| PB 0x00000000aa100000| Complete 
| 534|0x00000000aa200000, 0x00000000aa300000, 0x00000000aa300000|100%| E|CS|TAMS 0x00000000aa200000| PB 0x00000000aa200000| Complete 
| 535|0x00000000aa300000, 0x00000000aa400000, 0x00000000aa400000|100%| E|CS|TAMS 0x00000000aa300000| PB 0x00000000aa300000| Complete 
| 536|0x00000000aa400000, 0x00000000aa500000, 0x00000000aa500000|100%| E|CS|TAMS 0x00000000aa400000| PB 0x00000000aa400000| Complete 
| 537|0x00000000aa500000, 0x00000000aa600000, 0x00000000aa600000|100%| E|CS|TAMS 0x00000000aa500000| PB 0x00000000aa500000| Complete 
| 538|0x00000000aa600000, 0x00000000aa700000, 0x00000000aa700000|100%| E|CS|TAMS 0x00000000aa600000| PB 0x00000000aa600000| Complete 
| 539|0x00000000aa700000, 0x00000000aa800000, 0x00000000aa800000|100%| E|CS|TAMS 0x00000000aa700000| PB 0x00000000aa700000| Complete 
| 540|0x00000000aa800000, 0x00000000aa900000, 0x00000000aa900000|100%| E|CS|TAMS 0x00000000aa800000| PB 0x00000000aa800000| Complete 
| 541|0x00000000aa900000, 0x00000000aaa00000, 0x00000000aaa00000|100%| E|CS|TAMS 0x00000000aa900000| PB 0x00000000aa900000| Complete 
| 542|0x00000000aaa00000, 0x00000000aab00000, 0x00000000aab00000|100%| E|CS|TAMS 0x00000000aaa00000| PB 0x00000000aaa00000| Complete 
| 543|0x00000000aab00000, 0x00000000aac00000, 0x00000000aac00000|100%| E|CS|TAMS 0x00000000aab00000| PB 0x00000000aab00000| Complete 
| 544|0x00000000aac00000, 0x00000000aad00000, 0x00000000aad00000|100%| E|CS|TAMS 0x00000000aac00000| PB 0x00000000aac00000| Complete 
| 545|0x00000000aad00000, 0x00000000aae00000, 0x00000000aae00000|100%| E|CS|TAMS 0x00000000aad00000| PB 0x00000000aad00000| Complete 
| 546|0x00000000aae00000, 0x00000000aaf00000, 0x00000000aaf00000|100%| E|CS|TAMS 0x00000000aae00000| PB 0x00000000aae00000| Complete 
| 547|0x00000000aaf00000, 0x00000000ab000000, 0x00000000ab000000|100%| E|CS|TAMS 0x00000000aaf00000| PB 0x00000000aaf00000| Complete 
| 548|0x00000000ab000000, 0x00000000ab100000, 0x00000000ab100000|100%| E|CS|TAMS 0x00000000ab000000| PB 0x00000000ab000000| Complete 
| 549|0x00000000ab100000, 0x00000000ab200000, 0x00000000ab200000|100%| E|CS|TAMS 0x00000000ab100000| PB 0x00000000ab100000| Complete 
| 550|0x00000000ab200000, 0x00000000ab300000, 0x00000000ab300000|100%| E|CS|TAMS 0x00000000ab200000| PB 0x00000000ab200000| Complete 
| 551|0x00000000ab300000, 0x00000000ab400000, 0x00000000ab400000|100%| E|CS|TAMS 0x00000000ab300000| PB 0x00000000ab300000| Complete 
| 552|0x00000000ab400000, 0x00000000ab500000, 0x00000000ab500000|100%| E|CS|TAMS 0x00000000ab400000| PB 0x00000000ab400000| Complete 
| 553|0x00000000ab500000, 0x00000000ab600000, 0x00000000ab600000|100%| E|CS|TAMS 0x00000000ab500000| PB 0x00000000ab500000| Complete 
| 554|0x00000000ab600000, 0x00000000ab700000, 0x00000000ab700000|100%| E|CS|TAMS 0x00000000ab600000| PB 0x00000000ab600000| Complete 
| 555|0x00000000ab700000, 0x00000000ab800000, 0x00000000ab800000|100%| E|CS|TAMS 0x00000000ab700000| PB 0x00000000ab700000| Complete 
| 556|0x00000000ab800000, 0x00000000ab900000, 0x00000000ab900000|100%| E|CS|TAMS 0x00000000ab800000| PB 0x00000000ab800000| Complete 
| 557|0x00000000ab900000, 0x00000000aba00000, 0x00000000aba00000|100%| E|CS|TAMS 0x00000000ab900000| PB 0x00000000ab900000| Complete 
| 558|0x00000000aba00000, 0x00000000abb00000, 0x00000000abb00000|100%| E|CS|TAMS 0x00000000aba00000| PB 0x00000000aba00000| Complete 
| 559|0x00000000abb00000, 0x00000000abc00000, 0x00000000abc00000|100%| E|CS|TAMS 0x00000000abb00000| PB 0x00000000abb00000| Complete 
| 560|0x00000000abc00000, 0x00000000abd00000, 0x00000000abd00000|100%| E|CS|TAMS 0x00000000abc00000| PB 0x00000000abc00000| Complete 
| 561|0x00000000abd00000, 0x00000000abe00000, 0x00000000abe00000|100%| E|CS|TAMS 0x00000000abd00000| PB 0x00000000abd00000| Complete 
| 562|0x00000000abe00000, 0x00000000abf00000, 0x00000000abf00000|100%| E|CS|TAMS 0x00000000abe00000| PB 0x00000000abe00000| Complete 
| 563|0x00000000abf00000, 0x00000000ac000000, 0x00000000ac000000|100%| E|CS|TAMS 0x00000000abf00000| PB 0x00000000abf00000| Complete 
| 657|0x00000000b1d00000, 0x00000000b1e00000, 0x00000000b1e00000|100%| E|CS|TAMS 0x00000000b1d00000| PB 0x00000000b1d00000| Complete 
| 658|0x00000000b1e00000, 0x00000000b1f00000, 0x00000000b1f00000|100%| E|CS|TAMS 0x00000000b1e00000| PB 0x00000000b1e00000| Complete 
| 659|0x00000000b1f00000, 0x00000000b2000000, 0x00000000b2000000|100%| E|CS|TAMS 0x00000000b1f00000| PB 0x00000000b1f00000| Complete 
| 660|0x00000000b2000000, 0x00000000b2100000, 0x00000000b2100000|100%| E|CS|TAMS 0x00000000b2000000| PB 0x00000000b2000000| Complete 
| 661|0x00000000b2100000, 0x00000000b2200000, 0x00000000b2200000|100%| E|CS|TAMS 0x00000000b2100000| PB 0x00000000b2100000| Complete 
| 662|0x00000000b2200000, 0x00000000b2300000, 0x00000000b2300000|100%| E|CS|TAMS 0x00000000b2200000| PB 0x00000000b2200000| Complete 
| 663|0x00000000b2300000, 0x00000000b2400000, 0x00000000b2400000|100%| E|CS|TAMS 0x00000000b2300000| PB 0x00000000b2300000| Complete 
| 664|0x00000000b2400000, 0x00000000b2500000, 0x00000000b2500000|100%| E|CS|TAMS 0x00000000b2400000| PB 0x00000000b2400000| Complete 
| 665|0x00000000b2500000, 0x00000000b2600000, 0x00000000b2600000|100%| E|CS|TAMS 0x00000000b2500000| PB 0x00000000b2500000| Complete 
| 666|0x00000000b2600000, 0x00000000b2700000, 0x00000000b2700000|100%| E|CS|TAMS 0x00000000b2600000| PB 0x00000000b2600000| Complete 
| 667|0x00000000b2700000, 0x00000000b2800000, 0x00000000b2800000|100%| E|CS|TAMS 0x00000000b2700000| PB 0x00000000b2700000| Complete 
| 668|0x00000000b2800000, 0x00000000b2900000, 0x00000000b2900000|100%| E|CS|TAMS 0x00000000b2800000| PB 0x00000000b2800000| Complete 
| 669|0x00000000b2900000, 0x00000000b2a00000, 0x00000000b2a00000|100%| E|CS|TAMS 0x00000000b2900000| PB 0x00000000b2900000| Complete 
| 672|0x00000000b2c00000, 0x00000000b2d00000, 0x00000000b2d00000|100%| E|CS|TAMS 0x00000000b2c00000| PB 0x00000000b2c00000| Complete 
| 673|0x00000000b2d00000, 0x00000000b2e00000, 0x00000000b2e00000|100%| E|CS|TAMS 0x00000000b2d00000| PB 0x00000000b2d00000| Complete 
| 674|0x00000000b2e00000, 0x00000000b2f00000, 0x00000000b2f00000|100%| E|CS|TAMS 0x00000000b2e00000| PB 0x00000000b2e00000| Complete 
| 675|0x00000000b2f00000, 0x00000000b3000000, 0x00000000b3000000|100%| E|CS|TAMS 0x00000000b2f00000| PB 0x00000000b2f00000| Complete 
| 676|0x00000000b3000000, 0x00000000b3100000, 0x00000000b3100000|100%| E|CS|TAMS 0x00000000b3000000| PB 0x00000000b3000000| Complete 
| 677|0x00000000b3100000, 0x00000000b3200000, 0x00000000b3200000|100%| E|CS|TAMS 0x00000000b3100000| PB 0x00000000b3100000| Complete 
| 678|0x00000000b3200000, 0x00000000b3300000, 0x00000000b3300000|100%| E|CS|TAMS 0x00000000b3200000| PB 0x00000000b3200000| Complete 
| 679|0x00000000b3300000, 0x00000000b3400000, 0x00000000b3400000|100%| E|CS|TAMS 0x00000000b3300000| PB 0x00000000b3300000| Complete 
| 680|0x00000000b3400000, 0x00000000b3500000, 0x00000000b3500000|100%| E|CS|TAMS 0x00000000b3400000| PB 0x00000000b3400000| Complete 
| 681|0x00000000b3500000, 0x00000000b3600000, 0x00000000b3600000|100%| E|CS|TAMS 0x00000000b3500000| PB 0x00000000b3500000| Complete 
| 682|0x00000000b3600000, 0x00000000b3700000, 0x00000000b3700000|100%| E|CS|TAMS 0x00000000b3600000| PB 0x00000000b3600000| Complete 
| 683|0x00000000b3700000, 0x00000000b3800000, 0x00000000b3800000|100%| E|CS|TAMS 0x00000000b3700000| PB 0x00000000b3700000| Complete 
| 684|0x00000000b3800000, 0x00000000b3900000, 0x00000000b3900000|100%| E|CS|TAMS 0x00000000b3800000| PB 0x00000000b3800000| Complete 
| 685|0x00000000b3900000, 0x00000000b3a00000, 0x00000000b3a00000|100%| E|CS|TAMS 0x00000000b3900000| PB 0x00000000b3900000| Complete 
| 720|0x00000000b5c00000, 0x00000000b5d00000, 0x00000000b5d00000|100%| E|CS|TAMS 0x00000000b5c00000| PB 0x00000000b5c00000| Complete 
| 721|0x00000000b5d00000, 0x00000000b5e00000, 0x00000000b5e00000|100%| E|CS|TAMS 0x00000000b5d00000| PB 0x00000000b5d00000| Complete 
| 722|0x00000000b5e00000, 0x00000000b5f00000, 0x00000000b5f00000|100%| E|CS|TAMS 0x00000000b5e00000| PB 0x00000000b5e00000| Complete 
| 723|0x00000000b5f00000, 0x00000000b6000000, 0x00000000b6000000|100%| E|CS|TAMS 0x00000000b5f00000| PB 0x00000000b5f00000| Complete 
| 724|0x00000000b6000000, 0x00000000b6100000, 0x00000000b6100000|100%| E|CS|TAMS 0x00000000b6000000| PB 0x00000000b6000000| Complete 
| 725|0x00000000b6100000, 0x00000000b6200000, 0x00000000b6200000|100%| E|CS|TAMS 0x00000000b6100000| PB 0x00000000b6100000| Complete 
|1875|0x00000000fdf00000, 0x00000000fe000000, 0x00000000fe000000|100%| O|  |TAMS 0x00000000fdf00000| PB 0x00000000fdf00000| Untracked 
|1876|0x00000000fe000000, 0x00000000fe100000, 0x00000000fe100000|100%| O|  |TAMS 0x00000000fe000000| PB 0x00000000fe000000| Untracked 
|1877|0x00000000fe100000, 0x00000000fe200000, 0x00000000fe200000|100%| E|CS|TAMS 0x00000000fe100000| PB 0x00000000fe100000| Complete 
|1892|0x00000000ff000000, 0x00000000ff100000, 0x00000000ff100000|100%| E|CS|TAMS 0x00000000ff000000| PB 0x00000000ff000000| Complete 
|1893|0x00000000ff100000, 0x00000000ff200000, 0x00000000ff200000|100%| E|CS|TAMS 0x00000000ff100000| PB 0x00000000ff100000| Complete 
|1896|0x00000000ff400000, 0x00000000ff500000, 0x00000000ff500000|100%| O|  |TAMS 0x00000000ff400000| PB 0x00000000ff400000| Untracked 
|1897|0x00000000ff500000, 0x00000000ff600000, 0x00000000ff600000|100%| E|CS|TAMS 0x00000000ff500000| PB 0x00000000ff500000| Complete 
|1898|0x00000000ff600000, 0x00000000ff700000, 0x00000000ff700000|100%| E|CS|TAMS 0x00000000ff600000| PB 0x00000000ff600000| Complete 
|1899|0x00000000ff700000, 0x00000000ff800000, 0x00000000ff800000|100%| E|CS|TAMS 0x00000000ff700000| PB 0x00000000ff700000| Complete 
|1900|0x00000000ff800000, 0x00000000ff900000, 0x00000000ff900000|100%| E|CS|TAMS 0x00000000ff800000| PB 0x00000000ff800000| Complete 
|1901|0x00000000ff900000, 0x00000000ffa00000, 0x00000000ffa00000|100%| E|CS|TAMS 0x00000000ff900000| PB 0x00000000ff900000| Complete 
|1902|0x00000000ffa00000, 0x00000000ffb00000, 0x00000000ffb00000|100%| E|CS|TAMS 0x00000000ffa00000| PB 0x00000000ffa00000| Complete 
|1903|0x00000000ffb00000, 0x00000000ffc00000, 0x00000000ffc00000|100%| E|CS|TAMS 0x00000000ffb00000| PB 0x00000000ffb00000| Complete 
|1904|0x00000000ffc00000, 0x00000000ffd00000, 0x00000000ffd00000|100%| E|CS|TAMS 0x00000000ffc00000| PB 0x00000000ffc00000| Complete 
|1905|0x00000000ffd00000, 0x00000000ffe00000, 0x00000000ffe00000|100%| E|CS|TAMS 0x00000000ffd00000| PB 0x00000000ffd00000| Complete 
|1906|0x00000000ffe00000, 0x00000000fff00000, 0x00000000fff00000|100%| E|CS|TAMS 0x00000000ffe00000| PB 0x00000000ffe00000| Complete 
|1907|0x00000000fff00000, 0x0000000100000000, 0x0000000100000000|100%| E|CS|TAMS 0x00000000fff00000| PB 0x00000000fff00000| Complete 

Card table byte_map: [0x0000014d217c0000,0x0000014d21b80000] _byte_map_base: 0x0000014d2137a000

Marking Bits: (CMBitMap*) 0x0000014d094ba0a0
 Bits: [0x0000014d21b80000, 0x0000014d23950000)

Polling page: 0x0000014d07000000

Metaspace:

Usage:
  Non-class:     64.09 MB used.
      Class:      6.99 MB used.
       Both:     71.08 MB used.

Virtual space:
  Non-class space:      128.00 MB reserved,      64.81 MB ( 51%) committed,  2 nodes.
      Class space:        1.00 GB reserved,       7.62 MB ( <1%) committed,  1 nodes.
             Both:        1.12 GB reserved,      72.44 MB (  6%) committed. 

Chunk freelists:
   Non-Class:  14.31 MB
       Class:  8.51 MB
        Both:  22.82 MB

MaxMetaspaceSize: unlimited
CompressedClassSpaceSize: 1.00 GB
Initial GC threshold: 21.00 MB
Current GC threshold: 120.75 MB
CDS: on
 - commit_granule_bytes: 65536.
 - commit_granule_words: 8192.
 - virtual_space_node_default_size: 8388608.
 - enlarge_chunks_in_place: 1.
 - use_allocation_guard: 0.


Internal statistics:

num_allocs_failed_limit: 6.
num_arena_births: 1270.
num_arena_deaths: 444.
num_vsnodes_births: 3.
num_vsnodes_deaths: 0.
num_space_committed: 1162.
num_space_uncommitted: 3.
num_chunks_returned_to_freelist: 570.
num_chunks_taken_from_freelist: 4637.
num_chunk_merges: 115.
num_chunk_splits: 2685.
num_chunks_enlarged: 1514.
num_inconsistent_stats: 0.

CodeHeap 'non-profiled nmethods': size=119168Kb used=14690Kb max_used=15481Kb free=104477Kb
 bounds [0x0000014d19720000, 0x0000014d1a640000, 0x0000014d20b80000]
CodeHeap 'profiled nmethods': size=119104Kb used=26424Kb max_used=35990Kb free=92680Kb
 bounds [0x0000014d11b80000, 0x0000014d13eb0000, 0x0000014d18fd0000]
CodeHeap 'non-nmethods': size=7488Kb used=1654Kb max_used=3472Kb free=5833Kb
 bounds [0x0000014d18fd0000, 0x0000014d19340000, 0x0000014d19720000]
CodeCache: size=245760Kb, used=42768Kb, max_used=54943Kb, free=202990Kb
 total_blobs=12366, nmethods=11579, adapters=687, full_count=0
Compilation: enabled, stopped_count=0, restarted_count=0

Compilation events (20 events):
Event: 16688.740 Thread 0x0000014d269094d0 nmethod 22357 0x0000014d128fd310 code [0x0000014d128fd4c0, 0x0000014d128fd688]
Event: 16688.754 Thread 0x0000014d268f3d60 22363       4       org.eclipse.jdt.internal.compiler.util.ObjectVector::<init> (36 bytes)
Event: 16688.757 Thread 0x0000014d268f3d60 nmethod 22363 0x0000014d1a0e2090 code [0x0000014d1a0e2220, 0x0000014d1a0e24b8]
Event: 16688.777 Thread 0x0000014d268f3d60 22364       4       org.eclipse.jdt.internal.compiler.lookup.ClassScope::checkParameterizedSuperTypeCollisions (437 bytes)
Event: 16688.784 Thread 0x0000014d268f3d60 nmethod 22364 0x0000014d19856510 code [0x0000014d19856700, 0x0000014d19856c38]
Event: 16688.821 Thread 0x0000014d269094d0 22365       1       org.eclipse.jdt.internal.compiler.ast.ConditionalExpression::setExpectedType (6 bytes)
Event: 16688.821 Thread 0x0000014d269094d0 nmethod 22365 0x0000014d19df4790 code [0x0000014d19df4920, 0x0000014d19df4a30]
Event: 16688.821 Thread 0x0000014d268f3d60 22366       4       org.eclipse.jdt.internal.compiler.lookup.InferenceContext18::addConstraintsToC_OneExpr (509 bytes)
Event: 16688.861 Thread 0x0000014d268f3d60 nmethod 22366 0x0000014d1a307110 code [0x0000014d1a307480, 0x0000014d1a308c38]
Event: 16688.861 Thread 0x0000014d268f3d60 22368   !   4       org.eclipse.jdt.internal.core.JavaProjectElementInfo::newNameLookup (405 bytes)
Event: 16688.868 Thread 0x0000014d269094d0 22369       1       org.eclipse.jdt.internal.compiler.lookup.IntersectionTypeBinding18::isIntersectionType18 (2 bytes)
Event: 16688.868 Thread 0x0000014d269094d0 nmethod 22369 0x0000014d19f0bf10 code [0x0000014d19f0c0a0, 0x0000014d19f0c168]
Event: 16688.872 Thread 0x0000014d269094d0 22371       3       jdk.internal.math.DoubleToDecimal::toDecimal (220 bytes)
Event: 16688.874 Thread 0x0000014d269094d0 nmethod 22371 0x0000014d123e8e90 code [0x0000014d123e90e0, 0x0000014d123e9858]
Event: 16688.874 Thread 0x0000014d269094d0 22372       3       jdk.internal.math.FormattedFPDecimal::plain (22 bytes)
Event: 16688.875 Thread 0x0000014d269094d0 nmethod 22372 0x0000014d1225cb10 code [0x0000014d1225ccc0, 0x0000014d1225ce58]
Event: 16688.875 Thread 0x0000014d269094d0 22373       3       jdk.internal.math.FormattedFPDecimal::plainCharsPureInteger (47 bytes)
Event: 16688.875 Thread 0x0000014d269094d0 nmethod 22373 0x0000014d12169e90 code [0x0000014d1216a060, 0x0000014d1216a3e0]
Event: 16688.914 Thread 0x0000014d268f3d60 nmethod 22368 0x0000014d1a3f1d90 code [0x0000014d1a3f20e0, 0x0000014d1a3f4740]
Event: 16688.915 Thread 0x0000014d268f3d60 22370       4       org.eclipse.jdt.internal.compiler.lookup.Scope::findMethod0 (1612 bytes)

GC Heap History (20 events):
Event: 11231.385 GC heap before
{Heap before GC invocations=105 (full 0):
 garbage-first heap   total 672768K, used 583690K [0x0000000088c00000, 0x0000000100000000)
  region size 1024K, 305 young (312320K), 6 survivors (6144K)
 Metaspace       used 72265K, committed 73664K, reserved 1179648K
  class space    used 7149K, committed 7808K, reserved 1048576K
}
Event: 11231.418 GC heap after
{Heap after GC invocations=106 (full 0):
 garbage-first heap   total 672768K, used 223671K [0x0000000088c00000, 0x0000000100000000)
  region size 1024K, 23 young (23552K), 23 survivors (23552K)
 Metaspace       used 72265K, committed 73664K, reserved 1179648K
  class space    used 7149K, committed 7808K, reserved 1048576K
}
Event: 11233.375 GC heap before
{Heap before GC invocations=106 (full 0):
 garbage-first heap   total 672768K, used 482743K [0x0000000088c00000, 0x0000000100000000)
  region size 1024K, 275 young (281600K), 23 survivors (23552K)
 Metaspace       used 72267K, committed 73664K, reserved 1179648K
  class space    used 7149K, committed 7808K, reserved 1048576K
}
Event: 11233.429 GC heap after
{Heap after GC invocations=107 (full 0):
 garbage-first heap   total 672768K, used 218871K [0x0000000088c00000, 0x0000000100000000)
  region size 1024K, 5 young (5120K), 5 survivors (5120K)
 Metaspace       used 72267K, committed 73664K, reserved 1179648K
  class space    used 7149K, committed 7808K, reserved 1048576K
}
Event: 11264.379 GC heap before
{Heap before GC invocations=107 (full 0):
 garbage-first heap   total 672768K, used 642807K [0x0000000088c00000, 0x0000000100000000)
  region size 1024K, 343 young (351232K), 5 survivors (5120K)
 Metaspace       used 72327K, committed 73728K, reserved 1179648K
  class space    used 7149K, committed 7808K, reserved 1048576K
}
Event: 11264.460 GC heap after
{Heap after GC invocations=108 (full 0):
 garbage-first heap   total 675840K, used 185024K [0x0000000088c00000, 0x0000000100000000)
  region size 1024K, 20 young (20480K), 20 survivors (20480K)
 Metaspace       used 72327K, committed 73728K, reserved 1179648K
  class space    used 7149K, committed 7808K, reserved 1048576K
}
Event: 11299.783 GC heap before
{Heap before GC invocations=108 (full 0):
 garbage-first heap   total 675840K, used 611008K [0x0000000088c00000, 0x0000000100000000)
  region size 1024K, 297 young (304128K), 20 survivors (20480K)
 Metaspace       used 72385K, committed 73792K, reserved 1179648K
  class space    used 7149K, committed 7808K, reserved 1048576K
}
Event: 11299.889 GC heap after
{Heap after GC invocations=109 (full 0):
 garbage-first heap   total 675840K, used 219892K [0x0000000088c00000, 0x0000000100000000)
  region size 1024K, 38 young (38912K), 38 survivors (38912K)
 Metaspace       used 72385K, committed 73792K, reserved 1179648K
  class space    used 7149K, committed 7808K, reserved 1048576K
}
Event: 11539.176 GC heap before
{Heap before GC invocations=109 (full 0):
 garbage-first heap   total 675840K, used 373492K [0x0000000088c00000, 0x0000000100000000)
  region size 1024K, 189 young (193536K), 38 survivors (38912K)
 Metaspace       used 72459K, committed 73856K, reserved 1179648K
  class space    used 7160K, committed 7808K, reserved 1048576K
}
Event: 11539.240 GC heap after
{Heap after GC invocations=110 (full 0):
 garbage-first heap   total 675840K, used 228080K [0x0000000088c00000, 0x0000000100000000)
  region size 1024K, 6 young (6144K), 6 survivors (6144K)
 Metaspace       used 72459K, committed 73856K, reserved 1179648K
  class space    used 7160K, committed 7808K, reserved 1048576K
}
Event: 11843.354 GC heap before
{Heap before GC invocations=111 (full 0):
 garbage-first heap   total 675840K, used 674544K [0x0000000088c00000, 0x0000000100000000)
  region size 1024K, 341 young (349184K), 6 survivors (6144K)
 Metaspace       used 72710K, committed 74112K, reserved 1179648K
  class space    used 7173K, committed 7808K, reserved 1048576K
}
Event: 11843.395 GC heap after
{Heap after GC invocations=112 (full 0):
 garbage-first heap   total 708608K, used 225843K [0x0000000088c00000, 0x0000000100000000)
  region size 1024K, 32 young (32768K), 32 survivors (32768K)
 Metaspace       used 72710K, committed 74112K, reserved 1179648K
  class space    used 7173K, committed 7808K, reserved 1048576K
}
Event: 12105.978 GC heap before
{Heap before GC invocations=112 (full 0):
 garbage-first heap   total 708608K, used 627251K [0x0000000088c00000, 0x0000000100000000)
  region size 1024K, 356 young (364544K), 32 survivors (32768K)
 Metaspace       used 72782K, committed 74176K, reserved 1179648K
  class space    used 7173K, committed 7808K, reserved 1048576K
}
Event: 12106.016 GC heap after
{Heap after GC invocations=113 (full 0):
 garbage-first heap   total 708608K, used 241644K [0x0000000088c00000, 0x0000000100000000)
  region size 1024K, 18 young (18432K), 18 survivors (18432K)
 Metaspace       used 72782K, committed 74176K, reserved 1179648K
  class space    used 7173K, committed 7808K, reserved 1048576K
}
Event: 13451.290 GC heap before
{Heap before GC invocations=113 (full 0):
 garbage-first heap   total 708608K, used 676844K [0x0000000088c00000, 0x0000000100000000)
  region size 1024K, 371 young (379904K), 18 survivors (18432K)
 Metaspace       used 72826K, committed 74176K, reserved 1179648K
  class space    used 7173K, committed 7808K, reserved 1048576K
}
Event: 13451.522 GC heap after
{Heap after GC invocations=114 (full 0):
 garbage-first heap   total 726016K, used 234871K [0x0000000088c00000, 0x0000000100000000)
  region size 1024K, 38 young (38912K), 38 survivors (38912K)
 Metaspace       used 72826K, committed 74176K, reserved 1179648K
  class space    used 7173K, committed 7808K, reserved 1048576K
}
Event: 13451.596 GC heap before
{Heap before GC invocations=114 (full 0):
 garbage-first heap   total 726016K, used 239991K [0x0000000088c00000, 0x0000000100000000)
  region size 1024K, 44 young (45056K), 38 survivors (38912K)
 Metaspace       used 72826K, committed 74176K, reserved 1179648K
  class space    used 7173K, committed 7808K, reserved 1048576K
}
Event: 13451.661 GC heap after
{Heap after GC invocations=115 (full 0):
 garbage-first heap   total 726016K, used 239877K [0x0000000088c00000, 0x0000000100000000)
  region size 1024K, 27 young (27648K), 27 survivors (27648K)
 Metaspace       used 72826K, committed 74176K, reserved 1179648K
  class space    used 7173K, committed 7808K, reserved 1048576K
}
Event: 16672.707 GC heap before
{Heap before GC invocations=116 (full 0):
 garbage-first heap   total 628736K, used 437509K [0x0000000088c00000, 0x0000000100000000)
  region size 1024K, 205 young (209920K), 27 survivors (27648K)
 Metaspace       used 72785K, committed 74176K, reserved 1179648K
  class space    used 7160K, committed 7808K, reserved 1048576K
}
Event: 16672.815 GC heap after
{Heap after GC invocations=117 (full 0):
 garbage-first heap   total 628736K, used 178504K [0x0000000088c00000, 0x0000000100000000)
  region size 1024K, 12 young (12288K), 12 survivors (12288K)
 Metaspace       used 72785K, committed 74176K, reserved 1179648K
  class space    used 7160K, committed 7808K, reserved 1048576K
}

Dll operation events (13 events):
Event: 0.024 Loaded shared library C:\Program Files\Eclipse Adoptium\jdk-21.0.9.10-hotspot\bin\java.dll
Event: 0.086 Loaded shared library C:\Program Files\Eclipse Adoptium\jdk-21.0.9.10-hotspot\bin\jsvml.dll
Event: 0.126 Loaded shared library C:\Program Files\Eclipse Adoptium\jdk-21.0.9.10-hotspot\bin\net.dll
Event: 0.136 Loaded shared library C:\Program Files\Eclipse Adoptium\jdk-21.0.9.10-hotspot\bin\nio.dll
Event: 0.149 Loaded shared library C:\Program Files\Eclipse Adoptium\jdk-21.0.9.10-hotspot\bin\zip.dll
Event: 0.431 Loaded shared library C:\Program Files\Eclipse Adoptium\jdk-21.0.9.10-hotspot\bin\jimage.dll
Event: 2.036 Loaded shared library C:\Users\crist\.local\share\opencode\bin\jdtls\config_win\org.eclipse.equinox.launcher\org.eclipse.equinox.launcher.win32.win32.x86_64_1.2.1500.v20260121-1430\eclipse_11919.dll
Event: 4.517 Loaded shared library C:\Program Files\Eclipse Adoptium\jdk-21.0.9.10-hotspot\bin\management.dll
Event: 4.530 Loaded shared library C:\Program Files\Eclipse Adoptium\jdk-21.0.9.10-hotspot\bin\management_ext.dll
Event: 4.772 Loaded shared library C:\Program Files\Eclipse Adoptium\jdk-21.0.9.10-hotspot\bin\verify.dll
Event: 6.890 Loaded shared library C:\Users\crist\AppData\Local\Temp\jna-94929339\jna8460963348389137464.dll
Event: 7.104 Loaded shared library C:\Program Files\Eclipse Adoptium\jdk-21.0.9.10-hotspot\bin\sunmscapi.dll
Event: 7.902 Loaded shared library C:\Program Files\Eclipse Adoptium\jdk-21.0.9.10-hotspot\bin\extnet.dll

Deoptimization events (20 events):
Event: 13452.069 Thread 0x0000014d7125b520 Uncommon trap: trap_request=0xffffff3d fr.pc=0x0000014d197919c0 relative=0x00000000000000a0
Event: 13452.069 Thread 0x0000014d7125b520 Uncommon trap: reason=unstable_fused_if action=reinterpret pc=0x0000014d197919c0 method=org.eclipse.jdt.internal.compiler.lookup.LookupEnvironment.computeBoxingType(Lorg/eclipse/jdt/internal/compiler/lookup/TypeBinding;)Lorg/eclipse/jdt/internal/compiler/
Event: 13452.082 Thread 0x0000014d7125b520 DEOPT PACKING pc=0x0000014d197919c0 sp=0x0000003849efe750
Event: 13452.082 Thread 0x0000014d7125b520 DEOPT UNPACKING pc=0x0000014d19024422 sp=0x0000003849efe708 mode 2
Event: 13455.508 Thread 0x0000014d70501ad0 Uncommon trap: trap_request=0xffffff45 fr.pc=0x0000014d1a239514 relative=0x0000000000000394
Event: 13455.508 Thread 0x0000014d70501ad0 Uncommon trap: reason=unstable_if action=reinterpret pc=0x0000014d1a239514 method=org.eclipse.jdt.internal.compiler.util.Util.scanTypeSignature([CI)I @ 17 c2
Event: 13455.508 Thread 0x0000014d70501ad0 DEOPT PACKING pc=0x0000014d1a239514 sp=0x0000003848cfd960
Event: 13455.509 Thread 0x0000014d70501ad0 DEOPT UNPACKING pc=0x0000014d19024422 sp=0x0000003848cfd8f8 mode 2
Event: 13455.607 Thread 0x0000014d70501ad0 Uncommon trap: trap_request=0xffffffc6 fr.pc=0x0000014d1a5be7fc relative=0x0000000000004a1c
Event: 13455.607 Thread 0x0000014d70501ad0 Uncommon trap: reason=bimorphic_or_optimized_type_check action=maybe_recompile pc=0x0000014d1a5be7fc method=org.eclipse.jdt.internal.compiler.lookup.Scope.findMethod0(Lorg/eclipse/jdt/internal/compiler/lookup/ReferenceBinding;[C[Lorg/eclipse/jdt/internal/
Event: 13455.607 Thread 0x0000014d70501ad0 DEOPT PACKING pc=0x0000014d1a5be7fc sp=0x0000003848cfe0d0
Event: 13455.607 Thread 0x0000014d70501ad0 DEOPT UNPACKING pc=0x0000014d19024422 sp=0x0000003848cfe050 mode 2
Event: 13456.174 Thread 0x0000014d70501ad0 Uncommon trap: trap_request=0xffffffc6 fr.pc=0x0000014d1a5be7fc relative=0x0000000000004a1c
Event: 13456.174 Thread 0x0000014d70501ad0 Uncommon trap: reason=bimorphic_or_optimized_type_check action=maybe_recompile pc=0x0000014d1a5be7fc method=org.eclipse.jdt.internal.compiler.lookup.Scope.findMethod0(Lorg/eclipse/jdt/internal/compiler/lookup/ReferenceBinding;[C[Lorg/eclipse/jdt/internal/
Event: 13456.174 Thread 0x0000014d70501ad0 DEOPT PACKING pc=0x0000014d1a5be7fc sp=0x0000003848cfe0d0
Event: 13456.174 Thread 0x0000014d70501ad0 DEOPT UNPACKING pc=0x0000014d19024422 sp=0x0000003848cfe050 mode 2
Event: 16688.747 Thread 0x0000014d7125a800 Uncommon trap: trap_request=0xffffffc6 fr.pc=0x0000014d1a5be7fc relative=0x0000000000004a1c
Event: 16688.747 Thread 0x0000014d7125a800 Uncommon trap: reason=bimorphic_or_optimized_type_check action=maybe_recompile pc=0x0000014d1a5be7fc method=org.eclipse.jdt.internal.compiler.lookup.Scope.findMethod0(Lorg/eclipse/jdt/internal/compiler/lookup/ReferenceBinding;[C[Lorg/eclipse/jdt/internal/
Event: 16688.748 Thread 0x0000014d7125a800 DEOPT PACKING pc=0x0000014d1a5be7fc sp=0x000000384b2fe5d0
Event: 16688.749 Thread 0x0000014d7125a800 DEOPT UNPACKING pc=0x0000014d19024422 sp=0x000000384b2fe550 mode 2

Classes loaded (20 events):
Event: 323.166 Loading class com/sun/org/apache/xerces/internal/xni/parser/XMLParseException
Event: 323.168 Loading class com/sun/org/apache/xerces/internal/xni/parser/XMLParseException done
Event: 517.013 Loading class java/nio/BufferMismatch
Event: 517.016 Loading class java/nio/BufferMismatch done
Event: 2438.346 Loading class java/lang/Throwable$WrappedPrintWriter
Event: 2438.356 Loading class java/lang/Throwable$PrintStreamOrWriter
Event: 2438.361 Loading class java/lang/Throwable$PrintStreamOrWriter done
Event: 2438.361 Loading class java/lang/Throwable$WrappedPrintWriter done
Event: 11224.215 Loading class java/util/HashMap$UnsafeHolder
Event: 11224.219 Loading class java/util/HashMap$UnsafeHolder done
Event: 11224.221 Loading class java/io/ObjectStreamClass$RecordSupport
Event: 11224.234 Loading class java/io/ObjectStreamClass$RecordSupport done
Event: 11224.244 Loading class java/io/ObjectStreamClass$DeserializationConstructorsCache$Key$Lookup
Event: 11224.246 Loading class java/io/ObjectStreamClass$DeserializationConstructorsCache$Key
Event: 11224.246 Loading class java/io/ObjectStreamClass$DeserializationConstructorsCache$Key done
Event: 11224.246 Loading class java/io/ObjectStreamClass$DeserializationConstructorsCache$Key$Lookup done
Event: 11224.280 Loading class java/lang/invoke/BoundMethodHandle$Species_LIL
Event: 11224.280 Loading class java/lang/invoke/BoundMethodHandle$Species_LIL done
Event: 11224.303 Loading class java/io/ObjectStreamClass$DeserializationConstructorsCache$Key$Impl
Event: 11224.303 Loading class java/io/ObjectStreamClass$DeserializationConstructorsCache$Key$Impl done

Classes unloaded (20 events):
Event: 13452.236 Thread 0x0000014d268c6fe0 Unloading class 0x0000014d286e1000 'jdk/internal/reflect/GeneratedSerializationConstructorAccessor40'
Event: 13452.236 Thread 0x0000014d268c6fe0 Unloading class 0x0000014d286e0800 'jdk/internal/reflect/GeneratedSerializationConstructorAccessor39'
Event: 13452.236 Thread 0x0000014d268c6fe0 Unloading class 0x0000014d2821a000 'jdk/internal/reflect/GeneratedSerializationConstructorAccessor38'
Event: 13452.238 Thread 0x0000014d268c6fe0 Unloading class 0x0000014d2821ac00 'jdk/internal/reflect/GeneratedSerializationConstructorAccessor37'
Event: 13452.238 Thread 0x0000014d268c6fe0 Unloading class 0x0000014d282c8800 'java/lang/invoke/LambdaForm$MH+0x0000014d282c8800'
Event: 13452.238 Thread 0x0000014d268c6fe0 Unloading class 0x0000014d282ca000 'java/lang/invoke/LambdaForm$MH+0x0000014d282ca000'
Event: 13452.238 Thread 0x0000014d268c6fe0 Unloading class 0x0000014d282d4800 'java/lang/invoke/LambdaForm$MH+0x0000014d282d4800'
Event: 13452.239 Thread 0x0000014d268c6fe0 Unloading class 0x0000014d282d5400 'java/lang/invoke/LambdaForm$MH+0x0000014d282d5400'
Event: 13452.239 Thread 0x0000014d268c6fe0 Unloading class 0x0000014d282d9400 'java/lang/invoke/LambdaForm$MH+0x0000014d282d9400'
Event: 13452.239 Thread 0x0000014d268c6fe0 Unloading class 0x0000014d282dbc00 'java/lang/invoke/LambdaForm$MH+0x0000014d282dbc00'
Event: 13452.239 Thread 0x0000014d268c6fe0 Unloading class 0x0000014d282dc400 'java/lang/invoke/LambdaForm$MH+0x0000014d282dc400'
Event: 13452.239 Thread 0x0000014d268c6fe0 Unloading class 0x0000014d282de800 'java/lang/invoke/LambdaForm$MH+0x0000014d282de800'
Event: 13452.240 Thread 0x0000014d268c6fe0 Unloading class 0x0000014d282e1400 'java/lang/invoke/LambdaForm$MH+0x0000014d282e1400'
Event: 13452.241 Thread 0x0000014d268c6fe0 Unloading class 0x0000014d283acc00 'java/lang/invoke/LambdaForm$MH+0x0000014d283acc00'
Event: 13452.241 Thread 0x0000014d268c6fe0 Unloading class 0x0000014d2862d400 'java/lang/invoke/LambdaForm$MH+0x0000014d2862d400'
Event: 13452.242 Thread 0x0000014d268c6fe0 Unloading class 0x0000014d2862f400 'jdk/internal/reflect/GeneratedSerializationConstructorAccessor36'
Event: 13452.242 Thread 0x0000014d268c6fe0 Unloading class 0x0000014d28641400 'java/lang/invoke/LambdaForm$MH+0x0000014d28641400'
Event: 13452.244 Thread 0x0000014d268c6fe0 Unloading class 0x0000014d28654c00 'java/lang/invoke/LambdaForm$MH+0x0000014d28654c00'
Event: 13452.244 Thread 0x0000014d268c6fe0 Unloading class 0x0000014d28655800 'java/lang/invoke/LambdaForm$MH+0x0000014d28655800'
Event: 13452.246 Thread 0x0000014d268c6fe0 Unloading class 0x0000014d28692800 'java/lang/invoke/LambdaForm$MH+0x0000014d28692800'

Classes redefined (0 events):
No events

Internal exceptions (20 events):
Event: 11519.430 Thread 0x0000014d70db80f0 Exception <a 'java/lang/NoSuchMethodError'{0x00000000a8ca9060}: static [J.<clinit>()V> (0x00000000a8ca9060) 
thrown [s\src\hotspot\share\prims\jni.cpp, line 1111]
Event: 11539.164 Thread 0x0000014d6cfae0b0 Exception <a 'sun/nio/fs/WindowsException'{0x00000000a853e240}> (0x00000000a853e240) 
thrown [s\src\hotspot\share\prims\jni.cpp, line 520]
Event: 11539.842 Thread 0x0000014d6cfae0b0 Exception <a 'sun/nio/fs/WindowsException'{0x00000000af79f468}> (0x00000000af79f468) 
thrown [s\src\hotspot\share\prims\jni.cpp, line 520]
Event: 11831.822 Thread 0x0000014d70799e00 Implicit null exception at 0x0000014d19f22a62 to 0x0000014d19f24c6c
Event: 11831.856 Thread 0x0000014d6cfae0b0 Exception <a 'sun/nio/fs/WindowsException'{0x00000000a509ee90}> (0x00000000a509ee90) 
thrown [s\src\hotspot\share\prims\jni.cpp, line 520]
Event: 11832.424 Thread 0x0000014d6cfae0b0 Exception <a 'sun/nio/fs/WindowsException'{0x00000000a2b174b0}> (0x00000000a2b174b0) 
thrown [s\src\hotspot\share\prims\jni.cpp, line 520]
Event: 11839.172 Thread 0x0000014d70db80f0 Exception <a 'sun/nio/fs/WindowsException'{0x0000000092b25ab8}> (0x0000000092b25ab8) 
thrown [s\src\hotspot\share\prims\jni.cpp, line 520]
Event: 11839.172 Thread 0x0000014d70db80f0 Exception <a 'sun/nio/fs/WindowsException'{0x0000000092b26468}> (0x0000000092b26468) 
thrown [s\src\hotspot\share\prims\jni.cpp, line 520]
Event: 11854.358 Thread 0x0000014d6cfae0b0 Exception <a 'sun/nio/fs/WindowsException'{0x00000000addd48c8}> (0x00000000addd48c8) 
thrown [s\src\hotspot\share\prims\jni.cpp, line 520]
Event: 11854.838 Thread 0x0000014d6cfae0b0 Exception <a 'sun/nio/fs/WindowsException'{0x00000000ab98a7b8}> (0x00000000ab98a7b8) 
thrown [s\src\hotspot\share\prims\jni.cpp, line 520]
Event: 12154.354 Thread 0x0000014d70db80f0 Exception <a 'sun/nio/fs/WindowsException'{0x00000000b60acf40}> (0x00000000b60acf40) 
thrown [s\src\hotspot\share\prims\jni.cpp, line 520]
Event: 12154.354 Thread 0x0000014d70db80f0 Exception <a 'sun/nio/fs/WindowsException'{0x00000000b60ad8f0}> (0x00000000b60ad8f0) 
thrown [s\src\hotspot\share\prims\jni.cpp, line 520]
Event: 12380.355 Thread 0x0000014d6cfae0b0 Exception <a 'sun/nio/fs/WindowsException'{0x00000000ac620f10}> (0x00000000ac620f10) 
thrown [s\src\hotspot\share\prims\jni.cpp, line 520]
Event: 12381.072 Thread 0x0000014d6cfae0b0 Exception <a 'sun/nio/fs/WindowsException'{0x00000000a9f1f6b0}> (0x00000000a9f1f6b0) 
thrown [s\src\hotspot\share\prims\jni.cpp, line 520]
Event: 12680.458 Thread 0x0000014d70501ad0 Exception <a 'sun/nio/fs/WindowsException'{0x00000000abb292b0}> (0x00000000abb292b0) 
thrown [s\src\hotspot\share\prims\jni.cpp, line 520]
Event: 12680.460 Thread 0x0000014d70501ad0 Exception <a 'sun/nio/fs/WindowsException'{0x00000000abb29c80}> (0x00000000abb29c80) 
thrown [s\src\hotspot\share\prims\jni.cpp, line 520]
Event: 13451.173 Thread 0x0000014d6cfae0b0 Exception <a 'sun/nio/fs/WindowsException'{0x00000000a8ff2768}> (0x00000000a8ff2768) 
thrown [s\src\hotspot\share\prims\jni.cpp, line 520]
Event: 13453.592 Thread 0x0000014d6cfae0b0 Exception <a 'sun/nio/fs/WindowsException'{0x00000000ab0ce920}> (0x00000000ab0ce920) 
thrown [s\src\hotspot\share\prims\jni.cpp, line 520]
Event: 13751.171 Thread 0x0000014d70501ad0 Exception <a 'sun/nio/fs/WindowsException'{0x00000000a5d4ea68}> (0x00000000a5d4ea68) 
thrown [s\src\hotspot\share\prims\jni.cpp, line 520]
Event: 13751.171 Thread 0x0000014d70501ad0 Exception <a 'sun/nio/fs/WindowsException'{0x00000000a5d4f418}> (0x00000000a5d4f418) 
thrown [s\src\hotspot\share\prims\jni.cpp, line 520]

ZGC Phase Switch (0 events):
No events

VM Operations (20 events):
Event: 16534.596 Executing VM operation: HandshakeAllThreads (HandshakeForDeflation)
Event: 16534.596 Executing VM operation: HandshakeAllThreads (HandshakeForDeflation) done
Event: 16534.596 Executing VM operation: RendezvousGCThreads
Event: 16534.596 Executing VM operation: RendezvousGCThreads done
Event: 16594.757 Executing VM operation: HandshakeAllThreads (HandshakeForDeflation)
Event: 16594.757 Executing VM operation: HandshakeAllThreads (HandshakeForDeflation) done
Event: 16594.757 Executing VM operation: RendezvousGCThreads
Event: 16594.757 Executing VM operation: RendezvousGCThreads done
Event: 16654.920 Executing VM operation: HandshakeAllThreads (HandshakeForDeflation)
Event: 16654.920 Executing VM operation: HandshakeAllThreads (HandshakeForDeflation) done
Event: 16654.920 Executing VM operation: RendezvousGCThreads
Event: 16654.920 Executing VM operation: RendezvousGCThreads done
Event: 16671.051 Executing VM operation: Cleanup
Event: 16671.054 Executing VM operation: Cleanup done
Event: 16672.706 Executing VM operation: G1CollectForAllocation (G1 Evacuation Pause)
Event: 16672.815 Executing VM operation: G1CollectForAllocation (G1 Evacuation Pause) done
Event: 16673.823 Executing VM operation: Cleanup
Event: 16673.823 Executing VM operation: Cleanup done
Event: 16688.948 Executing VM operation: Cleanup
Event: 16688.948 Executing VM operation: Cleanup done

Memory protections (0 events):
No events

Nmethod flushes (20 events):
Event: 13453.047 Thread 0x0000014d268c6fe0 flushing  nmethod 0x0000014d1300e890
Event: 13453.050 Thread 0x0000014d268c6fe0 flushing  nmethod 0x0000014d13014a90
Event: 13453.050 Thread 0x0000014d268c6fe0 flushing  nmethod 0x0000014d130b4810
Event: 13453.051 Thread 0x0000014d268c6fe0 flushing  nmethod 0x0000014d130b9510
Event: 13453.051 Thread 0x0000014d268c6fe0 flushing  nmethod 0x0000014d197a2e10
Event: 13453.051 Thread 0x0000014d268c6fe0 flushing  nmethod 0x0000014d19a2d510
Event: 13453.053 Thread 0x0000014d268c6fe0 flushing  nmethod 0x0000014d19e82010
Event: 13453.054 Thread 0x0000014d268c6fe0 flushing  nmethod 0x0000014d19f25f10
Event: 13453.054 Thread 0x0000014d268c6fe0 flushing  nmethod 0x0000014d19f2d010
Event: 13453.055 Thread 0x0000014d268c6fe0 flushing  nmethod 0x0000014d11c9ae10
Event: 13453.055 Thread 0x0000014d268c6fe0 flushing  nmethod 0x0000014d12c94010
Event: 13453.055 Thread 0x0000014d268c6fe0 flushing  nmethod 0x0000014d12c96990
Event: 13453.055 Thread 0x0000014d268c6fe0 flushing  nmethod 0x0000014d12cddb90
Event: 13453.056 Thread 0x0000014d268c6fe0 flushing  nmethod 0x0000014d12ce1990
Event: 13453.056 Thread 0x0000014d268c6fe0 flushing  nmethod 0x0000014d13081590
Event: 13453.056 Thread 0x0000014d268c6fe0 flushing  nmethod 0x0000014d130bc510
Event: 13453.056 Thread 0x0000014d268c6fe0 flushing  nmethod 0x0000014d13783f10
Event: 13453.056 Thread 0x0000014d268c6fe0 flushing  nmethod 0x0000014d13917690
Event: 13453.056 Thread 0x0000014d268c6fe0 flushing  nmethod 0x0000014d13918010
Event: 13453.056 Thread 0x0000014d268c6fe0 flushing  nmethod 0x0000014d13b4c810

Events (20 events):
Event: 12380.625 Thread 0x0000014d6e45f350 Thread added: 0x0000014d6e460070
Event: 12381.577 Thread 0x0000014d70db80f0 Thread added: 0x0000014d70500db0
Event: 12440.757 Thread 0x0000014d6e460070 Thread exited: 0x0000014d6e460070
Event: 12441.580 Thread 0x0000014d70500db0 Thread exited: 0x0000014d70500db0
Event: 12441.580 Thread 0x0000014d6e45f350 Thread exited: 0x0000014d6e45f350
Event: 12680.476 Thread 0x0000014d70501ad0 Thread added: 0x0000014d6c94ebc0
Event: 12680.485 Thread 0x0000014d6c94ebc0 Thread exited: 0x0000014d6c94ebc0
Event: 12680.552 Thread 0x0000014d6e45f9e0 Thread exited: 0x0000014d6e45f9e0
Event: 13434.158 Thread 0x0000014d269094d0 Thread added: 0x0000014d6e390ee0
Event: 13439.781 Thread 0x0000014d6e390ee0 Thread exited: 0x0000014d6e390ee0
Event: 13451.554 Thread 0x0000014d70db80f0 Thread added: 0x0000014d6f093be0
Event: 13451.837 Thread 0x0000014d70db80f0 Thread added: 0x0000014d7125b520
Event: 13453.097 Thread 0x0000014d70db80f0 Thread added: 0x0000014d7125a800
Event: 13453.621 Thread 0x0000014d7125a800 Thread added: 0x0000014d6e45f9e0
Event: 13512.209 Thread 0x0000014d7125b520 Thread exited: 0x0000014d7125b520
Event: 13514.013 Thread 0x0000014d70db80f0 Thread exited: 0x0000014d70db80f0
Event: 13514.610 Thread 0x0000014d6e45f9e0 Thread exited: 0x0000014d6e45f9e0
Event: 13751.175 Thread 0x0000014d70501ad0 Thread added: 0x0000014d6e75bdf0
Event: 13751.177 Thread 0x0000014d6e75bdf0 Thread exited: 0x0000014d6e75bdf0
Event: 13751.572 Thread 0x0000014d6f093be0 Thread exited: 0x0000014d6f093be0


Dynamic libraries:
0x00007ff6bfa10000 - 0x00007ff6bfa1e000 	C:\Program Files\Eclipse Adoptium\jdk-21.0.9.10-hotspot\bin\java.exe
0x00007fff8e1a0000 - 0x00007fff8e407000 	C:\WINDOWS\SYSTEM32\ntdll.dll
0x00007fff8db10000 - 0x00007fff8dbd9000 	C:\WINDOWS\System32\KERNEL32.DLL
0x00007fff8ba80000 - 0x00007fff8be6f000 	C:\WINDOWS\System32\KERNELBASE.dll
0x00007fff8b2f0000 - 0x00007fff8b43b000 	C:\WINDOWS\System32\ucrtbase.dll
0x00007fff5e050000 - 0x00007fff5e06e000 	C:\Program Files\Eclipse Adoptium\jdk-21.0.9.10-hotspot\bin\VCRUNTIME140.dll
0x00007fff5b190000 - 0x00007fff5b1a8000 	C:\Program Files\Eclipse Adoptium\jdk-21.0.9.10-hotspot\bin\jli.dll
0x00007fff8cdb0000 - 0x00007fff8cf75000 	C:\WINDOWS\System32\USER32.dll
0x00007fff8b660000 - 0x00007fff8b687000 	C:\WINDOWS\System32\win32u.dll
0x00007fff77190000 - 0x00007fff77423000 	C:\WINDOWS\WinSxS\amd64_microsoft.windows.common-controls_6595b64144ccf1df_6.0.26100.7309_none_3e05feeae336a044\COMCTL32.dll
0x00007fff8d900000 - 0x00007fff8d92b000 	C:\WINDOWS\System32\GDI32.dll
0x00007fff8dc80000 - 0x00007fff8dd29000 	C:\WINDOWS\System32\msvcrt.dll
0x00007fff8b8c0000 - 0x00007fff8b9ec000 	C:\WINDOWS\System32\gdi32full.dll
0x00007fff8b810000 - 0x00007fff8b8b3000 	C:\WINDOWS\System32\msvcp_win.dll
0x00007fff8dad0000 - 0x00007fff8db01000 	C:\WINDOWS\System32\IMM32.DLL
0x00007fff74e40000 - 0x00007fff74e4c000 	C:\Program Files\Eclipse Adoptium\jdk-21.0.9.10-hotspot\bin\vcruntime140_1.dll
0x00007fff27f00000 - 0x00007fff27f8d000 	C:\Program Files\Eclipse Adoptium\jdk-21.0.9.10-hotspot\bin\msvcp140.dll
0x00007fff02800000 - 0x00007fff035a0000 	C:\Program Files\Eclipse Adoptium\jdk-21.0.9.10-hotspot\bin\server\jvm.dll
0x00007fff8de10000 - 0x00007fff8dec4000 	C:\WINDOWS\System32\ADVAPI32.dll
0x00007fff8d160000 - 0x00007fff8d206000 	C:\WINDOWS\System32\sechost.dll
0x00007fff8e040000 - 0x00007fff8e158000 	C:\WINDOWS\System32\RPCRT4.dll
0x00007fff8dd90000 - 0x00007fff8de04000 	C:\WINDOWS\System32\WS2_32.dll
0x00007fff8b150000 - 0x00007fff8b1ae000 	C:\WINDOWS\SYSTEM32\POWRPROF.dll
0x00007fff83830000 - 0x00007fff83865000 	C:\WINDOWS\SYSTEM32\WINMM.dll
0x00007fff82840000 - 0x00007fff8284b000 	C:\WINDOWS\SYSTEM32\VERSION.dll
0x00007fff8b130000 - 0x00007fff8b144000 	C:\WINDOWS\SYSTEM32\UMPDC.dll
0x00007fff8a0a0000 - 0x00007fff8a0bb000 	C:\WINDOWS\SYSTEM32\kernel.appcore.dll
0x00007fff70430000 - 0x00007fff7043a000 	C:\Program Files\Eclipse Adoptium\jdk-21.0.9.10-hotspot\bin\jimage.dll
0x00007fff88a00000 - 0x00007fff88c42000 	C:\WINDOWS\SYSTEM32\DBGHELP.DLL
0x00007fff8c920000 - 0x00007fff8cca6000 	C:\WINDOWS\System32\combase.dll
0x00007fff8d080000 - 0x00007fff8d156000 	C:\WINDOWS\System32\OLEAUT32.dll
0x00007fff3a3c0000 - 0x00007fff3a3fc000 	C:\WINDOWS\SYSTEM32\dbgcore.DLL
0x00007fff8b440000 - 0x00007fff8b4e5000 	C:\WINDOWS\System32\bcryptPrimitives.dll
0x00007fff5b100000 - 0x00007fff5b120000 	C:\Program Files\Eclipse Adoptium\jdk-21.0.9.10-hotspot\bin\java.dll
0x00007fff8c1c0000 - 0x00007fff8c913000 	C:\WINDOWS\System32\SHELL32.dll
0x00007fff8b4f0000 - 0x00007fff8b65a000 	C:\WINDOWS\System32\wintypes.dll
0x00007fff88ef0000 - 0x00007fff8974e000 	C:\WINDOWS\SYSTEM32\windows.storage.dll
0x00007fff8cf80000 - 0x00007fff8d075000 	C:\WINDOWS\System32\SHCORE.dll
0x00007fff8dc00000 - 0x00007fff8dc66000 	C:\WINDOWS\System32\shlwapi.dll
0x00007fff8b210000 - 0x00007fff8b239000 	C:\WINDOWS\SYSTEM32\profapi.dll
0x00007fff26f10000 - 0x00007fff26fe7000 	C:\Program Files\Eclipse Adoptium\jdk-21.0.9.10-hotspot\bin\jsvml.dll
0x00007fff6c840000 - 0x00007fff6c850000 	C:\Program Files\Eclipse Adoptium\jdk-21.0.9.10-hotspot\bin\net.dll
0x00007fff82330000 - 0x00007fff82458000 	C:\WINDOWS\SYSTEM32\WINHTTP.dll
0x00007fff8a610000 - 0x00007fff8a67b000 	C:\WINDOWS\system32\mswsock.dll
0x00007fff58bb0000 - 0x00007fff58bc6000 	C:\Program Files\Eclipse Adoptium\jdk-21.0.9.10-hotspot\bin\nio.dll
0x00007fff42c00000 - 0x00007fff42c18000 	C:\Program Files\Eclipse Adoptium\jdk-21.0.9.10-hotspot\bin\zip.dll
0x00007fff689d0000 - 0x00007fff68a15000 	C:\Users\crist\.local\share\opencode\bin\jdtls\config_win\org.eclipse.equinox.launcher\org.eclipse.equinox.launcher.win32.win32.x86_64_1.2.1500.v20260121-1430\eclipse_11919.dll
0x00007fff8d930000 - 0x00007fff8dac7000 	C:\WINDOWS\System32\ole32.dll
0x00007fff78fa0000 - 0x00007fff78faa000 	C:\Program Files\Eclipse Adoptium\jdk-21.0.9.10-hotspot\bin\management.dll
0x00007fff76490000 - 0x00007fff7649c000 	C:\Program Files\Eclipse Adoptium\jdk-21.0.9.10-hotspot\bin\management_ext.dll
0x00007fff8c1b0000 - 0x00007fff8c1b8000 	C:\WINDOWS\System32\PSAPI.DLL
0x00007fff6b320000 - 0x00007fff6b330000 	C:\Program Files\Eclipse Adoptium\jdk-21.0.9.10-hotspot\bin\verify.dll
0x00007fff8a8d0000 - 0x00007fff8a8eb000 	C:\WINDOWS\SYSTEM32\CRYPTSP.dll
0x00007fff8a000000 - 0x00007fff8a03a000 	C:\WINDOWS\system32\rsaenh.dll
0x00007fff8a6c0000 - 0x00007fff8a6eb000 	C:\WINDOWS\SYSTEM32\USERENV.dll
0x00007fff8b1e0000 - 0x00007fff8b20a000 	C:\WINDOWS\SYSTEM32\bcrypt.dll
0x00007fff8a8f0000 - 0x00007fff8a8fc000 	C:\WINDOWS\SYSTEM32\CRYPTBASE.dll
0x00007fff89a90000 - 0x00007fff89ac4000 	C:\WINDOWS\SYSTEM32\IPHLPAPI.DLL
0x00007fff8c1a0000 - 0x00007fff8c1aa000 	C:\WINDOWS\System32\NSI.dll
0x00007fff30c50000 - 0x00007fff30c99000 	C:\Users\crist\AppData\Local\Temp\jna-94929339\jna8460963348389137464.dll
0x00007fff848f0000 - 0x00007fff8490e000 	C:\WINDOWS\SYSTEM32\dhcpcsvc6.DLL
0x00007fff847d0000 - 0x00007fff847f3000 	C:\WINDOWS\SYSTEM32\dhcpcsvc.DLL
0x00007fff78fb0000 - 0x00007fff78fbe000 	C:\Program Files\Eclipse Adoptium\jdk-21.0.9.10-hotspot\bin\sunmscapi.dll
0x00007fff8b690000 - 0x00007fff8b807000 	C:\WINDOWS\System32\CRYPT32.dll
0x00007fff8aa70000 - 0x00007fff8aaa0000 	C:\WINDOWS\SYSTEM32\ncrypt.dll
0x00007fff8aa20000 - 0x00007fff8aa5f000 	C:\WINDOWS\SYSTEM32\NTASN1.dll
0x00007fff89b20000 - 0x00007fff89c4c000 	C:\WINDOWS\SYSTEM32\DNSAPI.dll
0x00007fff82a30000 - 0x00007fff82a3b000 	C:\Windows\System32\rasadhlp.dll
0x00007fff84a70000 - 0x00007fff84af6000 	C:\WINDOWS\System32\fwpuclnt.dll
0x00007fff76480000 - 0x00007fff76489000 	C:\Program Files\Eclipse Adoptium\jdk-21.0.9.10-hotspot\bin\extnet.dll

JVMTI agents: none

dbghelp: loaded successfully - version: 4.0.5 - missing functions: none
symbol engine: initialized successfully - sym options: 0x614 - pdb path: .;C:\Program Files\Eclipse Adoptium\jdk-21.0.9.10-hotspot\bin;C:\WINDOWS\SYSTEM32;C:\WINDOWS\WinSxS\amd64_microsoft.windows.common-controls_6595b64144ccf1df_6.0.26100.7309_none_3e05feeae336a044;C:\Program Files\Eclipse Adoptium\jdk-21.0.9.10-hotspot\bin\server;C:\Users\crist\.local\share\opencode\bin\jdtls\config_win\org.eclipse.equinox.launcher\org.eclipse.equinox.launcher.win32.win32.x86_64_1.2.1500.v20260121-1430;C:\Users\crist\AppData\Local\Temp\jna-94929339

VM Arguments:
java_command: C:\Users\crist\.local\share\opencode\bin\jdtls\plugins\org.eclipse.equinox.launcher_1.7.100.v20251111-0406.jar -configuration C:\Users\crist\.local\share\opencode\bin\jdtls\config_win -data C:\Users\crist\AppData\Local\Temp\opencode-jdtls-datacw6gFD -Declipse.application=org.eclipse.jdt.ls.core.id1 -Dosgi.bundles.defaultStartLevel=4 -Declipse.product=org.eclipse.jdt.ls.core.product -Dlog.level=ALL --add-modules=ALL-SYSTEM --add-opens java.base/java.util=ALL-UNNAMED --add-opens java.base/java.lang=ALL-UNNAMED
java_class_path (initial): C:\Users\crist\.local\share\opencode\bin\jdtls\plugins\org.eclipse.equinox.launcher_1.7.100.v20251111-0406.jar
Launcher Type: SUN_STANDARD

[Global flags]
     intx CICompilerCount                          = 12                                        {product} {ergonomic}
     uint ConcGCThreads                            = 3                                         {product} {ergonomic}
     uint G1ConcRefinementThreads                  = 13                                        {product} {ergonomic}
   size_t G1HeapRegionSize                         = 1048576                                   {product} {ergonomic}
    uintx GCDrainStackTargetSize                   = 64                                        {product} {ergonomic}
   size_t InitialHeapSize                          = 125829120                                 {product} {ergonomic}
   size_t MarkStackSize                            = 4194304                                   {product} {ergonomic}
   size_t MaxHeapSize                              = 2000683008                                {product} {ergonomic}
   size_t MaxNewSize                               = 1199570944                                {product} {ergonomic}
   size_t MinHeapDeltaBytes                        = 1048576                                   {product} {ergonomic}
   size_t MinHeapSize                              = 8388608                                   {product} {ergonomic}
    uintx NonNMethodCodeHeapSize                   = 7602480                                {pd product} {ergonomic}
    uintx NonProfiledCodeHeapSize                  = 122027880                              {pd product} {ergonomic}
    uintx ProfiledCodeHeapSize                     = 122027880                              {pd product} {ergonomic}
    uintx ReservedCodeCacheSize                    = 251658240                              {pd product} {ergonomic}
     bool SegmentedCodeCache                       = true                                      {product} {ergonomic}
   size_t SoftMaxHeapSize                          = 2000683008                             {manageable} {ergonomic}
     bool UseCompressedOops                        = true                           {product lp64_product} {ergonomic}
     bool UseG1GC                                  = true                                      {product} {ergonomic}
     bool UseLargePagesIndividualAllocation        = false                                  {pd product} {ergonomic}

Logging:
Log output configuration:
 #0: stdout all=warning uptime,level,tags foldmultilines=false
 #1: stderr all=off uptime,level,tags foldmultilines=false

Release file:
IMPLEMENTOR="Eclipse Adoptium" 
IMPLEMENTOR_VERSION="Temurin-21.0.9+10" 
JAVA_RUNTIME_VERSION="21.0.9+10-LTS" 
JAVA_VERSION="21.0.9" 
JAVA_VERSION_DATE="2025-10-21" 
LIBC="default" 
MODULES="java.base java.compiler java.datatransfer java.xml java.prefs java.desktop java.instrument java.logging java.management java.security.sasl java.naming java.rmi java.management.rmi java.net.http java.scripting java.security.jgss java.transaction.xa java.sql java.sql.rowset java.xml.crypto java.se java.smartcardio jdk.accessibility jdk.internal.jvmstat jdk.attach jdk.charsets jdk.internal.opt jdk.zipfs jdk.compiler jdk.crypto.ec jdk.crypto.cryptoki jdk.crypto.mscapi jdk.dynalink jdk.internal.ed jdk.editpad jdk.hotspot.agent jdk.httpserver jdk.incubator.vector jdk.internal.le jdk.internal.vm.ci jdk.internal.vm.compiler jdk.internal.vm.compiler.management jdk.jartool jdk.javadoc jdk.jcmd jdk.management jdk.management.agent jdk.jconsole jdk.jdeps jdk.jdwp.agent jdk.jdi jdk.jfr jdk.jlink jdk.jpackage jdk.jshell jdk.jsobject jdk.jstatd jdk.localedata jdk.management.jfr jdk.naming.dns jdk.naming.rmi jdk.net jdk.nio.mapmode jdk.random jdk.sctp jdk.security.auth jdk.security.jgss jdk.unsupported jdk.unsupported.desktop jdk.xml.dom" 
OS_ARCH="x86_64" 
OS_NAME="Windows" 
SOURCE=".:git:759062135b07" 
BUILD_SOURCE="git:839fa0b45d809157cffd3dc8515aad262a4a1776"
BUILD_SOURCE_REPO="https://github.com/adoptium/temurin-build.git"
SOURCE_REPO="https://github.com/adoptium/jdk21u.git"
FULL_VERSION="21.0.9+10-LTS"
SEMANTIC_VERSION="21.0.9+10"
BUILD_INFO="OS: Windows Server 2022 Version: 10.0"
JVM_VARIANT="Hotspot"
JVM_VERSION="21.0.9+10-LTS"
IMAGE_TYPE="JDK"

Environment Variables:
PATH=C:\Program Files\Eclipse Adoptium\jdk-21.0.9.10-hotspot\bin;C:\Program Files (x86)\Common Files\Oracle\Java\javapath;C:\WINDOWS\system32;C:\WINDOWS;C:\WINDOWS\System32\Wbem;C:\WINDOWS\System32\WindowsPowerShell\v1.0\;C:\WINDOWS\System32\OpenSSH\;C:\Program Files\nodejs\;C:\Users\crist\AppData\Local\Microsoft\WindowsApps;D:\Microsoft VS Code\bin;C:\Users\crist\AppData\Roaming\npm
USERNAME=crist
OS=Windows_NT
PROCESSOR_IDENTIFIER=AMD64 Family 23 Model 96 Stepping 1, AuthenticAMD
TMP=C:\Users\crist\AppData\Local\Temp
TEMP=C:\Users\crist\AppData\Local\Temp




Periodic native trim disabled

---------------  S Y S T E M  ---------------

OS:
 Windows 11 , 64 bit Build 26100 (10.0.26100.7623)
OS uptime: 4 days 8:28 hours
Hyper-V role detected

CPU: total 16 (initial active 16) (16 cores per cpu, 2 threads per core) family 23 model 96 stepping 1 microcode 0x860010f, cx8, cmov, fxsr, ht, mmx, 3dnowpref, sse, sse2, sse3, ssse3, sse4a, sse4.1, sse4.2, popcnt, lzcnt, tsc, tscinvbit, avx, avx2, aes, clmul, bmi1, bmi2, adx, sha, fma, vzeroupper, clflush, clflushopt, hv, rdtscp, rdpid, f16c
Processor Information for the first 16 processors :
  Max Mhz: 2000, Current Mhz: 2000, Mhz Limit: 2000

Memory: 4k page, system-wide physical 7631M (652M free)
TotalPageFile size 31183M (AvailPageFile size 2M)
current process WorkingSet (physical memory assigned to process): 309M, peak: 782M
current process commit charge ("private bytes"): 949M, peak: 1242M

vm_info: OpenJDK 64-Bit Server VM (21.0.9+10-LTS) for windows-amd64 JRE (21.0.9+10-LTS), built on 2025-10-21T00:00:00Z by "admin" with unknown MS VC++:1942

END.
