[17:16:03] 📁 Log file opened: logs/server_22.01.2026.log
[17:16:03] ===========================================
[17:16:03]       FORUM APP SERVER - UTM FCIM
[17:16:03]       Autor: Buga Pavel - CR-231
[17:16:03]       Port: 12345
[17:16:03]       Data: 22.01.2026 17:16:03
[17:16:03] ===========================================

[17:16:03] 🚀 Initializare server...
[17:16:03] 🧪 Test baza de date...
[17:16:04] ✅ Test autentificare: PASSED (student)
[17:16:04] ✅ Test thread-uri: 9 thread-uri găsite
[17:16:04] ✅ Test tag-uri: 8 tag-uri găsite
[17:16:04] ✅ Server pornit pe portul 12345
[17:16:04] 📍 Accesează: localhost:12345
[17:16:04] ⏳ Aștept conexiuni...

[17:16:31] 🔗 Client conectat: 127.0.0.1
[17:16:31] 🎬 ClientHandler pornit pentru: /127.0.0.1
[17:16:33] 📥 Primit de la anonim: LOGIN:student:student123
[17:16:33] ✅ student autentificat (session: sess_1769094993775_1)
[17:16:33] 📥 Primit de la student: GET_THREADS
[17:16:33] 📤 Trimis 9 thread-uri către student
[17:16:33] 📥 Primit de la student: GET_ACTIVE_USERS:null
[17:16:35] 📥 Primit de la student: GET_THREAD:3
[17:16:35] 📤 Trimis thread #3 către student
[17:16:35] 📥 Primit de la student: UPDATE_ACTIVITY:sess_1769094993775_1:1:3
[17:16:35] 📥 Primit de la student: GET_COMMENTS:3
[17:16:35] 📤 Trimis 13 comentarii pentru thread #3
[17:16:35] 📥 Primit de la student: GET_ACTIVE_USERS:3
[17:16:42] 📥 Primit de la student: GET_COMMENTS:3
[17:16:42] 📤 Trimis 13 comentarii pentru thread #3
[17:16:42] 📥 Primit de la student: GET_ACTIVE_USERS:3
[17:16:48] 📥 Primit de la student: VOTE:1:3:null:upvote
[17:16:48] 📥 Primit de la student: UPDATE_ACTIVITY:sess_1769094993775_1:1:3
[17:16:48] 📥 Primit de la student: GET_COMMENTS:3
[17:16:48] 📤 Trimis 13 comentarii pentru thread #3
[17:16:48] 📥 Primit de la student: GET_ACTIVE_USERS:3
[17:16:55] 📥 Primit de la student: GET_COMMENTS:3
[17:16:55] 📤 Trimis 13 comentarii pentru thread #3
[17:16:55] 📥 Primit de la student: GET_ACTIVE_USERS:3
[17:16:59] 📥 Primit de la student: ADD_COMMENT:3:1:sallut
[17:16:59] ✅ student a adăugat comentariu la thread #3
[17:16:59] 📢 Broadcasting comment update for thread #3
[17:16:59] 📤 Sending 14 comments to student
[17:16:59] 📤 Trimis 14 comentarii către student
[17:16:59] 📥 Primit de la student: GET_COMMENTS:3
[17:16:59] 📤 Trimis 14 comentarii pentru thread #3
[17:16:59] 📥 Primit de la student: GET_ACTIVE_USERS:3
[17:16:59] 📥 Primit de la student: GET_THREADS
[17:16:59] 📤 Trimis 9 thread-uri către student
[17:16:59] 📥 Primit de la student: UPDATE_ACTIVITY:sess_1769094993775_1:1:3
[17:16:59] 📥 Primit de la student: GET_COMMENTS:3
[17:16:59] 📤 Trimis 14 comentarii pentru thread #3
[17:16:59] 📥 Primit de la student: GET_ACTIVE_USERS:3
[17:16:59] 📥 Primit de la student: GET_THREADS
[17:16:59] 📤 Trimis 9 thread-uri către student
[17:17:03] 📥 Primit de la student: GET_THREADS
[17:17:03] 📤 Trimis 9 thread-uri către student
[17:17:03] 📥 Primit de la student: GET_ACTIVE_USERS:3
[17:17:03] 📥 Primit de la student: HEARTBEAT:sess_1769094993775_1:1:3
[17:17:06] 📥 Primit de la student: GET_COMMENTS:3
[17:17:06] 📤 Trimis 14 comentarii pentru thread #3
[17:17:06] 📥 Primit de la student: GET_ACTIVE_USERS:3
[17:17:08] 📥 Primit de la student: GET_THREADS
[17:17:08] 📤 Trimis 9 thread-uri către student
[17:17:09] 📥 Primit de la student: GET_THREADS
[17:17:09] 📤 Trimis 9 thread-uri către student
[17:17:09] 📥 Primit de la student: GET_THREADS
[17:17:09] 📤 Trimis 9 thread-uri către student
[17:17:09] 📥 Primit de la student: GET_THREADS
[17:17:09] 📤 Trimis 9 thread-uri către student
[17:17:10] 📥 Primit de la student: GET_THREADS
[17:17:10] 📤 Trimis 9 thread-uri către student
[17:17:10] 📥 Primit de la student: GET_THREADS
[17:17:10] 📤 Trimis 9 thread-uri către student
[17:17:10] 📥 Primit de la student: GET_THREADS
[17:17:10] 📤 Trimis 9 thread-uri către student
[17:17:10] 📥 Primit de la student: GET_THREADS
[17:17:10] 📤 Trimis 9 thread-uri către student
[17:17:12] 📥 Primit de la student: GET_THREADS
[17:17:12] 📤 Trimis 9 thread-uri către student
[17:17:12] 📥 Primit de la student: GET_THREADS
[17:17:12] 📤 Trimis 9 thread-uri către student
[17:17:12] 📥 Primit de la student: GET_THREADS
[17:17:12] 📤 Trimis 9 thread-uri către student
[17:17:13] 📥 Primit de la student: GET_THREADS
[17:17:13] 📤 Trimis 9 thread-uri către student
[17:17:13] 📥 Primit de la student: GET_THREADS
[17:17:13] 📤 Trimis 9 thread-uri către student
[17:17:13] 📥 Primit de la student: GET_COMMENTS:3
[17:17:13] 📤 Trimis 14 comentarii pentru thread #3
[17:17:13] 📥 Primit de la student: GET_ACTIVE_USERS:3
[17:17:13] 📥 Primit de la student: GET_THREADS
[17:17:13] 📤 Trimis 9 thread-uri către student
[17:17:14] 📥 Primit de la student: GET_THREAD:3
[17:17:14] 📤 Trimis thread #3 către student
[17:17:14] 📥 Primit de la student: UPDATE_ACTIVITY:sess_1769094993775_1:1:3
[17:17:14] 📥 Primit de la student: GET_COMMENTS:3
[17:17:14] 📤 Trimis 14 comentarii pentru thread #3
[17:17:14] 📥 Primit de la student: GET_ACTIVE_USERS:3
[17:17:17] 📥 Primit de la student: GET_THREAD:3
[17:17:17] 📤 Trimis thread #3 către student
[17:17:17] 📥 Primit de la student: UPDATE_ACTIVITY:sess_1769094993775_1:1:3
[17:17:17] 📥 Primit de la student: GET_COMMENTS:3
[17:17:17] 📤 Trimis 14 comentarii pentru thread #3
[17:17:17] 📥 Primit de la student: GET_ACTIVE_USERS:3
[17:17:18] 📥 Primit de la student: GET_THREAD:3
[17:17:18] 📤 Trimis thread #3 către student
[17:17:18] 📥 Primit de la student: UPDATE_ACTIVITY:sess_1769094993775_1:1:3
[17:17:18] 📥 Primit de la student: GET_COMMENTS:3
[17:17:18] 📤 Trimis 14 comentarii pentru thread #3
[17:17:18] 📥 Primit de la student: GET_ACTIVE_USERS:3
[17:17:18] 📥 Primit de la student: GET_THREAD:3
[17:17:18] 📤 Trimis thread #3 către student
[17:17:19] 📥 Primit de la student: UPDATE_ACTIVITY:sess_1769094993775_1:1:3
[17:17:19] 📥 Primit de la student: GET_COMMENTS:3
[17:17:19] 📤 Trimis 14 comentarii pentru thread #3
[17:17:19] 📥 Primit de la student: GET_ACTIVE_USERS:3
[17:17:19] 📥 Primit de la student: GET_THREAD:3
[17:17:19] 📤 Trimis thread #3 către student
[17:17:19] 📥 Primit de la student: UPDATE_ACTIVITY:sess_1769094993775_1:1:3
[17:17:19] 📥 Primit de la student: GET_COMMENTS:3
[17:17:19] 📤 Trimis 14 comentarii pentru thread #3
[17:17:19] 📥 Primit de la student: GET_ACTIVE_USERS:3
[17:17:19] 📥 Primit de la student: GET_THREAD:3
[17:17:19] 📤 Trimis thread #3 către student
[17:17:19] 📥 Primit de la student: UPDATE_ACTIVITY:sess_1769094993775_1:1:3
[17:17:19] 📥 Primit de la student: GET_COMMENTS:3
[17:17:20] 📤 Trimis 14 comentarii pentru thread #3
[17:17:20] 📥 Primit de la student: GET_ACTIVE_USERS:3
[17:17:21] 📥 Primit de la student: GET_THREAD:3
[17:17:21] 📤 Trimis thread #3 către student
[17:17:21] 📥 Primit de la student: UPDATE_ACTIVITY:sess_1769094993775_1:1:3
[17:17:21] 📥 Primit de la student: GET_COMMENTS:3
[17:17:21] 📤 Trimis 14 comentarii pentru thread #3
[17:17:21] 📥 Primit de la student: GET_ACTIVE_USERS:3
[17:17:21] 📥 Primit de la student: GET_THREAD:3
[17:17:21] 📤 Trimis thread #3 către student
[17:17:21] 📥 Primit de la student: UPDATE_ACTIVITY:sess_1769094993775_1:1:3
[17:17:21] 📥 Primit de la student: GET_COMMENTS:3
[17:17:21] 📤 Trimis 14 comentarii pentru thread #3
[17:17:21] 📥 Primit de la student: GET_ACTIVE_USERS:3
[17:17:21] 📥 Primit de la student: GET_THREAD:3
[17:17:21] 📤 Trimis thread #3 către student
[17:17:21] 📥 Primit de la student: UPDATE_ACTIVITY:sess_1769094993775_1:1:3
[17:17:21] 📥 Primit de la student: GET_COMMENTS:3
[17:17:21] 📤 Trimis 14 comentarii pentru thread #3
[17:17:21] 📥 Primit de la student: GET_ACTIVE_USERS:3
[17:17:28] 📥 Primit de la student: GET_COMMENTS:3
[17:17:28] 📤 Trimis 14 comentarii pentru thread #3
[17:17:28] 📥 Primit de la student: GET_ACTIVE_USERS:3
[17:17:33] 📥 Primit de la student: GET_THREADS
[17:17:33] 📤 Trimis 9 thread-uri către student
[17:17:33] 📥 Primit de la student: GET_ACTIVE_USERS:3
[17:17:33] 📥 Primit de la student: HEARTBEAT:sess_1769094993775_1:1:3
[17:17:35] 📥 Primit de la student: GET_COMMENTS:3
[17:17:35] 📤 Trimis 14 comentarii pentru thread #3
[17:17:35] 📥 Primit de la student: GET_ACTIVE_USERS:3
[17:17:42] 📥 Primit de la student: GET_COMMENTS:3
[17:17:42] 📤 Trimis 14 comentarii pentru thread #3
[17:17:42] 📥 Primit de la student: GET_ACTIVE_USERS:3
[17:17:49] 📥 Primit de la student: GET_COMMENTS:3
[17:17:49] 📤 Trimis 14 comentarii pentru thread #3
[17:17:49] 📥 Primit de la student: GET_ACTIVE_USERS:3
[17:17:56] 📥 Primit de la student: GET_COMMENTS:3
[17:17:56] 📤 Trimis 14 comentarii pentru thread #3
[17:17:56] 📥 Primit de la student: GET_ACTIVE_USERS:3
[17:18:03] 📥 Primit de la student: GET_COMMENTS:3
[17:18:03] 📤 Trimis 14 comentarii pentru thread #3
[17:18:03] 📥 Primit de la student: GET_ACTIVE_USERS:3
[17:18:03] 📥 Primit de la student: GET_THREADS
[17:18:03] 📤 Trimis 9 thread-uri către student
[17:18:03] 📥 Primit de la student: GET_ACTIVE_USERS:3
[17:18:03] 📥 Primit de la student: HEARTBEAT:sess_1769094993775_1:1:3
[17:18:10] 📥 Primit de la student: GET_THREAD:1
[17:18:10] 📤 Trimis thread #1 către student
[17:18:10] 📥 Primit de la student: UPDATE_ACTIVITY:sess_1769094993775_1:1:1
[17:18:10] 📥 Primit de la student: GET_COMMENTS:1
[17:18:10] 📤 Trimis 3 comentarii pentru thread #1
[17:18:10] 📥 Primit de la student: GET_ACTIVE_USERS:1
[17:18:12] 📥 Primit de la student: GET_THREAD:5
[17:18:12] 📤 Trimis thread #5 către student
[17:18:12] 📥 Primit de la student: UPDATE_ACTIVITY:sess_1769094993775_1:1:5
[17:18:12] 📥 Primit de la student: GET_COMMENTS:5
[17:18:12] 📤 Trimis 3 comentarii pentru thread #5
[17:18:12] 📥 Primit de la student: GET_ACTIVE_USERS:5
[17:18:13] 📥 Primit de la student: GET_THREAD:4
[17:18:13] 📤 Trimis thread #4 către student
[17:18:13] 📥 Primit de la student: UPDATE_ACTIVITY:sess_1769094993775_1:1:4
[17:18:13] 📥 Primit de la student: GET_COMMENTS:4
[17:18:13] 📤 Trimis 4 comentarii pentru thread #4
[17:18:13] 📥 Primit de la student: GET_ACTIVE_USERS:4
[17:18:20] 📥 Primit de la student: GET_COMMENTS:4
[17:18:20] 📤 Trimis 4 comentarii pentru thread #4
[17:18:20] 📥 Primit de la student: GET_ACTIVE_USERS:4
[17:18:27] 📥 Primit de la student: GET_COMMENTS:4
[17:18:27] 📤 Trimis 4 comentarii pentru thread #4
[17:18:27] 📥 Primit de la student: GET_ACTIVE_USERS:4
[17:18:28] 📴 Client disconnected: student
[17:18:28] 👋 Deconectare client: student
[17:18:30] 🔗 Client conectat: 127.0.0.1
[17:18:30] 🎬 ClientHandler pornit pentru: /127.0.0.1
[17:18:45] 📥 Primit de la anonim: LOGIN:profesor:prof123
[17:18:45] ✅ profesor autentificat (session: sess_1769095125776_2)
[17:18:45] 📥 Primit de la profesor: GET_THREADS
[17:18:45] 📤 Trimis 9 thread-uri către profesor
[17:18:45] 📥 Primit de la profesor: GET_ACTIVE_USERS:null
[17:18:49] 📥 Primit de la profesor: GET_THREAD:3
[17:18:49] 📤 Trimis thread #3 către profesor
[17:18:49] 📥 Primit de la profesor: UPDATE_ACTIVITY:sess_1769095125776_2:2:3
[17:18:49] 📥 Primit de la profesor: GET_COMMENTS:3
[17:18:49] 📤 Trimis 14 comentarii pentru thread #3
[17:18:49] 📥 Primit de la profesor: GET_ACTIVE_USERS:3
[17:18:56] 📥 Primit de la profesor: GET_COMMENTS:3
[17:18:56] 📤 Trimis 14 comentarii pentru thread #3
[17:18:56] 📥 Primit de la profesor: GET_ACTIVE_USERS:3
[17:19:03] 📥 Primit de la profesor: GET_COMMENTS:3
[17:19:03] 📤 Trimis 14 comentarii pentru thread #3
[17:19:03] 📥 Primit de la profesor: GET_ACTIVE_USERS:3
[17:19:10] 📥 Primit de la profesor: GET_COMMENTS:3
[17:19:10] 📤 Trimis 14 comentarii pentru thread #3
[17:19:10] 📥 Primit de la profesor: GET_ACTIVE_USERS:3
[17:19:15] 📥 Primit de la profesor: GET_THREADS
[17:19:15] 📤 Trimis 9 thread-uri către profesor
[17:19:15] 📥 Primit de la profesor: GET_ACTIVE_USERS:3
[17:19:15] 📥 Primit de la profesor: HEARTBEAT:sess_1769095125776_2:2:3
[17:19:17] 📥 Primit de la profesor: GET_COMMENTS:3
[17:19:17] 📤 Trimis 14 comentarii pentru thread #3
[17:19:17] 📥 Primit de la profesor: GET_ACTIVE_USERS:3
[17:19:24] 📥 Primit de la profesor: GET_COMMENTS:3
[17:19:24] 📤 Trimis 14 comentarii pentru thread #3
[17:19:24] 📥 Primit de la profesor: GET_ACTIVE_USERS:3
[17:19:31] 📥 Primit de la profesor: GET_COMMENTS:3
[17:19:31] 📤 Trimis 14 comentarii pentru thread #3
[17:19:31] 📥 Primit de la profesor: GET_ACTIVE_USERS:3
[17:19:38] 📥 Primit de la profesor: GET_COMMENTS:3
[17:19:38] 📤 Trimis 14 comentarii pentru thread #3
[17:19:38] 📥 Primit de la profesor: GET_ACTIVE_USERS:3
[17:19:45] 📥 Primit de la profesor: GET_COMMENTS:3
[17:19:45] 📤 Trimis 14 comentarii pentru thread #3
[17:19:45] 📥 Primit de la profesor: GET_ACTIVE_USERS:3
[17:19:45] 📥 Primit de la profesor: GET_THREADS
[17:19:45] 📤 Trimis 9 thread-uri către profesor
[17:19:45] 📥 Primit de la profesor: GET_ACTIVE_USERS:3
[17:19:45] 📥 Primit de la profesor: HEARTBEAT:sess_1769095125776_2:2:3
[17:19:52] 📥 Primit de la profesor: GET_COMMENTS:3
[17:19:52] 📤 Trimis 14 comentarii pentru thread #3
[17:19:52] 📥 Primit de la profesor: GET_ACTIVE_USERS:3
[17:19:59] 📥 Primit de la profesor: GET_COMMENTS:3
[17:19:59] 📤 Trimis 14 comentarii pentru thread #3
[17:19:59] 📥 Primit de la profesor: GET_ACTIVE_USERS:3
[17:20:06] 📥 Primit de la profesor: GET_COMMENTS:3
[17:20:06] 📤 Trimis 14 comentarii pentru thread #3
[17:20:06] 📥 Primit de la profesor: GET_ACTIVE_USERS:3
[17:20:13] 📥 Primit de la profesor: GET_COMMENTS:3
[17:20:13] 📤 Trimis 14 comentarii pentru thread #3
[17:20:13] 📥 Primit de la profesor: GET_ACTIVE_USERS:3
[17:20:15] 📥 Primit de la profesor: GET_THREADS
[17:20:15] 📤 Trimis 9 thread-uri către profesor
[17:20:15] 📥 Primit de la profesor: GET_ACTIVE_USERS:3
[17:20:15] 📥 Primit de la profesor: HEARTBEAT:sess_1769095125776_2:2:3
[17:20:20] 📥 Primit de la profesor: GET_COMMENTS:3
[17:20:20] 📤 Trimis 14 comentarii pentru thread #3
[17:20:20] 📥 Primit de la profesor: GET_ACTIVE_USERS:3
[17:20:27] 📥 Primit de la profesor: GET_COMMENTS:3
[17:20:27] 📤 Trimis 14 comentarii pentru thread #3
[17:20:27] 📥 Primit de la profesor: GET_ACTIVE_USERS:3
[17:20:34] 📥 Primit de la profesor: GET_COMMENTS:3
[17:20:34] 📤 Trimis 14 comentarii pentru thread #3
[17:20:34] 📥 Primit de la profesor: GET_ACTIVE_USERS:3
[17:20:41] 📥 Primit de la profesor: GET_COMMENTS:3
[17:20:41] 📤 Trimis 14 comentarii pentru thread #3
[17:20:41] 📥 Primit de la profesor: GET_ACTIVE_USERS:3
[17:20:45] 📥 Primit de la profesor: GET_THREADS
[17:20:45] 📤 Trimis 9 thread-uri către profesor
[17:20:45] 📥 Primit de la profesor: GET_ACTIVE_USERS:3
[17:20:45] 📥 Primit de la profesor: HEARTBEAT:sess_1769095125776_2:2:3
[17:20:48] 📥 Primit de la profesor: GET_COMMENTS:3
[17:20:48] 📤 Trimis 14 comentarii pentru thread #3
[17:20:48] 📥 Primit de la profesor: GET_ACTIVE_USERS:3
[17:20:55] 📥 Primit de la profesor: GET_COMMENTS:3
[17:20:55] 📤 Trimis 14 comentarii pentru thread #3
[17:20:55] 📥 Primit de la profesor: GET_ACTIVE_USERS:3
[17:21:02] 📥 Primit de la profesor: GET_COMMENTS:3
[17:21:02] 📤 Trimis 14 comentarii pentru thread #3
[17:21:02] 📥 Primit de la profesor: GET_ACTIVE_USERS:3
[17:21:09] 📥 Primit de la profesor: GET_COMMENTS:3
[17:21:09] 📤 Trimis 14 comentarii pentru thread #3
[17:21:09] 📥 Primit de la profesor: GET_ACTIVE_USERS:3
[17:21:15] 📥 Primit de la profesor: GET_THREADS
[17:21:15] 📤 Trimis 9 thread-uri către profesor
[17:21:15] 📥 Primit de la profesor: GET_ACTIVE_USERS:3
[17:21:15] 📥 Primit de la profesor: HEARTBEAT:sess_1769095125776_2:2:3
[17:21:16] 📥 Primit de la profesor: GET_COMMENTS:3
[17:21:16] 📤 Trimis 14 comentarii pentru thread #3
[17:21:16] 📥 Primit de la profesor: GET_ACTIVE_USERS:3
[17:21:23] 📥 Primit de la profesor: GET_COMMENTS:3
[17:21:23] 📤 Trimis 14 comentarii pentru thread #3
[17:21:23] 📥 Primit de la profesor: GET_ACTIVE_USERS:3
[17:21:30] 📥 Primit de la profesor: GET_COMMENTS:3
[17:21:30] 📤 Trimis 14 comentarii pentru thread #3
[17:21:30] 📥 Primit de la profesor: GET_ACTIVE_USERS:3
[17:21:37] 📥 Primit de la profesor: GET_COMMENTS:3
[17:21:37] 📤 Trimis 14 comentarii pentru thread #3
[17:21:37] 📥 Primit de la profesor: GET_ACTIVE_USERS:3
[17:21:44] 📥 Primit de la profesor: GET_COMMENTS:3
[17:21:44] 📤 Trimis 14 comentarii pentru thread #3
[17:21:44] 📥 Primit de la profesor: GET_ACTIVE_USERS:3
[17:21:45] 📥 Primit de la profesor: GET_THREADS
[17:21:45] 📤 Trimis 9 thread-uri către profesor
[17:21:45] 📥 Primit de la profesor: GET_ACTIVE_USERS:3
[17:21:45] 📥 Primit de la profesor: HEARTBEAT:sess_1769095125776_2:2:3
[17:21:51] 📥 Primit de la profesor: GET_COMMENTS:3
[17:21:51] 📤 Trimis 14 comentarii pentru thread #3
[17:21:51] 📥 Primit de la profesor: GET_ACTIVE_USERS:3
[17:21:58] 📥 Primit de la profesor: GET_COMMENTS:3
[17:21:58] 📤 Trimis 14 comentarii pentru thread #3
[17:21:58] 📥 Primit de la profesor: GET_ACTIVE_USERS:3
[17:22:05] 📥 Primit de la profesor: GET_COMMENTS:3
[17:22:05] 📤 Trimis 14 comentarii pentru thread #3
[17:22:05] 📥 Primit de la profesor: GET_ACTIVE_USERS:3
[17:22:12] 📥 Primit de la profesor: GET_COMMENTS:3
[17:22:12] 📤 Trimis 14 comentarii pentru thread #3
[17:22:12] 📥 Primit de la profesor: GET_ACTIVE_USERS:3
[17:22:15] 📥 Primit de la profesor: GET_THREADS
[17:22:15] 📤 Trimis 9 thread-uri către profesor
[17:22:15] 📥 Primit de la profesor: GET_ACTIVE_USERS:3
[17:22:15] 📥 Primit de la profesor: HEARTBEAT:sess_1769095125776_2:2:3
[17:22:19] 📥 Primit de la profesor: GET_COMMENTS:3
[17:22:19] 📤 Trimis 14 comentarii pentru thread #3
[17:22:19] 📥 Primit de la profesor: GET_ACTIVE_USERS:3
[17:22:26] 📥 Primit de la profesor: GET_COMMENTS:3
[17:22:26] 📤 Trimis 14 comentarii pentru thread #3
[17:22:26] 📥 Primit de la profesor: GET_ACTIVE_USERS:3
[17:22:33] 📥 Primit de la profesor: GET_COMMENTS:3
[17:22:33] 📤 Trimis 14 comentarii pentru thread #3
[17:22:33] 📥 Primit de la profesor: GET_ACTIVE_USERS:3
[17:22:40] 📥 Primit de la profesor: GET_COMMENTS:3
[17:22:40] 📤 Trimis 14 comentarii pentru thread #3
[17:22:40] 📥 Primit de la profesor: GET_ACTIVE_USERS:3
[17:22:45] 📥 Primit de la profesor: GET_THREADS
[17:22:45] 📤 Trimis 9 thread-uri către profesor
[17:22:45] 📥 Primit de la profesor: GET_ACTIVE_USERS:3
[17:22:45] 📥 Primit de la profesor: HEARTBEAT:sess_1769095125776_2:2:3
[17:22:47] 📥 Primit de la profesor: GET_COMMENTS:3
[17:22:47] 📤 Trimis 14 comentarii pentru thread #3
[17:22:47] 📥 Primit de la profesor: GET_ACTIVE_USERS:3
[17:22:54] 📥 Primit de la profesor: GET_COMMENTS:3
[17:22:54] 📤 Trimis 14 comentarii pentru thread #3
[17:22:54] 📥 Primit de la profesor: GET_ACTIVE_USERS:3
[17:23:01] 📥 Primit de la profesor: GET_COMMENTS:3
[17:23:01] 📤 Trimis 14 comentarii pentru thread #3
[17:23:01] 📥 Primit de la profesor: GET_ACTIVE_USERS:3
[17:23:08] 📥 Primit de la profesor: GET_COMMENTS:3
[17:23:08] 📤 Trimis 14 comentarii pentru thread #3
[17:23:08] 📥 Primit de la profesor: GET_ACTIVE_USERS:3
[17:23:15] 📥 Primit de la profesor: GET_THREADS
[17:23:15] 📤 Trimis 9 thread-uri către profesor
[17:23:15] 📥 Primit de la profesor: GET_ACTIVE_USERS:3
[17:23:15] 📥 Primit de la profesor: HEARTBEAT:sess_1769095125776_2:2:3
[17:23:15] 📥 Primit de la profesor: GET_COMMENTS:3
[17:23:15] 📤 Trimis 14 comentarii pentru thread #3
[17:23:15] 📥 Primit de la profesor: GET_ACTIVE_USERS:3
[17:23:22] 📥 Primit de la profesor: GET_COMMENTS:3
[17:23:22] 📤 Trimis 14 comentarii pentru thread #3
[17:23:22] 📥 Primit de la profesor: GET_ACTIVE_USERS:3
[17:23:29] 📥 Primit de la profesor: GET_COMMENTS:3
[17:23:29] 📤 Trimis 14 comentarii pentru thread #3
[17:23:29] 📥 Primit de la profesor: GET_ACTIVE_USERS:3
[17:23:36] 📥 Primit de la profesor: GET_COMMENTS:3
[17:23:36] 📤 Trimis 14 comentarii pentru thread #3
[17:23:36] 📥 Primit de la profesor: GET_ACTIVE_USERS:3
[17:23:43] 📥 Primit de la profesor: GET_COMMENTS:3
[17:23:43] 📤 Trimis 14 comentarii pentru thread #3
[17:23:43] 📥 Primit de la profesor: GET_ACTIVE_USERS:3
[17:23:45] 📥 Primit de la profesor: GET_THREADS
[17:23:45] 📤 Trimis 9 thread-uri către profesor
[17:23:45] 📥 Primit de la profesor: GET_ACTIVE_USERS:3
[17:23:45] 📥 Primit de la profesor: HEARTBEAT:sess_1769095125776_2:2:3
[17:23:50] 📥 Primit de la profesor: GET_COMMENTS:3
[17:23:50] 📤 Trimis 14 comentarii pentru thread #3
[17:23:50] 📥 Primit de la profesor: GET_ACTIVE_USERS:3
[17:23:57] 📥 Primit de la profesor: GET_COMMENTS:3
[17:23:57] 📤 Trimis 14 comentarii pentru thread #3
[17:23:57] 📥 Primit de la profesor: GET_ACTIVE_USERS:3
[17:24:04] 📥 Primit de la profesor: GET_COMMENTS:3
[17:24:04] 📤 Trimis 14 comentarii pentru thread #3
[17:24:04] 📥 Primit de la profesor: GET_ACTIVE_USERS:3
[17:24:11] 📥 Primit de la profesor: GET_COMMENTS:3
[17:24:11] 📤 Trimis 14 comentarii pentru thread #3
[17:24:11] 📥 Primit de la profesor: GET_ACTIVE_USERS:3
[17:24:15] 📥 Primit de la profesor: GET_THREADS
[17:24:15] 📤 Trimis 9 thread-uri către profesor
[17:24:15] 📥 Primit de la profesor: GET_ACTIVE_USERS:3
[17:24:15] 📥 Primit de la profesor: HEARTBEAT:sess_1769095125776_2:2:3
[17:24:18] 📥 Primit de la profesor: GET_COMMENTS:3
[17:24:18] 📤 Trimis 14 comentarii pentru thread #3
[17:24:18] 📥 Primit de la profesor: GET_ACTIVE_USERS:3
[17:24:25] 📥 Primit de la profesor: GET_COMMENTS:3
[17:24:25] 📤 Trimis 14 comentarii pentru thread #3
[17:24:25] 📥 Primit de la profesor: GET_ACTIVE_USERS:3
[17:24:32] 📥 Primit de la profesor: GET_COMMENTS:3
[17:24:32] 📤 Trimis 14 comentarii pentru thread #3
[17:24:32] 📥 Primit de la profesor: GET_ACTIVE_USERS:3
[17:24:39] 📥 Primit de la profesor: GET_COMMENTS:3
[17:24:39] 📤 Trimis 14 comentarii pentru thread #3
[17:24:39] 📥 Primit de la profesor: GET_ACTIVE_USERS:3
[17:24:45] 📥 Primit de la profesor: GET_THREADS
[17:24:45] 📤 Trimis 9 thread-uri către profesor
[17:24:45] 📥 Primit de la profesor: GET_ACTIVE_USERS:3
[17:24:45] 📥 Primit de la profesor: HEARTBEAT:sess_1769095125776_2:2:3
[17:24:46] 📥 Primit de la profesor: GET_COMMENTS:3
[17:24:46] 📤 Trimis 14 comentarii pentru thread #3
[17:24:46] 📥 Primit de la profesor: GET_ACTIVE_USERS:3
[17:24:53] 📥 Primit de la profesor: GET_COMMENTS:3
[17:24:53] 📤 Trimis 14 comentarii pentru thread #3
[17:24:53] 📥 Primit de la profesor: GET_ACTIVE_USERS:3
[17:25:00] 📥 Primit de la profesor: GET_COMMENTS:3
[17:25:00] 📤 Trimis 14 comentarii pentru thread #3
[17:25:00] 📥 Primit de la profesor: GET_ACTIVE_USERS:3
[17:25:07] 📥 Primit de la profesor: GET_COMMENTS:3
[17:25:07] 📤 Trimis 14 comentarii pentru thread #3
[17:25:07] 📥 Primit de la profesor: GET_ACTIVE_USERS:3
[17:25:14] 📥 Primit de la profesor: GET_COMMENTS:3
[17:25:14] 📤 Trimis 14 comentarii pentru thread #3
[17:25:14] 📥 Primit de la profesor: GET_ACTIVE_USERS:3
[17:25:15] 📥 Primit de la profesor: GET_THREADS
[17:25:15] 📤 Trimis 9 thread-uri către profesor
[17:25:15] 📥 Primit de la profesor: GET_ACTIVE_USERS:3
[17:25:15] 📥 Primit de la profesor: HEARTBEAT:sess_1769095125776_2:2:3
[17:25:21] 📥 Primit de la profesor: GET_COMMENTS:3
[17:25:21] 📤 Trimis 14 comentarii pentru thread #3
[17:25:21] 📥 Primit de la profesor: GET_ACTIVE_USERS:3
[17:25:28] 📥 Primit de la profesor: GET_COMMENTS:3
[17:25:28] 📤 Trimis 14 comentarii pentru thread #3
[17:25:28] 📥 Primit de la profesor: GET_ACTIVE_USERS:3
[17:25:35] 📥 Primit de la profesor: GET_COMMENTS:3
[17:25:35] 📤 Trimis 14 comentarii pentru thread #3
[17:25:35] 📥 Primit de la profesor: GET_ACTIVE_USERS:3
[17:25:42] 📥 Primit de la profesor: GET_COMMENTS:3
[17:25:42] 📤 Trimis 14 comentarii pentru thread #3
[17:25:42] 📥 Primit de la profesor: GET_ACTIVE_USERS:3
[17:25:45] 📥 Primit de la profesor: GET_THREADS
[17:25:45] 📤 Trimis 9 thread-uri către profesor
[17:25:45] 📥 Primit de la profesor: GET_ACTIVE_USERS:3
[17:25:45] 📥 Primit de la profesor: HEARTBEAT:sess_1769095125776_2:2:3
[17:25:49] 📥 Primit de la profesor: GET_COMMENTS:3
[17:25:49] 📤 Trimis 14 comentarii pentru thread #3
[17:25:49] 📥 Primit de la profesor: GET_ACTIVE_USERS:3
[17:25:56] 📥 Primit de la profesor: GET_COMMENTS:3
[17:25:56] 📤 Trimis 14 comentarii pentru thread #3
[17:25:56] 📥 Primit de la profesor: GET_ACTIVE_USERS:3
[17:26:03] 📥 Primit de la profesor: GET_COMMENTS:3
[17:26:03] 📤 Trimis 14 comentarii pentru thread #3
[17:26:03] 📥 Primit de la profesor: GET_ACTIVE_USERS:3
[17:26:10] 📥 Primit de la profesor: GET_COMMENTS:3
[17:26:10] 📤 Trimis 14 comentarii pentru thread #3
[17:26:10] 📥 Primit de la profesor: GET_ACTIVE_USERS:3
[17:26:15] 📥 Primit de la profesor: GET_THREADS
[17:26:15] 📤 Trimis 9 thread-uri către profesor
[17:26:15] 📥 Primit de la profesor: GET_ACTIVE_USERS:3
[17:26:15] 📥 Primit de la profesor: HEARTBEAT:sess_1769095125776_2:2:3
[17:26:17] 📥 Primit de la profesor: GET_COMMENTS:3
[17:26:17] 📤 Trimis 14 comentarii pentru thread #3
[17:26:17] 📥 Primit de la profesor: GET_ACTIVE_USERS:3
[17:26:24] 📥 Primit de la profesor: GET_COMMENTS:3
[17:26:24] 📤 Trimis 14 comentarii pentru thread #3
[17:26:24] 📥 Primit de la profesor: GET_ACTIVE_USERS:3
[17:26:31] 📥 Primit de la profesor: GET_COMMENTS:3
[17:26:31] 📤 Trimis 14 comentarii pentru thread #3
[17:26:31] 📥 Primit de la profesor: GET_ACTIVE_USERS:3
[17:26:38] 📥 Primit de la profesor: GET_COMMENTS:3
[17:26:38] 📤 Trimis 14 comentarii pentru thread #3
[17:26:38] 📥 Primit de la profesor: GET_ACTIVE_USERS:3
[17:26:45] 📥 Primit de la profesor: GET_THREADS
[17:26:45] 📤 Trimis 9 thread-uri către profesor
[17:26:45] 📥 Primit de la profesor: GET_ACTIVE_USERS:3
[17:26:45] 📥 Primit de la profesor: HEARTBEAT:sess_1769095125776_2:2:3
[17:26:46] 📥 Primit de la profesor: GET_COMMENTS:3
[17:26:46] 📤 Trimis 14 comentarii pentru thread #3
[17:26:46] 📥 Primit de la profesor: GET_ACTIVE_USERS:3
[17:26:52] 📥 Primit de la profesor: GET_COMMENTS:3
[17:26:52] 📤 Trimis 14 comentarii pentru thread #3
[17:26:52] 📥 Primit de la profesor: GET_ACTIVE_USERS:3
[17:26:59] 📥 Primit de la profesor: GET_COMMENTS:3
[17:26:59] 📤 Trimis 14 comentarii pentru thread #3
[17:26:59] 📥 Primit de la profesor: GET_ACTIVE_USERS:3
[17:27:06] 📥 Primit de la profesor: GET_COMMENTS:3
[17:27:06] 📤 Trimis 14 comentarii pentru thread #3
[17:27:06] 📥 Primit de la profesor: GET_ACTIVE_USERS:3
[17:27:13] 📥 Primit de la profesor: GET_COMMENTS:3
[17:27:13] 📤 Trimis 14 comentarii pentru thread #3
[17:27:13] 📥 Primit de la profesor: GET_ACTIVE_USERS:3
[17:27:15] 📥 Primit de la profesor: GET_THREADS
[17:27:15] 📤 Trimis 9 thread-uri către profesor
[17:27:15] 📥 Primit de la profesor: GET_ACTIVE_USERS:3
[17:27:15] 📥 Primit de la profesor: HEARTBEAT:sess_1769095125776_2:2:3
[17:27:20] 📥 Primit de la profesor: GET_COMMENTS:3
[17:27:20] 📤 Trimis 14 comentarii pentru thread #3
[17:27:20] 📥 Primit de la profesor: GET_ACTIVE_USERS:3
[17:27:27] 📥 Primit de la profesor: GET_COMMENTS:3
[17:27:27] 📤 Trimis 14 comentarii pentru thread #3
[17:27:27] 📥 Primit de la profesor: GET_ACTIVE_USERS:3
[17:27:34] 📥 Primit de la profesor: GET_COMMENTS:3
[17:27:34] 📤 Trimis 14 comentarii pentru thread #3
[17:27:34] 📥 Primit de la profesor: GET_ACTIVE_USERS:3
[17:27:41] 📥 Primit de la profesor: GET_COMMENTS:3
[17:27:41] 📤 Trimis 14 comentarii pentru thread #3
[17:27:41] 📥 Primit de la profesor: GET_ACTIVE_USERS:3
[17:27:45] 📥 Primit de la profesor: GET_THREADS
[17:27:45] 📤 Trimis 9 thread-uri către profesor
[17:27:45] 📥 Primit de la profesor: GET_ACTIVE_USERS:3
[17:27:45] 📥 Primit de la profesor: HEARTBEAT:sess_1769095125776_2:2:3
[17:27:48] 📥 Primit de la profesor: GET_COMMENTS:3
[17:27:48] 📤 Trimis 14 comentarii pentru thread #3
[17:27:48] 📥 Primit de la profesor: GET_ACTIVE_USERS:3
[17:27:55] 📥 Primit de la profesor: GET_COMMENTS:3
[17:27:55] 📤 Trimis 14 comentarii pentru thread #3
[17:27:55] 📥 Primit de la profesor: GET_ACTIVE_USERS:3
[17:28:02] 📥 Primit de la profesor: GET_COMMENTS:3
[17:28:02] 📤 Trimis 14 comentarii pentru thread #3
[17:28:02] 📥 Primit de la profesor: GET_ACTIVE_USERS:3
[17:28:09] 📥 Primit de la profesor: GET_COMMENTS:3
[17:28:09] 📤 Trimis 14 comentarii pentru thread #3
[17:28:09] 📥 Primit de la profesor: GET_ACTIVE_USERS:3
[17:28:15] 📥 Primit de la profesor: GET_THREADS
[17:28:15] 📤 Trimis 9 thread-uri către profesor
[17:28:15] 📥 Primit de la profesor: GET_ACTIVE_USERS:3
[17:28:15] 📥 Primit de la profesor: HEARTBEAT:sess_1769095125776_2:2:3
[17:28:16] 📥 Primit de la profesor: GET_COMMENTS:3
[17:28:16] 📤 Trimis 14 comentarii pentru thread #3
[17:28:16] 📥 Primit de la profesor: GET_ACTIVE_USERS:3
[17:28:23] 📥 Primit de la profesor: GET_COMMENTS:3
[17:28:23] 📤 Trimis 14 comentarii pentru thread #3
[17:28:23] 📥 Primit de la profesor: GET_ACTIVE_USERS:3
[17:28:30] 📥 Primit de la profesor: GET_COMMENTS:3
[17:28:30] 📤 Trimis 14 comentarii pentru thread #3
[17:28:30] 📥 Primit de la profesor: GET_ACTIVE_USERS:3
[17:28:38] 📥 Primit de la profesor: GET_COMMENTS:3
[17:28:38] 📤 Trimis 14 comentarii pentru thread #3
[17:28:38] 📥 Primit de la profesor: GET_ACTIVE_USERS:3
[17:28:45] 📥 Primit de la profesor: GET_COMMENTS:3
[17:28:45] 📤 Trimis 14 comentarii pentru thread #3
[17:28:45] 📥 Primit de la profesor: GET_ACTIVE_USERS:3
[17:28:45] 📥 Primit de la profesor: GET_THREADS
[17:28:45] 📤 Trimis 9 thread-uri către profesor
[17:28:45] 📥 Primit de la profesor: GET_ACTIVE_USERS:3
[17:28:45] 📥 Primit de la profesor: HEARTBEAT:sess_1769095125776_2:2:3
[17:28:52] 📥 Primit de la profesor: GET_COMMENTS:3
[17:28:52] 📤 Trimis 14 comentarii pentru thread #3
[17:28:52] 📥 Primit de la profesor: GET_ACTIVE_USERS:3
[17:28:59] 📥 Primit de la profesor: GET_COMMENTS:3
[17:28:59] 📤 Trimis 14 comentarii pentru thread #3
[17:28:59] 📥 Primit de la profesor: GET_ACTIVE_USERS:3
[17:29:06] 📥 Primit de la profesor: GET_COMMENTS:3
[17:29:06] 📤 Trimis 14 comentarii pentru thread #3
[17:29:06] 📥 Primit de la profesor: GET_ACTIVE_USERS:3
[17:29:13] 📥 Primit de la profesor: GET_COMMENTS:3
[17:29:13] 📤 Trimis 14 comentarii pentru thread #3
[17:29:13] 📥 Primit de la profesor: GET_ACTIVE_USERS:3
[17:29:15] 📥 Primit de la profesor: GET_THREADS
[17:29:15] 📤 Trimis 9 thread-uri către profesor
[17:29:15] 📥 Primit de la profesor: GET_ACTIVE_USERS:3
[17:29:15] 📥 Primit de la profesor: HEARTBEAT:sess_1769095125776_2:2:3
[17:29:20] 📥 Primit de la profesor: GET_COMMENTS:3
[17:29:20] 📤 Trimis 14 comentarii pentru thread #3
[17:29:20] 📥 Primit de la profesor: GET_ACTIVE_USERS:3
[17:29:27] 📥 Primit de la profesor: GET_COMMENTS:3
[17:29:27] 📤 Trimis 14 comentarii pentru thread #3
[17:29:27] 📥 Primit de la profesor: GET_ACTIVE_USERS:3
[17:29:34] 📥 Primit de la profesor: GET_COMMENTS:3
[17:29:34] 📤 Trimis 14 comentarii pentru thread #3
[17:29:34] 📥 Primit de la profesor: GET_ACTIVE_USERS:3
[17:29:41] 📥 Primit de la profesor: GET_COMMENTS:3
[17:29:41] 📤 Trimis 14 comentarii pentru thread #3
[17:29:41] 📥 Primit de la profesor: GET_ACTIVE_USERS:3
[17:29:45] 📥 Primit de la profesor: GET_THREADS
[17:29:45] 📤 Trimis 9 thread-uri către profesor
[17:29:45] 📥 Primit de la profesor: GET_ACTIVE_USERS:3
[17:29:45] 📥 Primit de la profesor: HEARTBEAT:sess_1769095125776_2:2:3
[17:29:47] 📥 Primit de la profesor: GET_COMMENTS:3
[17:29:47] 📤 Trimis 14 comentarii pentru thread #3
[17:29:47] 📥 Primit de la profesor: GET_ACTIVE_USERS:3
[17:29:54] 📥 Primit de la profesor: GET_COMMENTS:3
[17:29:54] 📤 Trimis 14 comentarii pentru thread #3
[17:29:54] 📥 Primit de la profesor: GET_ACTIVE_USERS:3
[17:30:01] 📥 Primit de la profesor: GET_COMMENTS:3
[17:30:01] 📤 Trimis 14 comentarii pentru thread #3
[17:30:01] 📥 Primit de la profesor: GET_ACTIVE_USERS:3
[17:30:08] 📥 Primit de la profesor: GET_COMMENTS:3
[17:30:08] 📤 Trimis 14 comentarii pentru thread #3
[17:30:08] 📥 Primit de la profesor: GET_ACTIVE_USERS:3
[17:30:15] 📥 Primit de la profesor: GET_THREADS
[17:30:15] 📤 Trimis 9 thread-uri către profesor
[17:30:15] 📥 Primit de la profesor: GET_ACTIVE_USERS:3
[17:30:15] 📥 Primit de la profesor: HEARTBEAT:sess_1769095125776_2:2:3
[17:30:16] 📥 Primit de la profesor: GET_COMMENTS:3
[17:30:16] 📤 Trimis 14 comentarii pentru thread #3
[17:30:16] 📥 Primit de la profesor: GET_ACTIVE_USERS:3
[17:30:22] 📥 Primit de la profesor: GET_COMMENTS:3
[17:30:23] 📤 Trimis 14 comentarii pentru thread #3
[17:30:23] 📥 Primit de la profesor: GET_ACTIVE_USERS:3
[17:30:30] 📥 Primit de la profesor: GET_COMMENTS:3
[17:30:30] 📤 Trimis 14 comentarii pentru thread #3
[17:30:30] 📥 Primit de la profesor: GET_ACTIVE_USERS:3
[17:30:37] 📥 Primit de la profesor: GET_COMMENTS:3
[17:30:37] 📤 Trimis 14 comentarii pentru thread #3
[17:30:37] 📥 Primit de la profesor: GET_ACTIVE_USERS:3
[17:30:44] 📥 Primit de la profesor: GET_COMMENTS:3
[17:30:44] 📤 Trimis 14 comentarii pentru thread #3
[17:30:44] 📥 Primit de la profesor: GET_ACTIVE_USERS:3
[17:30:45] 📥 Primit de la profesor: GET_THREADS
[17:30:45] 📤 Trimis 9 thread-uri către profesor
[17:30:45] 📥 Primit de la profesor: GET_ACTIVE_USERS:3
[17:30:45] 📥 Primit de la profesor: HEARTBEAT:sess_1769095125776_2:2:3
[17:30:51] 📥 Primit de la profesor: GET_COMMENTS:3
[17:30:51] 📤 Trimis 14 comentarii pentru thread #3
[17:30:51] 📥 Primit de la profesor: GET_ACTIVE_USERS:3
[17:30:58] 📥 Primit de la profesor: GET_COMMENTS:3
[17:30:58] 📤 Trimis 14 comentarii pentru thread #3
[17:30:58] 📥 Primit de la profesor: GET_ACTIVE_USERS:3
[17:31:05] 📥 Primit de la profesor: GET_COMMENTS:3
[17:31:05] 📤 Trimis 14 comentarii pentru thread #3
[17:31:05] 📥 Primit de la profesor: GET_ACTIVE_USERS:3
[17:31:12] 📥 Primit de la profesor: GET_COMMENTS:3
[17:31:12] 📤 Trimis 14 comentarii pentru thread #3
[17:31:12] 📥 Primit de la profesor: GET_ACTIVE_USERS:3
[17:31:15] 📥 Primit de la profesor: GET_THREADS
[17:31:15] 📤 Trimis 9 thread-uri către profesor
[17:31:15] 📥 Primit de la profesor: GET_ACTIVE_USERS:3
[17:31:15] 📥 Primit de la profesor: HEARTBEAT:sess_1769095125776_2:2:3
[17:31:19] 📥 Primit de la profesor: GET_COMMENTS:3
[17:31:19] 📤 Trimis 14 comentarii pentru thread #3
[17:31:19] 📥 Primit de la profesor: GET_ACTIVE_USERS:3
[17:31:26] 📥 Primit de la profesor: GET_COMMENTS:3
[17:31:26] 📤 Trimis 14 comentarii pentru thread #3
[17:31:26] 📥 Primit de la profesor: GET_ACTIVE_USERS:3
[17:31:33] 📥 Primit de la profesor: GET_COMMENTS:3
[17:31:33] 📤 Trimis 14 comentarii pentru thread #3
[17:31:33] 📥 Primit de la profesor: GET_ACTIVE_USERS:3
[17:31:40] 📥 Primit de la profesor: GET_COMMENTS:3
[17:31:40] 📤 Trimis 14 comentarii pentru thread #3
[17:31:40] 📥 Primit de la profesor: GET_ACTIVE_USERS:3
[17:31:45] 📥 Primit de la profesor: GET_THREADS
[17:31:45] 📤 Trimis 9 thread-uri către profesor
[17:31:45] 📥 Primit de la profesor: GET_ACTIVE_USERS:3
[17:31:45] 📥 Primit de la profesor: HEARTBEAT:sess_1769095125776_2:2:3
[17:31:47] 📥 Primit de la profesor: GET_COMMENTS:3
[17:31:47] 📤 Trimis 14 comentarii pentru thread #3
[17:31:47] 📥 Primit de la profesor: GET_ACTIVE_USERS:3
[17:31:54] 📥 Primit de la profesor: GET_COMMENTS:3
[17:31:54] 📤 Trimis 14 comentarii pentru thread #3
[17:31:54] 📥 Primit de la profesor: GET_ACTIVE_USERS:3
[17:32:01] 📥 Primit de la profesor: GET_COMMENTS:3
[17:32:01] 📤 Trimis 14 comentarii pentru thread #3
[17:32:01] 📥 Primit de la profesor: GET_ACTIVE_USERS:3
[17:32:08] 📥 Primit de la profesor: GET_COMMENTS:3
[17:32:08] 📤 Trimis 14 comentarii pentru thread #3
[17:32:08] 📥 Primit de la profesor: GET_ACTIVE_USERS:3
[17:32:15] 📥 Primit de la profesor: GET_COMMENTS:3
[17:32:15] 📤 Trimis 14 comentarii pentru thread #3
[17:32:15] 📥 Primit de la profesor: GET_ACTIVE_USERS:3
[17:32:15] 📥 Primit de la profesor: GET_THREADS
[17:32:15] 📤 Trimis 9 thread-uri către profesor
[17:32:15] 📥 Primit de la profesor: GET_ACTIVE_USERS:3
[17:32:15] 📥 Primit de la profesor: HEARTBEAT:sess_1769095125776_2:2:3
[17:32:22] 📥 Primit de la profesor: GET_COMMENTS:3
[17:32:22] 📤 Trimis 14 comentarii pentru thread #3
[17:32:22] 📥 Primit de la profesor: GET_ACTIVE_USERS:3
[17:32:29] 📥 Primit de la profesor: GET_COMMENTS:3
[17:32:29] 📤 Trimis 14 comentarii pentru thread #3
[17:32:29] 📥 Primit de la profesor: GET_ACTIVE_USERS:3
[17:32:36] 📥 Primit de la profesor: GET_COMMENTS:3
[17:32:36] 📤 Trimis 14 comentarii pentru thread #3
[17:32:36] 📥 Primit de la profesor: GET_ACTIVE_USERS:3
[17:32:43] 📥 Primit de la profesor: GET_COMMENTS:3
[17:32:43] 📤 Trimis 14 comentarii pentru thread #3
[17:32:43] 📥 Primit de la profesor: GET_ACTIVE_USERS:3
[17:32:45] 📥 Primit de la profesor: GET_THREADS
[17:32:45] 📤 Trimis 9 thread-uri către profesor
[17:32:45] 📥 Primit de la profesor: GET_ACTIVE_USERS:3
[17:32:45] 📥 Primit de la profesor: HEARTBEAT:sess_1769095125776_2:2:3
[17:32:50] 📥 Primit de la profesor: GET_COMMENTS:3
[17:32:50] 📤 Trimis 14 comentarii pentru thread #3
[17:32:50] 📥 Primit de la profesor: GET_ACTIVE_USERS:3
[17:32:57] 📥 Primit de la profesor: GET_COMMENTS:3
[17:32:57] 📤 Trimis 14 comentarii pentru thread #3
[17:32:57] 📥 Primit de la profesor: GET_ACTIVE_USERS:3
[17:33:04] 📥 Primit de la profesor: GET_COMMENTS:3
[17:33:04] 📤 Trimis 14 comentarii pentru thread #3
[17:33:04] 📥 Primit de la profesor: GET_ACTIVE_USERS:3
[17:33:11] 📥 Primit de la profesor: GET_COMMENTS:3
[17:33:11] 📤 Trimis 14 comentarii pentru thread #3
[17:33:11] 📥 Primit de la profesor: GET_ACTIVE_USERS:3
[17:33:15] 📥 Primit de la profesor: GET_THREADS
[17:33:15] 📤 Trimis 9 thread-uri către profesor
[17:33:15] 📥 Primit de la profesor: GET_ACTIVE_USERS:3
[17:33:15] 📥 Primit de la profesor: HEARTBEAT:sess_1769095125776_2:2:3
[17:33:18] 📥 Primit de la profesor: GET_COMMENTS:3
[17:33:18] 📤 Trimis 14 comentarii pentru thread #3
[17:33:18] 📥 Primit de la profesor: GET_ACTIVE_USERS:3
[17:33:25] 📥 Primit de la profesor: GET_COMMENTS:3
[17:33:25] 📤 Trimis 14 comentarii pentru thread #3
[17:33:25] 📥 Primit de la profesor: GET_ACTIVE_USERS:3
[17:33:32] 📥 Primit de la profesor: GET_COMMENTS:3
[17:33:32] 📤 Trimis 14 comentarii pentru thread #3
[17:33:32] 📥 Primit de la profesor: GET_ACTIVE_USERS:3
[17:33:39] 📥 Primit de la profesor: GET_COMMENTS:3
[17:33:39] 📤 Trimis 14 comentarii pentru thread #3
[17:33:39] 📥 Primit de la profesor: GET_ACTIVE_USERS:3
[17:33:45] 📥 Primit de la profesor: GET_THREADS
[17:33:45] 📤 Trimis 9 thread-uri către profesor
[17:33:45] 📥 Primit de la profesor: GET_ACTIVE_USERS:3
[17:33:45] 📥 Primit de la profesor: HEARTBEAT:sess_1769095125776_2:2:3
[17:33:46] 📥 Primit de la profesor: GET_COMMENTS:3
[17:33:46] 📤 Trimis 14 comentarii pentru thread #3
[17:33:46] 📥 Primit de la profesor: GET_ACTIVE_USERS:3
[17:33:53] 📥 Primit de la profesor: GET_COMMENTS:3
[17:33:53] 📤 Trimis 14 comentarii pentru thread #3
[17:33:53] 📥 Primit de la profesor: GET_ACTIVE_USERS:3
[17:34:00] 📥 Primit de la profesor: GET_COMMENTS:3
[17:34:00] 📤 Trimis 14 comentarii pentru thread #3
[17:34:00] 📥 Primit de la profesor: GET_ACTIVE_USERS:3
[17:34:07] 📥 Primit de la profesor: GET_COMMENTS:3
[17:34:07] 📤 Trimis 14 comentarii pentru thread #3
[17:34:07] 📥 Primit de la profesor: GET_ACTIVE_USERS:3
[17:34:14] 📥 Primit de la profesor: GET_COMMENTS:3
[17:34:14] 📤 Trimis 14 comentarii pentru thread #3
[17:34:14] 📥 Primit de la profesor: GET_ACTIVE_USERS:3
[17:34:15] 📥 Primit de la profesor: GET_THREADS
[17:34:15] 📤 Trimis 9 thread-uri către profesor
[17:34:15] 📥 Primit de la profesor: GET_ACTIVE_USERS:3
[17:34:15] 📥 Primit de la profesor: HEARTBEAT:sess_1769095125776_2:2:3
[17:34:21] 📥 Primit de la profesor: GET_COMMENTS:3
[17:34:21] 📤 Trimis 14 comentarii pentru thread #3
[17:34:21] 📥 Primit de la profesor: GET_ACTIVE_USERS:3
[17:34:28] 📥 Primit de la profesor: GET_COMMENTS:3
[17:34:28] 📤 Trimis 14 comentarii pentru thread #3
[17:34:28] 📥 Primit de la profesor: GET_ACTIVE_USERS:3
[17:34:35] 📥 Primit de la profesor: GET_COMMENTS:3
[17:34:35] 📤 Trimis 14 comentarii pentru thread #3
[17:34:35] 📥 Primit de la profesor: GET_ACTIVE_USERS:3
[17:34:42] 📥 Primit de la profesor: GET_COMMENTS:3
[17:34:42] 📤 Trimis 14 comentarii pentru thread #3
[17:34:42] 📥 Primit de la profesor: GET_ACTIVE_USERS:3
[17:34:45] 📥 Primit de la profesor: GET_THREADS
[17:34:45] 📤 Trimis 9 thread-uri către profesor
[17:34:45] 📥 Primit de la profesor: GET_ACTIVE_USERS:3
[17:34:45] 📥 Primit de la profesor: HEARTBEAT:sess_1769095125776_2:2:3
[17:34:49] 📥 Primit de la profesor: GET_COMMENTS:3
[17:34:49] 📤 Trimis 14 comentarii pentru thread #3
[17:34:49] 📥 Primit de la profesor: GET_ACTIVE_USERS:3
[17:34:56] 📥 Primit de la profesor: GET_COMMENTS:3
[17:34:56] 📤 Trimis 14 comentarii pentru thread #3
[17:34:56] 📥 Primit de la profesor: GET_ACTIVE_USERS:3
[17:35:03] 📥 Primit de la profesor: GET_COMMENTS:3
[17:35:03] 📤 Trimis 14 comentarii pentru thread #3
[17:35:03] 📥 Primit de la profesor: GET_ACTIVE_USERS:3
[17:35:10] 📥 Primit de la profesor: GET_COMMENTS:3
[17:35:10] 📤 Trimis 14 comentarii pentru thread #3
[17:35:10] 📥 Primit de la profesor: GET_ACTIVE_USERS:3
[17:35:15] 📥 Primit de la profesor: GET_THREADS
[17:35:15] 📤 Trimis 9 thread-uri către profesor
[17:35:15] 📥 Primit de la profesor: GET_ACTIVE_USERS:3
[17:35:15] 📥 Primit de la profesor: HEARTBEAT:sess_1769095125776_2:2:3
[17:35:17] 📥 Primit de la profesor: GET_COMMENTS:3
[17:35:17] 📤 Trimis 14 comentarii pentru thread #3
[17:35:17] 📥 Primit de la profesor: GET_ACTIVE_USERS:3
[17:35:24] 📥 Primit de la profesor: GET_COMMENTS:3
[17:35:24] 📤 Trimis 14 comentarii pentru thread #3
[17:35:24] 📥 Primit de la profesor: GET_ACTIVE_USERS:3
[17:35:31] 📥 Primit de la profesor: GET_COMMENTS:3
[17:35:31] 📤 Trimis 14 comentarii pentru thread #3
[17:35:31] 📥 Primit de la profesor: GET_ACTIVE_USERS:3
[17:35:38] 📥 Primit de la profesor: GET_COMMENTS:3
[17:35:38] 📤 Trimis 14 comentarii pentru thread #3
[17:35:38] 📥 Primit de la profesor: GET_ACTIVE_USERS:3
[17:35:45] 📥 Primit de la profesor: GET_COMMENTS:3
[17:35:45] 📤 Trimis 14 comentarii pentru thread #3
[17:35:45] 📥 Primit de la profesor: GET_ACTIVE_USERS:3
[17:35:45] 📥 Primit de la profesor: GET_THREADS
[17:35:45] 📤 Trimis 9 thread-uri către profesor
[17:35:45] 📥 Primit de la profesor: GET_ACTIVE_USERS:3
[17:35:45] 📥 Primit de la profesor: HEARTBEAT:sess_1769095125776_2:2:3
[17:35:52] 📥 Primit de la profesor: GET_COMMENTS:3
[17:35:52] 📤 Trimis 14 comentarii pentru thread #3
[17:35:52] 📥 Primit de la profesor: GET_ACTIVE_USERS:3
[17:35:59] 📥 Primit de la profesor: GET_COMMENTS:3
[17:35:59] 📤 Trimis 14 comentarii pentru thread #3
[17:35:59] 📥 Primit de la profesor: GET_ACTIVE_USERS:3
[17:36:06] 📥 Primit de la profesor: GET_COMMENTS:3
[17:36:06] 📤 Trimis 14 comentarii pentru thread #3
[17:36:06] 📥 Primit de la profesor: GET_ACTIVE_USERS:3
[17:36:13] 📥 Primit de la profesor: GET_COMMENTS:3
[17:36:13] 📤 Trimis 14 comentarii pentru thread #3
[17:36:13] 📥 Primit de la profesor: GET_ACTIVE_USERS:3
[17:36:15] 📥 Primit de la profesor: GET_THREADS
[17:36:15] 📤 Trimis 9 thread-uri către profesor
[17:36:15] 📥 Primit de la profesor: GET_ACTIVE_USERS:3
[17:36:15] 📥 Primit de la profesor: HEARTBEAT:sess_1769095125776_2:2:3
[17:36:20] 📥 Primit de la profesor: GET_COMMENTS:3
[17:36:20] 📤 Trimis 14 comentarii pentru thread #3
[17:36:20] 📥 Primit de la profesor: GET_ACTIVE_USERS:3
[17:36:27] 📥 Primit de la profesor: GET_COMMENTS:3
[17:36:27] 📤 Trimis 14 comentarii pentru thread #3
[17:36:27] 📥 Primit de la profesor: GET_ACTIVE_USERS:3
[17:36:34] 📥 Primit de la profesor: GET_COMMENTS:3
[17:36:34] 📤 Trimis 14 comentarii pentru thread #3
[17:36:34] 📥 Primit de la profesor: GET_ACTIVE_USERS:3
[17:36:41] 📥 Primit de la profesor: GET_COMMENTS:3
[17:36:41] 📤 Trimis 14 comentarii pentru thread #3
[17:36:41] 📥 Primit de la profesor: GET_ACTIVE_USERS:3
[17:36:45] 📥 Primit de la profesor: GET_THREADS
[17:36:45] 📤 Trimis 9 thread-uri către profesor
[17:36:45] 📥 Primit de la profesor: GET_ACTIVE_USERS:3
[17:36:45] 📥 Primit de la profesor: HEARTBEAT:sess_1769095125776_2:2:3
[17:36:48] 📥 Primit de la profesor: GET_COMMENTS:3
[17:36:48] 📤 Trimis 14 comentarii pentru thread #3
[17:36:48] 📥 Primit de la profesor: GET_ACTIVE_USERS:3
[17:36:55] 📥 Primit de la profesor: GET_COMMENTS:3
[17:36:55] 📤 Trimis 14 comentarii pentru thread #3
[17:36:55] 📥 Primit de la profesor: GET_ACTIVE_USERS:3
[17:37:02] 📥 Primit de la profesor: GET_COMMENTS:3
[17:37:02] 📤 Trimis 14 comentarii pentru thread #3
[17:37:02] 📥 Primit de la profesor: GET_ACTIVE_USERS:3
[17:37:09] 📥 Primit de la profesor: GET_COMMENTS:3
[17:37:09] 📤 Trimis 14 comentarii pentru thread #3
[17:37:09] 📥 Primit de la profesor: GET_ACTIVE_USERS:3
[17:37:15] 📥 Primit de la profesor: GET_THREADS
[17:37:15] 📤 Trimis 9 thread-uri către profesor
[17:37:15] 📥 Primit de la profesor: GET_ACTIVE_USERS:3
[17:37:15] 📥 Primit de la profesor: HEARTBEAT:sess_1769095125776_2:2:3
[17:37:16] 📥 Primit de la profesor: GET_COMMENTS:3
[17:37:16] 📤 Trimis 14 comentarii pentru thread #3
[17:37:16] 📥 Primit de la profesor: GET_ACTIVE_USERS:3
[17:37:23] 📥 Primit de la profesor: GET_COMMENTS:3
[17:37:23] 📤 Trimis 14 comentarii pentru thread #3
[17:37:23] 📥 Primit de la profesor: GET_ACTIVE_USERS:3
[17:37:30] 📥 Primit de la profesor: GET_COMMENTS:3
[17:37:30] 📤 Trimis 14 comentarii pentru thread #3
[17:37:30] 📥 Primit de la profesor: GET_ACTIVE_USERS:3
[17:37:37] 📥 Primit de la profesor: GET_COMMENTS:3
[17:37:37] 📤 Trimis 14 comentarii pentru thread #3
[17:37:37] 📥 Primit de la profesor: GET_ACTIVE_USERS:3
[17:37:44] 📥 Primit de la profesor: GET_COMMENTS:3
[17:37:44] 📤 Trimis 14 comentarii pentru thread #3
[17:37:44] 📥 Primit de la profesor: GET_ACTIVE_USERS:3
[17:37:45] 📥 Primit de la profesor: GET_THREADS
[17:37:45] 📤 Trimis 9 thread-uri către profesor
[17:37:45] 📥 Primit de la profesor: GET_ACTIVE_USERS:3
[17:37:45] 📥 Primit de la profesor: HEARTBEAT:sess_1769095125776_2:2:3
[17:37:51] 📥 Primit de la profesor: GET_COMMENTS:3
[17:37:51] 📤 Trimis 14 comentarii pentru thread #3
[17:37:51] 📥 Primit de la profesor: GET_ACTIVE_USERS:3
[17:37:58] 📥 Primit de la profesor: GET_COMMENTS:3
[17:37:58] 📤 Trimis 14 comentarii pentru thread #3
[17:37:58] 📥 Primit de la profesor: GET_ACTIVE_USERS:3
[17:38:05] 📥 Primit de la profesor: GET_COMMENTS:3
[17:38:05] 📤 Trimis 14 comentarii pentru thread #3
[17:38:05] 📥 Primit de la profesor: GET_ACTIVE_USERS:3
[17:38:12] 📥 Primit de la profesor: GET_COMMENTS:3
[17:38:12] 📤 Trimis 14 comentarii pentru thread #3
[17:38:12] 📥 Primit de la profesor: GET_ACTIVE_USERS:3
[17:38:15] 📥 Primit de la profesor: GET_THREADS
[17:38:15] 📤 Trimis 9 thread-uri către profesor
[17:38:15] 📥 Primit de la profesor: GET_ACTIVE_USERS:3
[17:38:15] 📥 Primit de la profesor: HEARTBEAT:sess_1769095125776_2:2:3
[17:38:19] 📥 Primit de la profesor: GET_COMMENTS:3
[17:38:19] 📤 Trimis 14 comentarii pentru thread #3
[17:38:19] 📥 Primit de la profesor: GET_ACTIVE_USERS:3
[17:38:26] 📥 Primit de la profesor: GET_COMMENTS:3
[17:38:26] 📤 Trimis 14 comentarii pentru thread #3
[17:38:26] 📥 Primit de la profesor: GET_ACTIVE_USERS:3
[17:38:33] 📥 Primit de la profesor: GET_COMMENTS:3
[17:38:33] 📤 Trimis 14 comentarii pentru thread #3
[17:38:33] 📥 Primit de la profesor: GET_ACTIVE_USERS:3
[17:38:40] 📥 Primit de la profesor: GET_COMMENTS:3
[17:38:40] 📤 Trimis 14 comentarii pentru thread #3
[17:38:40] 📥 Primit de la profesor: GET_ACTIVE_USERS:3
[17:38:45] 📥 Primit de la profesor: GET_THREADS
[17:38:45] 📤 Trimis 9 thread-uri către profesor
[17:38:45] 📥 Primit de la profesor: GET_ACTIVE_USERS:3
[17:38:45] 📥 Primit de la profesor: HEARTBEAT:sess_1769095125776_2:2:3
[17:38:47] 📥 Primit de la profesor: GET_COMMENTS:3
[17:38:47] 📤 Trimis 14 comentarii pentru thread #3
[17:38:47] 📥 Primit de la profesor: GET_ACTIVE_USERS:3
[17:38:54] 📥 Primit de la profesor: GET_COMMENTS:3
[17:38:54] 📤 Trimis 14 comentarii pentru thread #3
[17:38:54] 📥 Primit de la profesor: GET_ACTIVE_USERS:3
[17:39:01] 📥 Primit de la profesor: GET_COMMENTS:3
[17:39:01] 📤 Trimis 14 comentarii pentru thread #3
[17:39:01] 📥 Primit de la profesor: GET_ACTIVE_USERS:3
[17:39:08] 📥 Primit de la profesor: GET_COMMENTS:3
[17:39:08] 📤 Trimis 14 comentarii pentru thread #3
[17:39:08] 📥 Primit de la profesor: GET_ACTIVE_USERS:3
[17:39:15] 📥 Primit de la profesor: GET_COMMENTS:3
[17:39:15] 📤 Trimis 14 comentarii pentru thread #3
[17:39:15] 📥 Primit de la profesor: GET_ACTIVE_USERS:3
[17:39:15] 📥 Primit de la profesor: GET_THREADS
[17:39:15] 📤 Trimis 9 thread-uri către profesor
[17:39:15] 📥 Primit de la profesor: GET_ACTIVE_USERS:3
[17:39:15] 📥 Primit de la profesor: HEARTBEAT:sess_1769095125776_2:2:3
[17:39:22] 📥 Primit de la profesor: GET_COMMENTS:3
[17:39:22] 📤 Trimis 14 comentarii pentru thread #3
[17:39:22] 📥 Primit de la profesor: GET_ACTIVE_USERS:3
[17:39:29] 📥 Primit de la profesor: GET_COMMENTS:3
[17:39:29] 📤 Trimis 14 comentarii pentru thread #3
[17:39:29] 📥 Primit de la profesor: GET_ACTIVE_USERS:3
[17:39:36] 📥 Primit de la profesor: GET_COMMENTS:3
[17:39:36] 📤 Trimis 14 comentarii pentru thread #3
[17:39:36] 📥 Primit de la profesor: GET_ACTIVE_USERS:3
[17:39:43] 📥 Primit de la profesor: GET_COMMENTS:3
[17:39:43] 📤 Trimis 14 comentarii pentru thread #3
[17:39:43] 📥 Primit de la profesor: GET_ACTIVE_USERS:3
[17:39:45] 📥 Primit de la profesor: GET_THREADS
[17:39:45] 📤 Trimis 9 thread-uri către profesor
[17:39:45] 📥 Primit de la profesor: GET_ACTIVE_USERS:3
[17:39:45] 📥 Primit de la profesor: HEARTBEAT:sess_1769095125776_2:2:3
[17:39:50] 📥 Primit de la profesor: GET_COMMENTS:3
[17:39:50] 📤 Trimis 14 comentarii pentru thread #3
[17:39:50] 📥 Primit de la profesor: GET_ACTIVE_USERS:3
[17:39:57] 📥 Primit de la profesor: GET_COMMENTS:3
[17:39:57] 📤 Trimis 14 comentarii pentru thread #3
[17:39:57] 📥 Primit de la profesor: GET_ACTIVE_USERS:3
[17:40:04] 📥 Primit de la profesor: GET_COMMENTS:3
[17:40:04] 📤 Trimis 14 comentarii pentru thread #3
[17:40:04] 📥 Primit de la profesor: GET_ACTIVE_USERS:3
[17:40:11] 📥 Primit de la profesor: GET_COMMENTS:3
[17:40:11] 📤 Trimis 14 comentarii pentru thread #3
[17:40:11] 📥 Primit de la profesor: GET_ACTIVE_USERS:3
[17:40:15] 📥 Primit de la profesor: GET_THREADS
[17:40:15] 📤 Trimis 9 thread-uri către profesor
[17:40:15] 📥 Primit de la profesor: GET_ACTIVE_USERS:3
[17:40:15] 📥 Primit de la profesor: HEARTBEAT:sess_1769095125776_2:2:3
[17:40:18] 📥 Primit de la profesor: GET_COMMENTS:3
[17:40:18] 📤 Trimis 14 comentarii pentru thread #3
[17:40:18] 📥 Primit de la profesor: GET_ACTIVE_USERS:3
[17:40:25] 📥 Primit de la profesor: GET_COMMENTS:3
[17:40:25] 📤 Trimis 14 comentarii pentru thread #3
[17:40:25] 📥 Primit de la profesor: GET_ACTIVE_USERS:3
[17:40:32] 📥 Primit de la profesor: GET_COMMENTS:3
[17:40:32] 📤 Trimis 14 comentarii pentru thread #3
[17:40:32] 📥 Primit de la profesor: GET_ACTIVE_USERS:3
[17:40:39] 📥 Primit de la profesor: GET_COMMENTS:3
[17:40:39] 📤 Trimis 14 comentarii pentru thread #3
[17:40:39] 📥 Primit de la profesor: GET_ACTIVE_USERS:3
[17:40:45] 📥 Primit de la profesor: GET_THREADS
[17:40:45] 📤 Trimis 9 thread-uri către profesor
[17:40:45] 📥 Primit de la profesor: GET_ACTIVE_USERS:3
[17:40:45] 📥 Primit de la profesor: HEARTBEAT:sess_1769095125776_2:2:3
[17:40:46] 📥 Primit de la profesor: GET_COMMENTS:3
[17:40:46] 📤 Trimis 14 comentarii pentru thread #3
[17:40:46] 📥 Primit de la profesor: GET_ACTIVE_USERS:3
[17:40:53] 📥 Primit de la profesor: GET_COMMENTS:3
[17:40:53] 📤 Trimis 14 comentarii pentru thread #3
[17:40:53] 📥 Primit de la profesor: GET_ACTIVE_USERS:3
[17:41:00] 📥 Primit de la profesor: GET_COMMENTS:3
[17:41:00] 📤 Trimis 14 comentarii pentru thread #3
[17:41:00] 📥 Primit de la profesor: GET_ACTIVE_USERS:3
[17:41:07] 📥 Primit de la profesor: GET_COMMENTS:3
[17:41:07] 📤 Trimis 14 comentarii pentru thread #3
[17:41:07] 📥 Primit de la profesor: GET_ACTIVE_USERS:3
[17:41:14] 📥 Primit de la profesor: GET_COMMENTS:3
[17:41:14] 📤 Trimis 14 comentarii pentru thread #3
[17:41:14] 📥 Primit de la profesor: GET_ACTIVE_USERS:3
[17:41:15] 📥 Primit de la profesor: GET_THREADS
[17:41:15] 📤 Trimis 9 thread-uri către profesor
[17:41:15] 📥 Primit de la profesor: GET_ACTIVE_USERS:3
[17:41:15] 📥 Primit de la profesor: HEARTBEAT:sess_1769095125776_2:2:3
[17:41:21] 📥 Primit de la profesor: GET_COMMENTS:3
[17:41:21] 📤 Trimis 14 comentarii pentru thread #3
[17:41:21] 📥 Primit de la profesor: GET_ACTIVE_USERS:3
[17:41:28] 📥 Primit de la profesor: GET_COMMENTS:3
[17:41:28] 📤 Trimis 14 comentarii pentru thread #3
[17:41:28] 📥 Primit de la profesor: GET_ACTIVE_USERS:3
[17:41:35] 📥 Primit de la profesor: GET_COMMENTS:3
[17:41:35] 📤 Trimis 14 comentarii pentru thread #3
[17:41:35] 📥 Primit de la profesor: GET_ACTIVE_USERS:3
[17:41:42] 📥 Primit de la profesor: GET_COMMENTS:3
[17:41:42] 📤 Trimis 14 comentarii pentru thread #3
[17:41:42] 📥 Primit de la profesor: GET_ACTIVE_USERS:3
[17:41:45] 📥 Primit de la profesor: GET_THREADS
[17:41:45] 📤 Trimis 9 thread-uri către profesor
[17:41:45] 📥 Primit de la profesor: GET_ACTIVE_USERS:3
[17:41:45] 📥 Primit de la profesor: HEARTBEAT:sess_1769095125776_2:2:3
[17:41:49] 📥 Primit de la profesor: GET_COMMENTS:3
[17:41:49] 📤 Trimis 14 comentarii pentru thread #3
[17:41:49] 📥 Primit de la profesor: GET_ACTIVE_USERS:3
[17:41:56] 📥 Primit de la profesor: GET_COMMENTS:3
[17:41:56] 📤 Trimis 14 comentarii pentru thread #3
[17:41:56] 📥 Primit de la profesor: GET_ACTIVE_USERS:3
[17:42:03] 📥 Primit de la profesor: GET_COMMENTS:3
[17:42:03] 📤 Trimis 14 comentarii pentru thread #3
[17:42:03] 📥 Primit de la profesor: GET_ACTIVE_USERS:3
[17:42:10] 📥 Primit de la profesor: GET_COMMENTS:3
[17:42:10] 📤 Trimis 14 comentarii pentru thread #3
[17:42:10] 📥 Primit de la profesor: GET_ACTIVE_USERS:3
[17:42:15] 📥 Primit de la profesor: GET_THREADS
[17:42:15] 📤 Trimis 9 thread-uri către profesor
[17:42:15] 📥 Primit de la profesor: GET_ACTIVE_USERS:3
[17:42:15] 📥 Primit de la profesor: HEARTBEAT:sess_1769095125776_2:2:3
[17:42:17] 📥 Primit de la profesor: GET_COMMENTS:3
[17:42:17] 📤 Trimis 14 comentarii pentru thread #3
[17:42:17] 📥 Primit de la profesor: GET_ACTIVE_USERS:3
[17:42:24] 📥 Primit de la profesor: GET_COMMENTS:3
[17:42:24] 📤 Trimis 14 comentarii pentru thread #3
[17:42:24] 📥 Primit de la profesor: GET_ACTIVE_USERS:3
[17:42:31] 📥 Primit de la profesor: GET_COMMENTS:3
[17:42:31] 📤 Trimis 14 comentarii pentru thread #3
[17:42:31] 📥 Primit de la profesor: GET_ACTIVE_USERS:3
[17:42:38] 📥 Primit de la profesor: GET_COMMENTS:3
[17:42:38] 📤 Trimis 14 comentarii pentru thread #3
[17:42:38] 📥 Primit de la profesor: GET_ACTIVE_USERS:3
[17:42:45] 📥 Primit de la profesor: GET_COMMENTS:3
[17:42:45] 📤 Trimis 14 comentarii pentru thread #3
[17:42:45] 📥 Primit de la profesor: GET_ACTIVE_USERS:3
[17:42:45] 📥 Primit de la profesor: GET_THREADS
[17:42:45] 📤 Trimis 9 thread-uri către profesor
[17:42:45] 📥 Primit de la profesor: GET_ACTIVE_USERS:3
[17:42:45] 📥 Primit de la profesor: HEARTBEAT:sess_1769095125776_2:2:3
[17:42:52] 📥 Primit de la profesor: GET_COMMENTS:3
[17:42:52] 📤 Trimis 14 comentarii pentru thread #3
[17:42:52] 📥 Primit de la profesor: GET_ACTIVE_USERS:3
[17:42:59] 📥 Primit de la profesor: GET_COMMENTS:3
[17:42:59] 📤 Trimis 14 comentarii pentru thread #3
[17:42:59] 📥 Primit de la profesor: GET_ACTIVE_USERS:3
[17:43:06] 📥 Primit de la profesor: GET_COMMENTS:3
[17:43:06] 📤 Trimis 14 comentarii pentru thread #3
[17:43:06] 📥 Primit de la profesor: GET_ACTIVE_USERS:3
[17:43:13] 📥 Primit de la profesor: GET_COMMENTS:3
[17:43:13] 📤 Trimis 14 comentarii pentru thread #3
[17:43:13] 📥 Primit de la profesor: GET_ACTIVE_USERS:3
[17:43:15] 📥 Primit de la profesor: GET_THREADS
[17:43:15] 📤 Trimis 9 thread-uri către profesor
[17:43:15] 📥 Primit de la profesor: GET_ACTIVE_USERS:3
[17:43:15] 📥 Primit de la profesor: HEARTBEAT:sess_1769095125776_2:2:3
[17:43:20] 📥 Primit de la profesor: GET_COMMENTS:3
[17:43:20] 📤 Trimis 14 comentarii pentru thread #3
[17:43:20] 📥 Primit de la profesor: GET_ACTIVE_USERS:3
[17:43:27] 📥 Primit de la profesor: GET_COMMENTS:3
[17:43:27] 📤 Trimis 14 comentarii pentru thread #3
[17:43:27] 📥 Primit de la profesor: GET_ACTIVE_USERS:3
[17:43:34] 📥 Primit de la profesor: GET_COMMENTS:3
[17:43:34] 📤 Trimis 14 comentarii pentru thread #3
[17:43:34] 📥 Primit de la profesor: GET_ACTIVE_USERS:3
[17:43:41] 📥 Primit de la profesor: GET_COMMENTS:3
[17:43:41] 📤 Trimis 14 comentarii pentru thread #3
[17:43:41] 📥 Primit de la profesor: GET_ACTIVE_USERS:3
[17:43:45] 📥 Primit de la profesor: GET_THREADS
[17:43:45] 📤 Trimis 9 thread-uri către profesor
[17:43:45] 📥 Primit de la profesor: GET_ACTIVE_USERS:3
[17:43:45] 📥 Primit de la profesor: HEARTBEAT:sess_1769095125776_2:2:3
[17:43:48] 📥 Primit de la profesor: GET_COMMENTS:3
[17:43:48] 📤 Trimis 14 comentarii pentru thread #3
[17:43:48] 📥 Primit de la profesor: GET_ACTIVE_USERS:3
[17:43:55] 📥 Primit de la profesor: GET_COMMENTS:3
[17:43:55] 📤 Trimis 14 comentarii pentru thread #3
[17:43:55] 📥 Primit de la profesor: GET_ACTIVE_USERS:3
[17:44:02] 📥 Primit de la profesor: GET_COMMENTS:3
[17:44:02] 📤 Trimis 14 comentarii pentru thread #3
[17:44:02] 📥 Primit de la profesor: GET_ACTIVE_USERS:3
[17:44:09] 📥 Primit de la profesor: GET_COMMENTS:3
[17:44:09] 📤 Trimis 14 comentarii pentru thread #3
[17:44:09] 📥 Primit de la profesor: GET_ACTIVE_USERS:3
[17:44:15] 📥 Primit de la profesor: GET_THREADS
[17:44:15] 📤 Trimis 9 thread-uri către profesor
[17:44:15] 📥 Primit de la profesor: GET_ACTIVE_USERS:3
[17:44:15] 📥 Primit de la profesor: HEARTBEAT:sess_1769095125776_2:2:3
[17:44:16] 📥 Primit de la profesor: GET_COMMENTS:3
[17:44:16] 📤 Trimis 14 comentarii pentru thread #3
[17:44:16] 📥 Primit de la profesor: GET_ACTIVE_USERS:3
[17:44:23] 📥 Primit de la profesor: GET_COMMENTS:3
[17:44:23] 📤 Trimis 14 comentarii pentru thread #3
[17:44:23] 📥 Primit de la profesor: GET_ACTIVE_USERS:3
[17:44:30] 📥 Primit de la profesor: GET_COMMENTS:3
[17:44:30] 📤 Trimis 14 comentarii pentru thread #3
[17:44:30] 📥 Primit de la profesor: GET_ACTIVE_USERS:3
[17:44:37] 📥 Primit de la profesor: GET_COMMENTS:3
[17:44:37] 📤 Trimis 14 comentarii pentru thread #3
[17:44:37] 📥 Primit de la profesor: GET_ACTIVE_USERS:3
[17:44:44] 📥 Primit de la profesor: GET_COMMENTS:3
[17:44:44] 📤 Trimis 14 comentarii pentru thread #3
[17:44:44] 📥 Primit de la profesor: GET_ACTIVE_USERS:3
[17:44:45] 📥 Primit de la profesor: GET_THREADS
[17:44:45] 📤 Trimis 9 thread-uri către profesor
[17:44:45] 📥 Primit de la profesor: GET_ACTIVE_USERS:3
[17:44:45] 📥 Primit de la profesor: HEARTBEAT:sess_1769095125776_2:2:3
[17:44:51] 📥 Primit de la profesor: GET_COMMENTS:3
[17:44:51] 📤 Trimis 14 comentarii pentru thread #3
[17:44:51] 📥 Primit de la profesor: GET_ACTIVE_USERS:3
[17:44:58] 📥 Primit de la profesor: GET_COMMENTS:3
[17:44:58] 📤 Trimis 14 comentarii pentru thread #3
[17:44:58] 📥 Primit de la profesor: GET_ACTIVE_USERS:3
[17:45:05] 📥 Primit de la profesor: GET_COMMENTS:3
[17:45:05] 📤 Trimis 14 comentarii pentru thread #3
[17:45:05] 📥 Primit de la profesor: GET_ACTIVE_USERS:3
[17:45:12] 📥 Primit de la profesor: GET_COMMENTS:3
[17:45:12] 📤 Trimis 14 comentarii pentru thread #3
[17:45:12] 📥 Primit de la profesor: GET_ACTIVE_USERS:3
[17:45:15] 📥 Primit de la profesor: GET_THREADS
[17:45:16] 📤 Trimis 9 thread-uri către profesor
[17:45:16] 📥 Primit de la profesor: GET_ACTIVE_USERS:3
[17:45:16] 📥 Primit de la profesor: HEARTBEAT:sess_1769095125776_2:2:3
[17:45:19] 📥 Primit de la profesor: GET_COMMENTS:3
[17:45:19] 📤 Trimis 14 comentarii pentru thread #3
[17:45:19] 📥 Primit de la profesor: GET_ACTIVE_USERS:3
[17:45:26] 📥 Primit de la profesor: GET_COMMENTS:3
[17:45:26] 📤 Trimis 14 comentarii pentru thread #3
[17:45:26] 📥 Primit de la profesor: GET_ACTIVE_USERS:3
[17:45:33] 📥 Primit de la profesor: GET_COMMENTS:3
[17:45:33] 📤 Trimis 14 comentarii pentru thread #3
[17:45:33] 📥 Primit de la profesor: GET_ACTIVE_USERS:3
[17:45:40] 📥 Primit de la profesor: GET_COMMENTS:3
[17:45:40] 📤 Trimis 14 comentarii pentru thread #3
[17:45:40] 📥 Primit de la profesor: GET_ACTIVE_USERS:3
[17:45:46] 📥 Primit de la profesor: GET_THREADS
[17:45:46] 📤 Trimis 9 thread-uri către profesor
[17:45:46] 📥 Primit de la profesor: GET_ACTIVE_USERS:3
[17:45:46] 📥 Primit de la profesor: HEARTBEAT:sess_1769095125776_2:2:3
[17:45:47] 📥 Primit de la profesor: GET_COMMENTS:3
[17:45:47] 📤 Trimis 14 comentarii pentru thread #3
[17:45:47] 📥 Primit de la profesor: GET_ACTIVE_USERS:3
[17:45:54] 📥 Primit de la profesor: GET_COMMENTS:3
[17:45:54] 📤 Trimis 14 comentarii pentru thread #3
[17:45:54] 📥 Primit de la profesor: GET_ACTIVE_USERS:3
[17:46:01] 📥 Primit de la profesor: GET_COMMENTS:3
[17:46:01] 📤 Trimis 14 comentarii pentru thread #3
[17:46:01] 📥 Primit de la profesor: GET_ACTIVE_USERS:3
[17:46:08] 📥 Primit de la profesor: GET_COMMENTS:3
[17:46:08] 📤 Trimis 14 comentarii pentru thread #3
[17:46:08] 📥 Primit de la profesor: GET_ACTIVE_USERS:3
[17:46:15] 📥 Primit de la profesor: GET_COMMENTS:3
[17:46:15] 📤 Trimis 14 comentarii pentru thread #3
[17:46:15] 📥 Primit de la profesor: GET_ACTIVE_USERS:3
[17:46:16] 📥 Primit de la profesor: GET_THREADS
[17:46:16] 📤 Trimis 9 thread-uri către profesor
[17:46:16] 📥 Primit de la profesor: GET_ACTIVE_USERS:3
[17:46:16] 📥 Primit de la profesor: HEARTBEAT:sess_1769095125776_2:2:3
[17:46:22] 📥 Primit de la profesor: GET_COMMENTS:3
[17:46:22] 📤 Trimis 14 comentarii pentru thread #3
[17:46:22] 📥 Primit de la profesor: GET_ACTIVE_USERS:3
[17:46:29] 📥 Primit de la profesor: GET_COMMENTS:3
[17:46:29] 📤 Trimis 14 comentarii pentru thread #3
[17:46:29] 📥 Primit de la profesor: GET_ACTIVE_USERS:3
[17:46:36] 📥 Primit de la profesor: GET_COMMENTS:3
[17:46:36] 📤 Trimis 14 comentarii pentru thread #3
[17:46:36] 📥 Primit de la profesor: GET_ACTIVE_USERS:3
[17:46:43] 📥 Primit de la profesor: GET_COMMENTS:3
[17:46:43] 📤 Trimis 14 comentarii pentru thread #3
[17:46:43] 📥 Primit de la profesor: GET_ACTIVE_USERS:3
[17:46:46] 📥 Primit de la profesor: GET_THREADS
[17:46:46] 📤 Trimis 9 thread-uri către profesor
[17:46:46] 📥 Primit de la profesor: GET_ACTIVE_USERS:3
[17:46:46] 📥 Primit de la profesor: HEARTBEAT:sess_1769095125776_2:2:3
[17:46:50] 📥 Primit de la profesor: GET_COMMENTS:3
[17:46:50] 📤 Trimis 14 comentarii pentru thread #3
[17:46:50] 📥 Primit de la profesor: GET_ACTIVE_USERS:3
[17:46:57] 📥 Primit de la profesor: GET_COMMENTS:3
[17:46:57] 📤 Trimis 14 comentarii pentru thread #3
[17:46:57] 📥 Primit de la profesor: GET_ACTIVE_USERS:3
[17:47:04] 📥 Primit de la profesor: GET_COMMENTS:3
[17:47:04] 📤 Trimis 14 comentarii pentru thread #3
[17:47:04] 📥 Primit de la profesor: GET_ACTIVE_USERS:3
[17:47:11] 📥 Primit de la profesor: GET_COMMENTS:3
[17:47:11] 📤 Trimis 14 comentarii pentru thread #3
[17:47:11] 📥 Primit de la profesor: GET_ACTIVE_USERS:3
[17:47:16] 📥 Primit de la profesor: GET_THREADS
[17:47:16] 📤 Trimis 9 thread-uri către profesor
[17:47:16] 📥 Primit de la profesor: GET_ACTIVE_USERS:3
[17:47:16] 📥 Primit de la profesor: HEARTBEAT:sess_1769095125776_2:2:3
[17:47:18] 📥 Primit de la profesor: GET_COMMENTS:3
[17:47:18] 📤 Trimis 14 comentarii pentru thread #3
[17:47:18] 📥 Primit de la profesor: GET_ACTIVE_USERS:3
[17:47:25] 📥 Primit de la profesor: GET_COMMENTS:3
[17:47:25] 📤 Trimis 14 comentarii pentru thread #3
[17:47:25] 📥 Primit de la profesor: GET_ACTIVE_USERS:3
[17:47:32] 📥 Primit de la profesor: GET_COMMENTS:3
[17:47:32] 📤 Trimis 14 comentarii pentru thread #3
[17:47:32] 📥 Primit de la profesor: GET_ACTIVE_USERS:3
[17:47:39] 📥 Primit de la profesor: GET_COMMENTS:3
[17:47:39] 📤 Trimis 14 comentarii pentru thread #3
[17:47:39] 📥 Primit de la profesor: GET_ACTIVE_USERS:3
[17:47:46] 📥 Primit de la profesor: GET_THREADS
[17:47:46] 📤 Trimis 9 thread-uri către profesor
[17:47:46] 📥 Primit de la profesor: GET_ACTIVE_USERS:3
[17:47:46] 📥 Primit de la profesor: HEARTBEAT:sess_1769095125776_2:2:3
[17:47:46] 📥 Primit de la profesor: GET_COMMENTS:3
[17:47:46] 📤 Trimis 14 comentarii pentru thread #3
[17:47:46] 📥 Primit de la profesor: GET_ACTIVE_USERS:3
[17:47:53] 📥 Primit de la profesor: GET_COMMENTS:3
[17:47:53] 📤 Trimis 14 comentarii pentru thread #3
[17:47:53] 📥 Primit de la profesor: GET_ACTIVE_USERS:3
[17:48:00] 📥 Primit de la profesor: GET_COMMENTS:3
[17:48:00] 📤 Trimis 14 comentarii pentru thread #3
[17:48:00] 📥 Primit de la profesor: GET_ACTIVE_USERS:3
[17:48:07] 📥 Primit de la profesor: GET_COMMENTS:3
[17:48:07] 📤 Trimis 14 comentarii pentru thread #3
[17:48:07] 📥 Primit de la profesor: GET_ACTIVE_USERS:3
[17:48:14] 📥 Primit de la profesor: GET_COMMENTS:3
[17:48:14] 📤 Trimis 14 comentarii pentru thread #3
[17:48:14] 📥 Primit de la profesor: GET_ACTIVE_USERS:3
[17:48:16] 📥 Primit de la profesor: GET_THREADS
[17:48:16] 📤 Trimis 9 thread-uri către profesor
[17:48:16] 📥 Primit de la profesor: GET_ACTIVE_USERS:3
[17:48:16] 📥 Primit de la profesor: HEARTBEAT:sess_1769095125776_2:2:3
[17:48:21] 📥 Primit de la profesor: GET_COMMENTS:3
[17:48:21] 📤 Trimis 14 comentarii pentru thread #3
[17:48:21] 📥 Primit de la profesor: GET_ACTIVE_USERS:3
[17:48:28] 📥 Primit de la profesor: GET_COMMENTS:3
[17:48:28] 📤 Trimis 14 comentarii pentru thread #3
[17:48:28] 📥 Primit de la profesor: GET_ACTIVE_USERS:3
[17:48:35] 📥 Primit de la profesor: GET_COMMENTS:3
[17:48:35] 📤 Trimis 14 comentarii pentru thread #3
[17:48:35] 📥 Primit de la profesor: GET_ACTIVE_USERS:3
[17:48:42] 📥 Primit de la profesor: GET_COMMENTS:3
[17:48:42] 📤 Trimis 14 comentarii pentru thread #3
[17:48:42] 📥 Primit de la profesor: GET_ACTIVE_USERS:3
[17:48:46] 📥 Primit de la profesor: GET_THREADS
[17:48:46] 📤 Trimis 9 thread-uri către profesor
[17:48:46] 📥 Primit de la profesor: GET_ACTIVE_USERS:3
[17:48:46] 📥 Primit de la profesor: HEARTBEAT:sess_1769095125776_2:2:3
[17:48:49] 📥 Primit de la profesor: GET_COMMENTS:3
[17:48:49] 📤 Trimis 14 comentarii pentru thread #3
[17:48:49] 📥 Primit de la profesor: GET_ACTIVE_USERS:3
[17:48:56] 📥 Primit de la profesor: GET_COMMENTS:3
[17:48:56] 📤 Trimis 14 comentarii pentru thread #3
[17:48:56] 📥 Primit de la profesor: GET_ACTIVE_USERS:3
[17:49:03] 📥 Primit de la profesor: GET_COMMENTS:3
[17:49:03] 📤 Trimis 14 comentarii pentru thread #3
[17:49:03] 📥 Primit de la profesor: GET_ACTIVE_USERS:3
[17:49:10] 📥 Primit de la profesor: GET_COMMENTS:3
[17:49:10] 📤 Trimis 14 comentarii pentru thread #3
[17:49:10] 📥 Primit de la profesor: GET_ACTIVE_USERS:3
[17:49:16] 📥 Primit de la profesor: GET_THREADS
[17:49:16] 📤 Trimis 9 thread-uri către profesor
[17:49:16] 📥 Primit de la profesor: GET_ACTIVE_USERS:3
[17:49:16] 📥 Primit de la profesor: HEARTBEAT:sess_1769095125776_2:2:3
[17:49:17] 📥 Primit de la profesor: GET_COMMENTS:3
[17:49:17] 📤 Trimis 14 comentarii pentru thread #3
[17:49:17] 📥 Primit de la profesor: GET_ACTIVE_USERS:3
[17:49:24] 📥 Primit de la profesor: GET_COMMENTS:3
[17:49:24] 📤 Trimis 14 comentarii pentru thread #3
[17:49:24] 📥 Primit de la profesor: GET_ACTIVE_USERS:3
[17:49:31] 📥 Primit de la profesor: GET_COMMENTS:3
[17:49:31] 📤 Trimis 14 comentarii pentru thread #3
[17:49:31] 📥 Primit de la profesor: GET_ACTIVE_USERS:3
[17:49:38] 📥 Primit de la profesor: GET_COMMENTS:3
[17:49:38] 📤 Trimis 14 comentarii pentru thread #3
[17:49:38] 📥 Primit de la profesor: GET_ACTIVE_USERS:3
[17:49:45] 📥 Primit de la profesor: GET_COMMENTS:3
[17:49:45] 📤 Trimis 14 comentarii pentru thread #3
[17:49:45] 📥 Primit de la profesor: GET_ACTIVE_USERS:3
[17:49:46] 📥 Primit de la profesor: GET_THREADS
[17:49:46] 📤 Trimis 9 thread-uri către profesor
[17:49:46] 📥 Primit de la profesor: GET_ACTIVE_USERS:3
[17:49:46] 📥 Primit de la profesor: HEARTBEAT:sess_1769095125776_2:2:3
[17:49:52] 📥 Primit de la profesor: GET_COMMENTS:3
[17:49:52] 📤 Trimis 14 comentarii pentru thread #3
[17:49:52] 📥 Primit de la profesor: GET_ACTIVE_USERS:3
[17:49:59] 📥 Primit de la profesor: GET_COMMENTS:3
[17:49:59] 📤 Trimis 14 comentarii pentru thread #3
[17:49:59] 📥 Primit de la profesor: GET_ACTIVE_USERS:3
[17:50:06] 📥 Primit de la profesor: GET_COMMENTS:3
[17:50:06] 📤 Trimis 14 comentarii pentru thread #3
[17:50:06] 📥 Primit de la profesor: GET_ACTIVE_USERS:3
[17:50:13] 📥 Primit de la profesor: GET_COMMENTS:3
[17:50:13] 📤 Trimis 14 comentarii pentru thread #3
[17:50:13] 📥 Primit de la profesor: GET_ACTIVE_USERS:3
[17:50:16] 📥 Primit de la profesor: GET_THREADS
[17:50:16] 📤 Trimis 9 thread-uri către profesor
[17:50:16] 📥 Primit de la profesor: GET_ACTIVE_USERS:3
[17:50:16] 📥 Primit de la profesor: HEARTBEAT:sess_1769095125776_2:2:3
[17:50:20] 📥 Primit de la profesor: GET_COMMENTS:3
[17:50:20] 📤 Trimis 14 comentarii pentru thread #3
[17:50:20] 📥 Primit de la profesor: GET_ACTIVE_USERS:3
[17:50:27] 📥 Primit de la profesor: GET_COMMENTS:3
[17:50:27] 📤 Trimis 14 comentarii pentru thread #3
[17:50:27] 📥 Primit de la profesor: GET_ACTIVE_USERS:3
[17:50:34] 📥 Primit de la profesor: GET_COMMENTS:3
[17:50:34] 📤 Trimis 14 comentarii pentru thread #3
[17:50:34] 📥 Primit de la profesor: GET_ACTIVE_USERS:3
[17:50:41] 📥 Primit de la profesor: GET_COMMENTS:3
[17:50:41] 📤 Trimis 14 comentarii pentru thread #3
[17:50:41] 📥 Primit de la profesor: GET_ACTIVE_USERS:3
[17:50:46] 📥 Primit de la profesor: GET_THREADS
[17:50:46] 📤 Trimis 9 thread-uri către profesor
[17:50:46] 📥 Primit de la profesor: GET_ACTIVE_USERS:3
[17:50:46] 📥 Primit de la profesor: HEARTBEAT:sess_1769095125776_2:2:3
[17:50:48] 📥 Primit de la profesor: GET_COMMENTS:3
[17:50:48] 📤 Trimis 14 comentarii pentru thread #3
[17:50:48] 📥 Primit de la profesor: GET_ACTIVE_USERS:3
[17:50:55] 📥 Primit de la profesor: GET_COMMENTS:3
[17:50:55] 📤 Trimis 14 comentarii pentru thread #3
[17:50:55] 📥 Primit de la profesor: GET_ACTIVE_USERS:3
[17:51:02] 📥 Primit de la profesor: GET_COMMENTS:3
[17:51:02] 📤 Trimis 14 comentarii pentru thread #3
[17:51:02] 📥 Primit de la profesor: GET_ACTIVE_USERS:3
[17:51:09] 📥 Primit de la profesor: GET_COMMENTS:3
[17:51:09] 📤 Trimis 14 comentarii pentru thread #3
[17:51:09] 📥 Primit de la profesor: GET_ACTIVE_USERS:3
[17:51:16] 📥 Primit de la profesor: GET_THREADS
[17:51:16] 📤 Trimis 9 thread-uri către profesor
[17:51:16] 📥 Primit de la profesor: GET_ACTIVE_USERS:3
[17:51:16] 📥 Primit de la profesor: HEARTBEAT:sess_1769095125776_2:2:3
[17:51:16] 📥 Primit de la profesor: GET_COMMENTS:3
[17:51:16] 📤 Trimis 14 comentarii pentru thread #3
[17:51:16] 📥 Primit de la profesor: GET_ACTIVE_USERS:3
[17:51:23] 📥 Primit de la profesor: GET_COMMENTS:3
[17:51:23] 📤 Trimis 14 comentarii pentru thread #3
[17:51:23] 📥 Primit de la profesor: GET_ACTIVE_USERS:3
[17:51:30] 📥 Primit de la profesor: GET_COMMENTS:3
[17:51:30] 📤 Trimis 14 comentarii pentru thread #3
[17:51:30] 📥 Primit de la profesor: GET_ACTIVE_USERS:3
[17:51:37] 📥 Primit de la profesor: GET_COMMENTS:3
[17:51:37] 📤 Trimis 14 comentarii pentru thread #3
[17:51:37] 📥 Primit de la profesor: GET_ACTIVE_USERS:3
[17:51:44] 📥 Primit de la profesor: GET_COMMENTS:3
[17:51:44] 📤 Trimis 14 comentarii pentru thread #3
[17:51:44] 📥 Primit de la profesor: GET_ACTIVE_USERS:3
[17:51:46] 📥 Primit de la profesor: GET_THREADS
[17:51:46] 📤 Trimis 9 thread-uri către profesor
[17:51:46] 📥 Primit de la profesor: GET_ACTIVE_USERS:3
[17:51:46] 📥 Primit de la profesor: HEARTBEAT:sess_1769095125776_2:2:3
[17:51:51] 📥 Primit de la profesor: GET_COMMENTS:3
[17:51:51] 📤 Trimis 14 comentarii pentru thread #3
[17:51:51] 📥 Primit de la profesor: GET_ACTIVE_USERS:3
[17:51:58] 📥 Primit de la profesor: GET_COMMENTS:3
[17:51:58] 📤 Trimis 14 comentarii pentru thread #3
[17:51:58] 📥 Primit de la profesor: GET_ACTIVE_USERS:3
[17:52:05] 📥 Primit de la profesor: GET_COMMENTS:3
[17:52:05] 📤 Trimis 14 comentarii pentru thread #3
[17:52:05] 📥 Primit de la profesor: GET_ACTIVE_USERS:3
[17:52:12] 📥 Primit de la profesor: GET_COMMENTS:3
[17:52:12] 📤 Trimis 14 comentarii pentru thread #3
[17:52:12] 📥 Primit de la profesor: GET_ACTIVE_USERS:3
[17:52:16] 📥 Primit de la profesor: GET_THREADS
[17:52:16] 📤 Trimis 9 thread-uri către profesor
[17:52:16] 📥 Primit de la profesor: GET_ACTIVE_USERS:3
[17:52:16] 📥 Primit de la profesor: HEARTBEAT:sess_1769095125776_2:2:3
[17:52:19] 📥 Primit de la profesor: GET_COMMENTS:3
[17:52:19] 📤 Trimis 14 comentarii pentru thread #3
[17:52:19] 📥 Primit de la profesor: GET_ACTIVE_USERS:3
[17:52:26] 📥 Primit de la profesor: GET_COMMENTS:3
[17:52:26] 📤 Trimis 14 comentarii pentru thread #3
[17:52:26] 📥 Primit de la profesor: GET_ACTIVE_USERS:3
[17:52:33] 📥 Primit de la profesor: GET_COMMENTS:3
[17:52:33] 📤 Trimis 14 comentarii pentru thread #3
[17:52:33] 📥 Primit de la profesor: GET_ACTIVE_USERS:3
[17:52:40] 📥 Primit de la profesor: GET_COMMENTS:3
[17:52:40] 📤 Trimis 14 comentarii pentru thread #3
[17:52:40] 📥 Primit de la profesor: GET_ACTIVE_USERS:3
[17:52:46] 📥 Primit de la profesor: GET_THREADS
[17:52:46] 📤 Trimis 9 thread-uri către profesor
[17:52:46] 📥 Primit de la profesor: GET_ACTIVE_USERS:3
[17:52:46] 📥 Primit de la profesor: HEARTBEAT:sess_1769095125776_2:2:3
[17:52:47] 📥 Primit de la profesor: GET_COMMENTS:3
[17:52:47] 📤 Trimis 14 comentarii pentru thread #3
[17:52:47] 📥 Primit de la profesor: GET_ACTIVE_USERS:3
[17:52:54] 📥 Primit de la profesor: GET_COMMENTS:3
[17:52:54] 📤 Trimis 14 comentarii pentru thread #3
[17:52:54] 📥 Primit de la profesor: GET_ACTIVE_USERS:3
[17:53:01] 📥 Primit de la profesor: GET_COMMENTS:3
[17:53:01] 📤 Trimis 14 comentarii pentru thread #3
[17:53:01] 📥 Primit de la profesor: GET_ACTIVE_USERS:3
[17:53:08] 📥 Primit de la profesor: GET_COMMENTS:3
[17:53:08] 📤 Trimis 14 comentarii pentru thread #3
[17:53:08] 📥 Primit de la profesor: GET_ACTIVE_USERS:3
[17:53:15] 📥 Primit de la profesor: GET_COMMENTS:3
[17:53:15] 📤 Trimis 14 comentarii pentru thread #3
[17:53:15] 📥 Primit de la profesor: GET_ACTIVE_USERS:3
[17:53:16] 📥 Primit de la profesor: GET_THREADS
[17:53:16] 📤 Trimis 9 thread-uri către profesor
[17:53:16] 📥 Primit de la profesor: GET_ACTIVE_USERS:3
[17:53:16] 📥 Primit de la profesor: HEARTBEAT:sess_1769095125776_2:2:3
[17:53:22] 📥 Primit de la profesor: GET_COMMENTS:3
[17:53:22] 📤 Trimis 14 comentarii pentru thread #3
[17:53:22] 📥 Primit de la profesor: GET_ACTIVE_USERS:3
[17:53:29] 📥 Primit de la profesor: GET_COMMENTS:3
[17:53:29] 📤 Trimis 14 comentarii pentru thread #3
[17:53:29] 📥 Primit de la profesor: GET_ACTIVE_USERS:3
[17:53:36] 📥 Primit de la profesor: GET_COMMENTS:3
[17:53:36] 📤 Trimis 14 comentarii pentru thread #3
[17:53:36] 📥 Primit de la profesor: GET_ACTIVE_USERS:3
[17:53:43] 📥 Primit de la profesor: GET_COMMENTS:3
[17:53:43] 📤 Trimis 14 comentarii pentru thread #3
[17:53:43] 📥 Primit de la profesor: GET_ACTIVE_USERS:3
[17:53:46] 📥 Primit de la profesor: GET_THREADS
[17:53:46] 📤 Trimis 9 thread-uri către profesor
[17:53:46] 📥 Primit de la profesor: GET_ACTIVE_USERS:3
[17:53:46] 📥 Primit de la profesor: HEARTBEAT:sess_1769095125776_2:2:3
[17:53:50] 📥 Primit de la profesor: GET_COMMENTS:3
[17:53:50] 📤 Trimis 14 comentarii pentru thread #3
[17:53:50] 📥 Primit de la profesor: GET_ACTIVE_USERS:3
[17:53:57] 📥 Primit de la profesor: GET_COMMENTS:3
[17:53:57] 📤 Trimis 14 comentarii pentru thread #3
[17:53:57] 📥 Primit de la profesor: GET_ACTIVE_USERS:3
[17:54:04] 📥 Primit de la profesor: GET_COMMENTS:3
[17:54:04] 📤 Trimis 14 comentarii pentru thread #3
[17:54:04] 📥 Primit de la profesor: GET_ACTIVE_USERS:3
[17:54:11] 📥 Primit de la profesor: GET_COMMENTS:3
[17:54:11] 📤 Trimis 14 comentarii pentru thread #3
[17:54:11] 📥 Primit de la profesor: GET_ACTIVE_USERS:3
[17:54:16] 📥 Primit de la profesor: GET_THREADS
[17:54:16] 📤 Trimis 9 thread-uri către profesor
[17:54:16] 📥 Primit de la profesor: GET_ACTIVE_USERS:3
[17:54:16] 📥 Primit de la profesor: HEARTBEAT:sess_1769095125776_2:2:3
[17:54:18] 📥 Primit de la profesor: GET_COMMENTS:3
[17:54:18] 📤 Trimis 14 comentarii pentru thread #3
[17:54:18] 📥 Primit de la profesor: GET_ACTIVE_USERS:3
[17:54:25] 📥 Primit de la profesor: GET_COMMENTS:3
[17:54:25] 📤 Trimis 14 comentarii pentru thread #3
[17:54:25] 📥 Primit de la profesor: GET_ACTIVE_USERS:3
[17:54:32] 📥 Primit de la profesor: GET_COMMENTS:3
[17:54:32] 📤 Trimis 14 comentarii pentru thread #3
[17:54:32] 📥 Primit de la profesor: GET_ACTIVE_USERS:3
[17:54:39] 📥 Primit de la profesor: GET_COMMENTS:3
[17:54:39] 📤 Trimis 14 comentarii pentru thread #3
[17:54:39] 📥 Primit de la profesor: GET_ACTIVE_USERS:3
[17:54:46] 📥 Primit de la profesor: GET_THREADS
[17:54:46] 📤 Trimis 9 thread-uri către profesor
[17:54:46] 📥 Primit de la profesor: GET_ACTIVE_USERS:3
[17:54:46] 📥 Primit de la profesor: HEARTBEAT:sess_1769095125776_2:2:3
[17:54:46] 📥 Primit de la profesor: GET_COMMENTS:3
[17:54:46] 📤 Trimis 14 comentarii pentru thread #3
[17:54:46] 📥 Primit de la profesor: GET_ACTIVE_USERS:3
[17:54:53] 📥 Primit de la profesor: GET_COMMENTS:3
[17:54:53] 📤 Trimis 14 comentarii pentru thread #3
[17:54:53] 📥 Primit de la profesor: GET_ACTIVE_USERS:3
[17:55:00] 📥 Primit de la profesor: GET_COMMENTS:3
[17:55:00] 📤 Trimis 14 comentarii pentru thread #3
[17:55:00] 📥 Primit de la profesor: GET_ACTIVE_USERS:3
[17:55:07] 📥 Primit de la profesor: GET_COMMENTS:3
[17:55:07] 📤 Trimis 14 comentarii pentru thread #3
[17:55:07] 📥 Primit de la profesor: GET_ACTIVE_USERS:3
[17:55:14] 📥 Primit de la profesor: GET_COMMENTS:3
[17:55:14] 📤 Trimis 14 comentarii pentru thread #3
[17:55:14] 📥 Primit de la profesor: GET_ACTIVE_USERS:3
[17:55:16] 📥 Primit de la profesor: GET_THREADS
[17:55:16] 📤 Trimis 9 thread-uri către profesor
[17:55:16] 📥 Primit de la profesor: GET_ACTIVE_USERS:3
[17:55:16] 📥 Primit de la profesor: HEARTBEAT:sess_1769095125776_2:2:3
[17:55:21] 📥 Primit de la profesor: GET_COMMENTS:3
[17:55:21] 📤 Trimis 14 comentarii pentru thread #3
[17:55:21] 📥 Primit de la profesor: GET_ACTIVE_USERS:3
[17:55:28] 📥 Primit de la profesor: GET_COMMENTS:3
[17:55:28] 📤 Trimis 14 comentarii pentru thread #3
[17:55:28] 📥 Primit de la profesor: GET_ACTIVE_USERS:3
[17:55:35] 📥 Primit de la profesor: GET_COMMENTS:3
[17:55:35] 📤 Trimis 14 comentarii pentru thread #3
[17:55:35] 📥 Primit de la profesor: GET_ACTIVE_USERS:3
[17:55:42] 📥 Primit de la profesor: GET_COMMENTS:3
[17:55:42] 📤 Trimis 14 comentarii pentru thread #3
[17:55:42] 📥 Primit de la profesor: GET_ACTIVE_USERS:3
[17:55:46] 📥 Primit de la profesor: GET_THREADS
[17:55:46] 📤 Trimis 9 thread-uri către profesor
[17:55:46] 📥 Primit de la profesor: GET_ACTIVE_USERS:3
[17:55:46] 📥 Primit de la profesor: HEARTBEAT:sess_1769095125776_2:2:3
[17:55:49] 📥 Primit de la profesor: GET_COMMENTS:3
[17:55:49] 📤 Trimis 14 comentarii pentru thread #3
[17:55:49] 📥 Primit de la profesor: GET_ACTIVE_USERS:3
[17:55:56] 📥 Primit de la profesor: GET_COMMENTS:3
[17:55:56] 📤 Trimis 14 comentarii pentru thread #3
[17:55:56] 📥 Primit de la profesor: GET_ACTIVE_USERS:3
[17:56:03] 📥 Primit de la profesor: GET_COMMENTS:3
[17:56:03] 📤 Trimis 14 comentarii pentru thread #3
[17:56:03] 📥 Primit de la profesor: GET_ACTIVE_USERS:3
[17:56:10] 📥 Primit de la profesor: GET_COMMENTS:3
[17:56:10] 📤 Trimis 14 comentarii pentru thread #3
[17:56:10] 📥 Primit de la profesor: GET_ACTIVE_USERS:3
[17:56:16] 📥 Primit de la profesor: GET_THREADS
[17:56:16] 📤 Trimis 9 thread-uri către profesor
[17:56:16] 📥 Primit de la profesor: GET_ACTIVE_USERS:3
[17:56:16] 📥 Primit de la profesor: HEARTBEAT:sess_1769095125776_2:2:3
[17:56:17] 📥 Primit de la profesor: GET_COMMENTS:3
[17:56:17] 📤 Trimis 14 comentarii pentru thread #3
[17:56:17] 📥 Primit de la profesor: GET_ACTIVE_USERS:3
[17:56:24] 📥 Primit de la profesor: GET_COMMENTS:3
[17:56:24] 📤 Trimis 14 comentarii pentru thread #3
[17:56:24] 📥 Primit de la profesor: GET_ACTIVE_USERS:3
[17:56:31] 📥 Primit de la profesor: GET_COMMENTS:3
[17:56:31] 📤 Trimis 14 comentarii pentru thread #3
[17:56:31] 📥 Primit de la profesor: GET_ACTIVE_USERS:3
[17:56:38] 📥 Primit de la profesor: GET_COMMENTS:3
[17:56:38] 📤 Trimis 14 comentarii pentru thread #3
[17:56:38] 📥 Primit de la profesor: GET_ACTIVE_USERS:3
[17:56:45] 📥 Primit de la profesor: GET_COMMENTS:3
[17:56:45] 📤 Trimis 14 comentarii pentru thread #3
[17:56:45] 📥 Primit de la profesor: GET_ACTIVE_USERS:3
[17:56:46] 📥 Primit de la profesor: GET_THREADS
[17:56:46] 📤 Trimis 9 thread-uri către profesor
[17:56:46] 📥 Primit de la profesor: GET_ACTIVE_USERS:3
[17:56:46] 📥 Primit de la profesor: HEARTBEAT:sess_1769095125776_2:2:3
[17:56:52] 📥 Primit de la profesor: GET_COMMENTS:3
[17:56:52] 📤 Trimis 14 comentarii pentru thread #3
[17:56:52] 📥 Primit de la profesor: GET_ACTIVE_USERS:3
[17:56:59] 📥 Primit de la profesor: GET_COMMENTS:3
[17:56:59] 📤 Trimis 14 comentarii pentru thread #3
[17:56:59] 📥 Primit de la profesor: GET_ACTIVE_USERS:3
[17:57:06] 📥 Primit de la profesor: GET_COMMENTS:3
[17:57:06] 📤 Trimis 14 comentarii pentru thread #3
[17:57:06] 📥 Primit de la profesor: GET_ACTIVE_USERS:3
[17:57:13] 📥 Primit de la profesor: GET_COMMENTS:3
[17:57:13] 📤 Trimis 14 comentarii pentru thread #3
[17:57:13] 📥 Primit de la profesor: GET_ACTIVE_USERS:3
[17:57:16] 📥 Primit de la profesor: GET_THREADS
[17:57:16] 📤 Trimis 9 thread-uri către profesor
[17:57:16] 📥 Primit de la profesor: GET_ACTIVE_USERS:3
[17:57:16] 📥 Primit de la profesor: HEARTBEAT:sess_1769095125776_2:2:3
[17:57:20] 📥 Primit de la profesor: GET_COMMENTS:3
[17:57:20] 📤 Trimis 14 comentarii pentru thread #3
[17:57:20] 📥 Primit de la profesor: GET_ACTIVE_USERS:3
[17:57:27] 📥 Primit de la profesor: GET_COMMENTS:3
[17:57:27] 📤 Trimis 14 comentarii pentru thread #3
[17:57:27] 📥 Primit de la profesor: GET_ACTIVE_USERS:3
[17:57:34] 📥 Primit de la profesor: GET_COMMENTS:3
[17:57:34] 📤 Trimis 14 comentarii pentru thread #3
[17:57:34] 📥 Primit de la profesor: GET_ACTIVE_USERS:3
[17:57:41] 📥 Primit de la profesor: GET_COMMENTS:3
[17:57:41] 📤 Trimis 14 comentarii pentru thread #3
[17:57:41] 📥 Primit de la profesor: GET_ACTIVE_USERS:3
[17:57:46] 📥 Primit de la profesor: GET_THREADS
[17:57:46] 📤 Trimis 9 thread-uri către profesor
[17:57:46] 📥 Primit de la profesor: GET_ACTIVE_USERS:3
[17:57:46] 📥 Primit de la profesor: HEARTBEAT:sess_1769095125776_2:2:3
[17:57:48] 📥 Primit de la profesor: GET_COMMENTS:3
[17:57:48] 📤 Trimis 14 comentarii pentru thread #3
[17:57:48] 📥 Primit de la profesor: GET_ACTIVE_USERS:3
[17:57:55] 📥 Primit de la profesor: GET_COMMENTS:3
[17:57:55] 📤 Trimis 14 comentarii pentru thread #3
[17:57:55] 📥 Primit de la profesor: GET_ACTIVE_USERS:3
[17:58:02] 📥 Primit de la profesor: GET_COMMENTS:3
[17:58:02] 📤 Trimis 14 comentarii pentru thread #3
[17:58:02] 📥 Primit de la profesor: GET_ACTIVE_USERS:3
[17:58:09] 📥 Primit de la profesor: GET_COMMENTS:3
[17:58:09] 📤 Trimis 14 comentarii pentru thread #3
[17:58:09] 📥 Primit de la profesor: GET_ACTIVE_USERS:3
[17:58:16] 📥 Primit de la profesor: GET_THREADS
[17:58:16] 📤 Trimis 9 thread-uri către profesor
[17:58:16] 📥 Primit de la profesor: GET_ACTIVE_USERS:3
[17:58:16] 📥 Primit de la profesor: HEARTBEAT:sess_1769095125776_2:2:3
[17:58:16] 📥 Primit de la profesor: GET_COMMENTS:3
[17:58:16] 📤 Trimis 14 comentarii pentru thread #3
[17:58:16] 📥 Primit de la profesor: GET_ACTIVE_USERS:3
[17:58:23] 📥 Primit de la profesor: GET_COMMENTS:3
[17:58:23] 📤 Trimis 14 comentarii pentru thread #3
[17:58:23] 📥 Primit de la profesor: GET_ACTIVE_USERS:3
[17:58:30] 📥 Primit de la profesor: GET_COMMENTS:3
[17:58:30] 📤 Trimis 14 comentarii pentru thread #3
[17:58:30] 📥 Primit de la profesor: GET_ACTIVE_USERS:3
[17:58:37] 📥 Primit de la profesor: GET_COMMENTS:3
[17:58:37] 📤 Trimis 14 comentarii pentru thread #3
[17:58:37] 📥 Primit de la profesor: GET_ACTIVE_USERS:3
[17:58:44] 📥 Primit de la profesor: GET_COMMENTS:3
[17:58:44] 📤 Trimis 14 comentarii pentru thread #3
[17:58:44] 📥 Primit de la profesor: GET_ACTIVE_USERS:3
[17:58:46] 📥 Primit de la profesor: GET_THREADS
[17:58:46] 📤 Trimis 9 thread-uri către profesor
[17:58:46] 📥 Primit de la profesor: GET_ACTIVE_USERS:3
[17:58:46] 📥 Primit de la profesor: HEARTBEAT:sess_1769095125776_2:2:3
[17:58:51] 📥 Primit de la profesor: GET_COMMENTS:3
[17:58:51] 📤 Trimis 14 comentarii pentru thread #3
[17:58:51] 📥 Primit de la profesor: GET_ACTIVE_USERS:3
[17:58:58] 📥 Primit de la profesor: GET_COMMENTS:3
[17:58:58] 📤 Trimis 14 comentarii pentru thread #3
[17:58:58] 📥 Primit de la profesor: GET_ACTIVE_USERS:3
[17:59:05] 📥 Primit de la profesor: GET_COMMENTS:3
[17:59:05] 📤 Trimis 14 comentarii pentru thread #3
[17:59:05] 📥 Primit de la profesor: GET_ACTIVE_USERS:3
[17:59:12] 📥 Primit de la profesor: GET_COMMENTS:3
[17:59:12] 📤 Trimis 14 comentarii pentru thread #3
[17:59:12] 📥 Primit de la profesor: GET_ACTIVE_USERS:3
[17:59:16] 📥 Primit de la profesor: GET_THREADS
[17:59:16] 📤 Trimis 9 thread-uri către profesor
[17:59:16] 📥 Primit de la profesor: GET_ACTIVE_USERS:3
[17:59:16] 📥 Primit de la profesor: HEARTBEAT:sess_1769095125776_2:2:3
[17:59:19] 📥 Primit de la profesor: GET_COMMENTS:3
[17:59:19] 📤 Trimis 14 comentarii pentru thread #3
[17:59:19] 📥 Primit de la profesor: GET_ACTIVE_USERS:3
[17:59:26] 📥 Primit de la profesor: GET_COMMENTS:3
[17:59:26] 📤 Trimis 14 comentarii pentru thread #3
[17:59:26] 📥 Primit de la profesor: GET_ACTIVE_USERS:3
[17:59:33] 📥 Primit de la profesor: GET_COMMENTS:3
[17:59:33] 📤 Trimis 14 comentarii pentru thread #3
[17:59:33] 📥 Primit de la profesor: GET_ACTIVE_USERS:3
[17:59:40] 📥 Primit de la profesor: GET_COMMENTS:3
[17:59:40] 📤 Trimis 14 comentarii pentru thread #3
[17:59:40] 📥 Primit de la profesor: GET_ACTIVE_USERS:3
[17:59:46] 📥 Primit de la profesor: GET_THREADS
[17:59:46] 📤 Trimis 9 thread-uri către profesor
[17:59:46] 📥 Primit de la profesor: GET_ACTIVE_USERS:3
[17:59:46] 📥 Primit de la profesor: HEARTBEAT:sess_1769095125776_2:2:3
[17:59:47] 📥 Primit de la profesor: GET_COMMENTS:3
[17:59:47] 📤 Trimis 14 comentarii pentru thread #3
[17:59:47] 📥 Primit de la profesor: GET_ACTIVE_USERS:3
[17:59:54] 📥 Primit de la profesor: GET_COMMENTS:3
[17:59:54] 📤 Trimis 14 comentarii pentru thread #3
[17:59:54] 📥 Primit de la profesor: GET_ACTIVE_USERS:3
[18:00:01] 📥 Primit de la profesor: GET_COMMENTS:3
[18:00:01] 📤 Trimis 14 comentarii pentru thread #3
[18:00:01] 📥 Primit de la profesor: GET_ACTIVE_USERS:3
[18:00:08] 📥 Primit de la profesor: GET_COMMENTS:3
[18:00:08] 📤 Trimis 14 comentarii pentru thread #3
[18:00:08] 📥 Primit de la profesor: GET_ACTIVE_USERS:3
[18:00:15] 📥 Primit de la profesor: GET_COMMENTS:3
[18:00:15] 📤 Trimis 14 comentarii pentru thread #3
[18:00:15] 📥 Primit de la profesor: GET_ACTIVE_USERS:3
[18:00:16] 📥 Primit de la profesor: GET_THREADS
[18:00:16] 📤 Trimis 9 thread-uri către profesor
[18:00:16] 📥 Primit de la profesor: GET_ACTIVE_USERS:3
[18:00:16] 📥 Primit de la profesor: HEARTBEAT:sess_1769095125776_2:2:3
[18:00:22] 📥 Primit de la profesor: GET_COMMENTS:3
[18:00:22] 📤 Trimis 14 comentarii pentru thread #3
[18:00:22] 📥 Primit de la profesor: GET_ACTIVE_USERS:3
[18:00:29] 📥 Primit de la profesor: GET_COMMENTS:3
[18:00:29] 📤 Trimis 14 comentarii pentru thread #3
[18:00:29] 📥 Primit de la profesor: GET_ACTIVE_USERS:3
[18:00:36] 📥 Primit de la profesor: GET_COMMENTS:3
[18:00:36] 📤 Trimis 14 comentarii pentru thread #3
[18:00:36] 📥 Primit de la profesor: GET_ACTIVE_USERS:3
[18:00:43] 📥 Primit de la profesor: GET_COMMENTS:3
[18:00:43] 📤 Trimis 14 comentarii pentru thread #3
[18:00:43] 📥 Primit de la profesor: GET_ACTIVE_USERS:3
[18:00:46] 📥 Primit de la profesor: GET_THREADS
[18:00:46] 📤 Trimis 9 thread-uri către profesor
[18:00:46] 📥 Primit de la profesor: GET_ACTIVE_USERS:3
[18:00:46] 📥 Primit de la profesor: HEARTBEAT:sess_1769095125776_2:2:3
[18:00:50] 📥 Primit de la profesor: GET_COMMENTS:3
[18:00:50] 📤 Trimis 14 comentarii pentru thread #3
[18:00:50] 📥 Primit de la profesor: GET_ACTIVE_USERS:3
[18:00:57] 📥 Primit de la profesor: GET_COMMENTS:3
[18:00:57] 📤 Trimis 14 comentarii pentru thread #3
[18:00:57] 📥 Primit de la profesor: GET_ACTIVE_USERS:3
[18:01:00] 📥 Primit de la profesor: LOGOUT
[18:01:00] 👋 profesor logged out
[18:01:00] 📴 Client disconnected: profesor
[18:01:00] 👋 Deconectare client: profesor
[20:28:53] 📁 Log file opened: logs/server_22.01.2026.log
[20:28:53] ===========================================
[20:28:53]       FORUM APP SERVER - UTM FCIM
[20:28:53]       Autor: Buga Pavel - CR-231
[20:28:53]       Port: 12345
[20:28:53]       Data: 22.01.2026 20:28:53
[20:28:53] ===========================================

[20:28:53] 🚀 Initializare server...
[20:28:54] 🧪 Test baza de date...
[20:28:54] ✅ Test autentificare: PASSED (student)
[20:28:54] ✅ Test thread-uri: 9 thread-uri găsite
[20:28:54] ✅ Test tag-uri: 8 tag-uri găsite
[20:28:54] ✅ Server pornit pe portul 12345
[20:28:54] 📍 Accesează: localhost:12345
[20:28:54] ⏳ Aștept conexiuni...

[20:28:57] 🔗 Client conectat: 127.0.0.1
[20:28:57] 🎬 ClientHandler pornit pentru: /127.0.0.1
[20:30:06] 📥 Primit de la anonim: LOGIN:student:student123
[20:30:06] ✅ student autentificat (session: sess_1769106606737_1)
[20:30:06] 📥 Primit de la student: GET_THREADS
[20:30:06] 📤 Trimis 9 thread-uri către student
[20:30:06] 📥 Primit de la student: GET_ACTIVE_USERS:null
[20:30:08] 📥 Primit de la student: GET_THREAD:3
[20:30:08] 📤 Trimis thread #3 către student
[20:30:08] 📥 Primit de la student: UPDATE_ACTIVITY:sess_1769106606737_1:1:3
[20:30:08] 📥 Primit de la student: GET_COMMENTS:3
[20:30:08] 📤 Trimis 14 comentarii pentru thread #3
[20:30:08] 📥 Primit de la student: GET_ACTIVE_USERS:3
[20:30:14] 📥 Primit de la student: GET_THREAD:6
[20:30:14] 📤 Trimis thread #6 către student
[20:30:14] 📥 Primit de la student: UPDATE_ACTIVITY:sess_1769106606737_1:1:6
[20:30:14] 📥 Primit de la student: GET_COMMENTS:6
[20:30:14] 📤 Trimis 0 comentarii pentru thread #6
[20:30:14] 📥 Primit de la student: GET_ACTIVE_USERS:6
[20:30:15] 📥 Primit de la student: GET_THREAD:8
[20:30:15] 📤 Trimis thread #8 către student
[20:30:15] 📥 Primit de la student: UPDATE_ACTIVITY:sess_1769106606737_1:1:8
[20:30:15] 📥 Primit de la student: GET_COMMENTS:8
[20:30:15] 📤 Trimis 3 comentarii pentru thread #8
[20:30:15] 📥 Primit de la student: GET_ACTIVE_USERS:8
[20:30:22] 📥 Primit de la student: GET_COMMENTS:8
[20:30:22] 📤 Trimis 3 comentarii pentru thread #8
[20:30:22] 📥 Primit de la student: GET_ACTIVE_USERS:8
[20:30:29] 📥 Primit de la student: GET_COMMENTS:8
[20:30:29] 📤 Trimis 3 comentarii pentru thread #8
[20:30:29] 📥 Primit de la student: GET_ACTIVE_USERS:8
[20:30:36] 📥 Primit de la student: GET_COMMENTS:8
[20:30:36] 📤 Trimis 3 comentarii pentru thread #8
[20:30:36] 📥 Primit de la student: GET_ACTIVE_USERS:8
[20:30:36] 📥 Primit de la student: GET_THREADS
[20:30:36] 📤 Trimis 9 thread-uri către student
[20:30:36] 📥 Primit de la student: GET_ACTIVE_USERS:8
[20:30:36] 📥 Primit de la student: HEARTBEAT:sess_1769106606737_1:1:8
[20:30:43] 📥 Primit de la student: GET_COMMENTS:8
[20:30:43] 📤 Trimis 3 comentarii pentru thread #8
[20:30:43] 📥 Primit de la student: GET_ACTIVE_USERS:8
[20:30:50] 📥 Primit de la student: GET_COMMENTS:8
[20:30:50] 📤 Trimis 3 comentarii pentru thread #8
[20:30:50] 📥 Primit de la student: GET_ACTIVE_USERS:8
[20:30:57] 📥 Primit de la student: GET_COMMENTS:8
[20:30:57] 📤 Trimis 3 comentarii pentru thread #8
[20:30:57] 📥 Primit de la student: GET_ACTIVE_USERS:8
[20:31:04] 📥 Primit de la student: GET_COMMENTS:8
[20:31:04] 📤 Trimis 3 comentarii pentru thread #8
[20:31:04] 📥 Primit de la student: GET_ACTIVE_USERS:8
[20:31:06] 📥 Primit de la student: GET_THREADS
[20:31:06] 📤 Trimis 9 thread-uri către student
[20:31:06] 📥 Primit de la student: GET_ACTIVE_USERS:8
[20:31:06] 📥 Primit de la student: HEARTBEAT:sess_1769106606737_1:1:8
[20:31:11] 📥 Primit de la student: GET_COMMENTS:8
[20:31:11] 📤 Trimis 3 comentarii pentru thread #8
[20:31:11] 📥 Primit de la student: GET_ACTIVE_USERS:8
[20:31:18] 📥 Primit de la student: GET_COMMENTS:8
[20:31:18] 📤 Trimis 3 comentarii pentru thread #8
[20:31:18] 📥 Primit de la student: GET_ACTIVE_USERS:8
[20:31:25] 📥 Primit de la student: GET_COMMENTS:8
[20:31:25] 📤 Trimis 3 comentarii pentru thread #8
[20:31:25] 📥 Primit de la student: GET_ACTIVE_USERS:8
[20:31:32] 📥 Primit de la student: GET_COMMENTS:8
[20:31:32] 📤 Trimis 3 comentarii pentru thread #8
[20:31:32] 📥 Primit de la student: GET_ACTIVE_USERS:8
[20:31:36] 📥 Primit de la student: GET_THREADS
[20:31:36] 📤 Trimis 9 thread-uri către student
[20:31:36] 📥 Primit de la student: GET_ACTIVE_USERS:8
[20:31:36] 📥 Primit de la student: HEARTBEAT:sess_1769106606737_1:1:8
[20:31:39] 📥 Primit de la student: GET_COMMENTS:8
[20:31:39] 📤 Trimis 3 comentarii pentru thread #8
[20:31:39] 📥 Primit de la student: GET_ACTIVE_USERS:8
[20:31:46] 📥 Primit de la student: GET_COMMENTS:8
[20:31:46] 📤 Trimis 3 comentarii pentru thread #8
[20:31:46] 📥 Primit de la student: GET_ACTIVE_USERS:8
[20:31:53] 📥 Primit de la student: GET_COMMENTS:8
[20:31:53] 📤 Trimis 3 comentarii pentru thread #8
[20:31:53] 📥 Primit de la student: GET_ACTIVE_USERS:8
[20:32:00] 📥 Primit de la student: GET_COMMENTS:8
[20:32:00] 📤 Trimis 3 comentarii pentru thread #8
[20:32:00] 📥 Primit de la student: GET_ACTIVE_USERS:8
[20:32:06] 📥 Primit de la student: GET_THREADS
[20:32:06] 📤 Trimis 9 thread-uri către student
[20:32:06] 📥 Primit de la student: GET_ACTIVE_USERS:8
[20:32:06] 📥 Primit de la student: HEARTBEAT:sess_1769106606737_1:1:8
[20:32:07] 📥 Primit de la student: GET_COMMENTS:8
[20:32:07] 📤 Trimis 3 comentarii pentru thread #8
[20:32:07] 📥 Primit de la student: GET_ACTIVE_USERS:8
[20:32:14] 📥 Primit de la student: GET_COMMENTS:8
[20:32:14] 📤 Trimis 3 comentarii pentru thread #8
[20:32:14] 📥 Primit de la student: GET_ACTIVE_USERS:8
[20:32:21] 📥 Primit de la student: GET_COMMENTS:8
[20:32:21] 📤 Trimis 3 comentarii pentru thread #8
[20:32:21] 📥 Primit de la student: GET_ACTIVE_USERS:8
[20:32:28] 📥 Primit de la student: GET_COMMENTS:8
[20:32:28] 📤 Trimis 3 comentarii pentru thread #8
[20:32:28] 📥 Primit de la student: GET_ACTIVE_USERS:8
[20:32:35] 📥 Primit de la student: GET_COMMENTS:8
[20:32:35] 📤 Trimis 3 comentarii pentru thread #8
[20:32:35] 📥 Primit de la student: GET_ACTIVE_USERS:8
[20:32:36] 📥 Primit de la student: GET_THREADS
[20:32:36] 📤 Trimis 9 thread-uri către student
[20:32:36] 📥 Primit de la student: GET_ACTIVE_USERS:8
[20:32:36] 📥 Primit de la student: HEARTBEAT:sess_1769106606737_1:1:8
[20:32:42] 📥 Primit de la student: GET_COMMENTS:8
[20:32:42] 📤 Trimis 3 comentarii pentru thread #8
[20:32:42] 📥 Primit de la student: GET_ACTIVE_USERS:8
[20:32:49] 📥 Primit de la student: GET_COMMENTS:8
[20:32:49] 📤 Trimis 3 comentarii pentru thread #8
[20:32:49] 📥 Primit de la student: GET_ACTIVE_USERS:8
[20:32:56] 📥 Primit de la student: GET_COMMENTS:8
[20:32:56] 📤 Trimis 3 comentarii pentru thread #8
[20:32:56] 📥 Primit de la student: GET_ACTIVE_USERS:8
[20:33:03] 📥 Primit de la student: GET_COMMENTS:8
[20:33:03] 📤 Trimis 3 comentarii pentru thread #8
[20:33:03] 📥 Primit de la student: GET_ACTIVE_USERS:8
[20:33:06] 📥 Primit de la student: GET_THREADS
[20:33:06] 📤 Trimis 9 thread-uri către student
[20:33:06] 📥 Primit de la student: GET_ACTIVE_USERS:8
[20:33:06] 📥 Primit de la student: HEARTBEAT:sess_1769106606737_1:1:8
[20:33:10] 📥 Primit de la student: GET_COMMENTS:8
[20:33:10] 📤 Trimis 3 comentarii pentru thread #8
[20:33:10] 📥 Primit de la student: GET_ACTIVE_USERS:8
[20:33:17] 📥 Primit de la student: GET_COMMENTS:8
[20:33:17] 📤 Trimis 3 comentarii pentru thread #8
[20:33:17] 📥 Primit de la student: GET_ACTIVE_USERS:8
[20:33:24] 📥 Primit de la student: GET_COMMENTS:8
[20:33:24] 📤 Trimis 3 comentarii pentru thread #8
[20:33:24] 📥 Primit de la student: GET_ACTIVE_USERS:8
[20:33:31] 📥 Primit de la student: GET_COMMENTS:8
[20:33:31] 📤 Trimis 3 comentarii pentru thread #8
[20:33:31] 📥 Primit de la student: GET_ACTIVE_USERS:8
[20:33:36] 📥 Primit de la student: GET_THREADS
[20:33:36] 📤 Trimis 9 thread-uri către student
[20:33:36] 📥 Primit de la student: GET_ACTIVE_USERS:8
[20:33:36] 📥 Primit de la student: HEARTBEAT:sess_1769106606737_1:1:8
[20:33:38] 📥 Primit de la student: GET_COMMENTS:8
[20:33:38] 📤 Trimis 3 comentarii pentru thread #8
[20:33:38] 📥 Primit de la student: GET_ACTIVE_USERS:8
[20:33:45] 📥 Primit de la student: GET_COMMENTS:8
[20:33:45] 📤 Trimis 3 comentarii pentru thread #8
[20:33:45] 📥 Primit de la student: GET_ACTIVE_USERS:8
[20:33:52] 📥 Primit de la student: GET_COMMENTS:8
[20:33:52] 📤 Trimis 3 comentarii pentru thread #8
[20:33:52] 📥 Primit de la student: GET_ACTIVE_USERS:8
[20:33:59] 📥 Primit de la student: GET_COMMENTS:8
[20:33:59] 📤 Trimis 3 comentarii pentru thread #8
[20:33:59] 📥 Primit de la student: GET_ACTIVE_USERS:8
[20:34:06] 📥 Primit de la student: GET_COMMENTS:8
[20:34:06] 📤 Trimis 3 comentarii pentru thread #8
[20:34:06] 📥 Primit de la student: GET_ACTIVE_USERS:8
[20:34:06] 📥 Primit de la student: GET_THREADS
[20:34:06] 📤 Trimis 9 thread-uri către student
[20:34:06] 📥 Primit de la student: GET_ACTIVE_USERS:8
[20:34:06] 📥 Primit de la student: HEARTBEAT:sess_1769106606737_1:1:8
[20:34:13] 📥 Primit de la student: GET_COMMENTS:8
[20:34:13] 📤 Trimis 3 comentarii pentru thread #8
[20:34:13] 📥 Primit de la student: GET_ACTIVE_USERS:8
[20:34:20] 📥 Primit de la student: GET_COMMENTS:8
[20:34:20] 📤 Trimis 3 comentarii pentru thread #8
[20:34:20] 📥 Primit de la student: GET_ACTIVE_USERS:8
[20:34:27] 📥 Primit de la student: GET_COMMENTS:8
[20:34:27] 📤 Trimis 3 comentarii pentru thread #8
[20:34:27] 📥 Primit de la student: GET_ACTIVE_USERS:8
[20:34:34] 📥 Primit de la student: GET_COMMENTS:8
[20:34:34] 📤 Trimis 3 comentarii pentru thread #8
[20:34:34] 📥 Primit de la student: GET_ACTIVE_USERS:8
[20:34:36] 📥 Primit de la student: GET_THREADS
[20:34:36] 📤 Trimis 9 thread-uri către student
[20:34:36] 📥 Primit de la student: GET_ACTIVE_USERS:8
[20:34:36] 📥 Primit de la student: HEARTBEAT:sess_1769106606737_1:1:8
[20:34:41] 📥 Primit de la student: GET_COMMENTS:8
[20:34:41] 📤 Trimis 3 comentarii pentru thread #8
[20:34:41] 📥 Primit de la student: GET_ACTIVE_USERS:8
[20:34:48] 📥 Primit de la student: GET_COMMENTS:8
[20:34:48] 📤 Trimis 3 comentarii pentru thread #8
[20:34:48] 📥 Primit de la student: GET_ACTIVE_USERS:8
[20:34:55] 📥 Primit de la student: GET_COMMENTS:8
[20:34:55] 📤 Trimis 3 comentarii pentru thread #8
[20:34:55] 📥 Primit de la student: GET_ACTIVE_USERS:8
[20:35:02] 📥 Primit de la student: GET_COMMENTS:8
[20:35:02] 📤 Trimis 3 comentarii pentru thread #8
[20:35:02] 📥 Primit de la student: GET_ACTIVE_USERS:8
[20:35:06] 📥 Primit de la student: GET_THREADS
[20:35:06] 📤 Trimis 9 thread-uri către student
[20:35:06] 📥 Primit de la student: GET_ACTIVE_USERS:8
[20:35:06] 📥 Primit de la student: HEARTBEAT:sess_1769106606737_1:1:8
[20:35:09] 📥 Primit de la student: GET_COMMENTS:8
[20:35:09] 📤 Trimis 3 comentarii pentru thread #8
[20:35:09] 📥 Primit de la student: GET_ACTIVE_USERS:8
[20:35:16] 📥 Primit de la student: GET_COMMENTS:8
[20:35:16] 📤 Trimis 3 comentarii pentru thread #8
[20:35:16] 📥 Primit de la student: GET_ACTIVE_USERS:8
[20:35:23] 📥 Primit de la student: GET_COMMENTS:8
[20:35:23] 📤 Trimis 3 comentarii pentru thread #8
[20:35:23] 📥 Primit de la student: GET_ACTIVE_USERS:8
[20:35:30] 📥 Primit de la student: GET_COMMENTS:8
[20:35:30] 📤 Trimis 3 comentarii pentru thread #8
[20:35:30] 📥 Primit de la student: GET_ACTIVE_USERS:8
[20:35:36] 📥 Primit de la student: GET_THREADS
[20:35:36] 📤 Trimis 9 thread-uri către student
[20:35:36] 📥 Primit de la student: GET_ACTIVE_USERS:8
[20:35:36] 📥 Primit de la student: HEARTBEAT:sess_1769106606737_1:1:8
[20:35:37] 📥 Primit de la student: GET_COMMENTS:8
[20:35:37] 📤 Trimis 3 comentarii pentru thread #8
[20:35:37] 📥 Primit de la student: GET_ACTIVE_USERS:8
[20:35:44] 📥 Primit de la student: GET_COMMENTS:8
[20:35:44] 📤 Trimis 3 comentarii pentru thread #8
[20:35:44] 📥 Primit de la student: GET_ACTIVE_USERS:8
[20:35:51] 📥 Primit de la student: GET_COMMENTS:8
[20:35:51] 📤 Trimis 3 comentarii pentru thread #8
[20:35:51] 📥 Primit de la student: GET_ACTIVE_USERS:8
[20:35:58] 📥 Primit de la student: GET_COMMENTS:8
[20:35:58] 📤 Trimis 3 comentarii pentru thread #8
[20:35:58] 📥 Primit de la student: GET_ACTIVE_USERS:8
[20:36:05] 📥 Primit de la student: GET_COMMENTS:8
[20:36:05] 📤 Trimis 3 comentarii pentru thread #8
[20:36:05] 📥 Primit de la student: GET_ACTIVE_USERS:8
[20:36:06] 📥 Primit de la student: GET_THREADS
[20:36:06] 📤 Trimis 9 thread-uri către student
[20:36:06] 📥 Primit de la student: GET_ACTIVE_USERS:8
[20:36:06] 📥 Primit de la student: HEARTBEAT:sess_1769106606737_1:1:8
[20:36:12] 📥 Primit de la student: GET_COMMENTS:8
[20:36:12] 📤 Trimis 3 comentarii pentru thread #8
[20:36:12] 📥 Primit de la student: GET_ACTIVE_USERS:8
[20:36:19] 📥 Primit de la student: GET_COMMENTS:8
[20:36:19] 📤 Trimis 3 comentarii pentru thread #8
[20:36:19] 📥 Primit de la student: GET_ACTIVE_USERS:8
[20:36:26] 📥 Primit de la student: GET_COMMENTS:8
[20:36:26] 📤 Trimis 3 comentarii pentru thread #8
[20:36:26] 📥 Primit de la student: GET_ACTIVE_USERS:8
[20:36:33] 📥 Primit de la student: GET_COMMENTS:8
[20:36:33] 📤 Trimis 3 comentarii pentru thread #8
[20:36:33] 📥 Primit de la student: GET_ACTIVE_USERS:8
[20:36:36] 📥 Primit de la student: GET_THREADS
[20:36:36] 📤 Trimis 9 thread-uri către student
[20:36:36] 📥 Primit de la student: GET_ACTIVE_USERS:8
[20:36:36] 📥 Primit de la student: HEARTBEAT:sess_1769106606737_1:1:8
[20:36:40] 📥 Primit de la student: GET_COMMENTS:8
[20:36:40] 📤 Trimis 3 comentarii pentru thread #8
[20:36:40] 📥 Primit de la student: GET_ACTIVE_USERS:8
[20:36:47] 📥 Primit de la student: GET_COMMENTS:8
[20:36:47] 📤 Trimis 3 comentarii pentru thread #8
[20:36:47] 📥 Primit de la student: GET_ACTIVE_USERS:8
[20:36:54] 📥 Primit de la student: GET_COMMENTS:8
[20:36:54] 📤 Trimis 3 comentarii pentru thread #8
[20:36:54] 📥 Primit de la student: GET_ACTIVE_USERS:8
[20:37:01] 📥 Primit de la student: GET_COMMENTS:8
[20:37:01] 📤 Trimis 3 comentarii pentru thread #8
[20:37:01] 📥 Primit de la student: GET_ACTIVE_USERS:8
[20:37:06] 📥 Primit de la student: GET_THREADS
[20:37:06] 📤 Trimis 9 thread-uri către student
[20:37:06] 📥 Primit de la student: GET_ACTIVE_USERS:8
[20:37:06] 📥 Primit de la student: HEARTBEAT:sess_1769106606737_1:1:8
[20:37:08] 📥 Primit de la student: GET_COMMENTS:8
[20:37:08] 📤 Trimis 3 comentarii pentru thread #8
[20:37:08] 📥 Primit de la student: GET_ACTIVE_USERS:8
[20:37:15] 📥 Primit de la student: GET_COMMENTS:8
[20:37:15] 📤 Trimis 3 comentarii pentru thread #8
[20:37:15] 📥 Primit de la student: GET_ACTIVE_USERS:8
[20:37:22] 📥 Primit de la student: GET_COMMENTS:8
[20:37:22] 📤 Trimis 3 comentarii pentru thread #8
[20:37:22] 📥 Primit de la student: GET_ACTIVE_USERS:8
[20:37:29] 📥 Primit de la student: GET_COMMENTS:8
[20:37:29] 📤 Trimis 3 comentarii pentru thread #8
[20:37:29] 📥 Primit de la student: GET_ACTIVE_USERS:8
[20:37:36] 📥 Primit de la student: GET_COMMENTS:8
[20:37:36] 📤 Trimis 3 comentarii pentru thread #8
[20:37:36] 📥 Primit de la student: GET_ACTIVE_USERS:8
[20:37:36] 📥 Primit de la student: GET_THREADS
[20:37:36] 📤 Trimis 9 thread-uri către student
[20:37:36] 📥 Primit de la student: GET_ACTIVE_USERS:8
[20:37:36] 📥 Primit de la student: HEARTBEAT:sess_1769106606737_1:1:8
[20:37:43] 📥 Primit de la student: GET_COMMENTS:8
[20:37:43] 📤 Trimis 3 comentarii pentru thread #8
[20:37:43] 📥 Primit de la student: GET_ACTIVE_USERS:8
[20:37:50] 📥 Primit de la student: GET_COMMENTS:8
[20:37:50] 📤 Trimis 3 comentarii pentru thread #8
[20:37:50] 📥 Primit de la student: GET_ACTIVE_USERS:8
[20:37:57] 📥 Primit de la student: GET_COMMENTS:8
[20:37:57] 📤 Trimis 3 comentarii pentru thread #8
[20:37:57] 📥 Primit de la student: GET_ACTIVE_USERS:8
[20:38:04] 📥 Primit de la student: GET_COMMENTS:8
[20:38:04] 📤 Trimis 3 comentarii pentru thread #8
[20:38:04] 📥 Primit de la student: GET_ACTIVE_USERS:8
[20:38:06] 📥 Primit de la student: GET_THREADS
[20:38:06] 📤 Trimis 9 thread-uri către student
[20:38:06] 📥 Primit de la student: GET_ACTIVE_USERS:8
[20:38:06] 📥 Primit de la student: HEARTBEAT:sess_1769106606737_1:1:8
[20:38:11] 📥 Primit de la student: GET_COMMENTS:8
[20:38:11] 📤 Trimis 3 comentarii pentru thread #8
[20:38:11] 📥 Primit de la student: GET_ACTIVE_USERS:8
[20:38:18] 📥 Primit de la student: GET_COMMENTS:8
[20:38:18] 📤 Trimis 3 comentarii pentru thread #8
[20:38:18] 📥 Primit de la student: GET_ACTIVE_USERS:8
[20:38:25] 📥 Primit de la student: GET_COMMENTS:8
[20:38:25] 📤 Trimis 3 comentarii pentru thread #8
[20:38:25] 📥 Primit de la student: GET_ACTIVE_USERS:8
[20:38:32] 📥 Primit de la student: GET_COMMENTS:8
[20:38:32] 📤 Trimis 3 comentarii pentru thread #8
[20:38:32] 📥 Primit de la student: GET_ACTIVE_USERS:8
[20:38:36] 📥 Primit de la student: GET_THREADS
[20:38:36] 📤 Trimis 9 thread-uri către student
[20:38:36] 📥 Primit de la student: GET_ACTIVE_USERS:8
[20:38:36] 📥 Primit de la student: HEARTBEAT:sess_1769106606737_1:1:8
[20:38:39] 📥 Primit de la student: GET_COMMENTS:8
[20:38:39] 📤 Trimis 3 comentarii pentru thread #8
[20:38:39] 📥 Primit de la student: GET_ACTIVE_USERS:8
[20:38:46] 📥 Primit de la student: GET_COMMENTS:8
[20:38:46] 📤 Trimis 3 comentarii pentru thread #8
[20:38:46] 📥 Primit de la student: GET_ACTIVE_USERS:8
[20:38:53] 📥 Primit de la student: GET_COMMENTS:8
[20:38:53] 📤 Trimis 3 comentarii pentru thread #8
[20:38:53] 📥 Primit de la student: GET_ACTIVE_USERS:8
[20:39:00] 📥 Primit de la student: GET_COMMENTS:8
[20:39:00] 📤 Trimis 3 comentarii pentru thread #8
[20:39:00] 📥 Primit de la student: GET_ACTIVE_USERS:8
[20:39:06] 📥 Primit de la student: GET_THREADS
[20:39:06] 📤 Trimis 9 thread-uri către student
[20:39:06] 📥 Primit de la student: GET_ACTIVE_USERS:8
[20:39:06] 📥 Primit de la student: HEARTBEAT:sess_1769106606737_1:1:8
[20:39:07] 📥 Primit de la student: GET_COMMENTS:8
[20:39:07] 📤 Trimis 3 comentarii pentru thread #8
[20:39:07] 📥 Primit de la student: GET_ACTIVE_USERS:8
[20:39:14] 📥 Primit de la student: GET_COMMENTS:8
[20:39:14] 📤 Trimis 3 comentarii pentru thread #8
[20:39:14] 📥 Primit de la student: GET_ACTIVE_USERS:8
[20:39:21] 📥 Primit de la student: GET_COMMENTS:8
[20:39:21] 📤 Trimis 3 comentarii pentru thread #8
[20:39:21] 📥 Primit de la student: GET_ACTIVE_USERS:8
[20:39:28] 📥 Primit de la student: GET_COMMENTS:8
[20:39:28] 📤 Trimis 3 comentarii pentru thread #8
[20:39:28] 📥 Primit de la student: GET_ACTIVE_USERS:8
[20:39:35] 📥 Primit de la student: GET_COMMENTS:8
[20:39:35] 📤 Trimis 3 comentarii pentru thread #8
[20:39:35] 📥 Primit de la student: GET_ACTIVE_USERS:8
[20:39:36] 📥 Primit de la student: GET_THREADS
[20:39:36] 📤 Trimis 9 thread-uri către student
[20:39:36] 📥 Primit de la student: GET_ACTIVE_USERS:8
[20:39:36] 📥 Primit de la student: HEARTBEAT:sess_1769106606737_1:1:8
[20:39:42] 📥 Primit de la student: GET_COMMENTS:8
[20:39:42] 📤 Trimis 3 comentarii pentru thread #8
[20:39:42] 📥 Primit de la student: GET_ACTIVE_USERS:8
[20:39:49] 📥 Primit de la student: GET_COMMENTS:8
[20:39:49] 📤 Trimis 3 comentarii pentru thread #8
[20:39:49] 📥 Primit de la student: GET_ACTIVE_USERS:8
[20:39:56] 📥 Primit de la student: GET_COMMENTS:8
[20:39:56] 📤 Trimis 3 comentarii pentru thread #8
[20:39:56] 📥 Primit de la student: GET_ACTIVE_USERS:8
[20:40:03] 📥 Primit de la student: GET_COMMENTS:8
[20:40:03] 📤 Trimis 3 comentarii pentru thread #8
[20:40:03] 📥 Primit de la student: GET_ACTIVE_USERS:8
[20:40:06] 📥 Primit de la student: GET_THREADS
[20:40:06] 📤 Trimis 9 thread-uri către student
[20:40:06] 📥 Primit de la student: GET_ACTIVE_USERS:8
[20:40:06] 📥 Primit de la student: HEARTBEAT:sess_1769106606737_1:1:8
[20:40:10] 📥 Primit de la student: GET_COMMENTS:8
[20:40:10] 📤 Trimis 3 comentarii pentru thread #8
[20:40:10] 📥 Primit de la student: GET_ACTIVE_USERS:8
[20:40:17] 📥 Primit de la student: GET_COMMENTS:8
[20:40:17] 📤 Trimis 3 comentarii pentru thread #8
[20:40:17] 📥 Primit de la student: GET_ACTIVE_USERS:8
[20:40:24] 📥 Primit de la student: GET_COMMENTS:8
[20:40:24] 📤 Trimis 3 comentarii pentru thread #8
[20:40:24] 📥 Primit de la student: GET_ACTIVE_USERS:8
[20:40:31] 📥 Primit de la student: GET_COMMENTS:8
[20:40:31] 📤 Trimis 3 comentarii pentru thread #8
[20:40:31] 📥 Primit de la student: GET_ACTIVE_USERS:8
[20:40:36] 📥 Primit de la student: GET_THREADS
[20:40:36] 📤 Trimis 9 thread-uri către student
[20:40:36] 📥 Primit de la student: GET_ACTIVE_USERS:8
[20:40:36] 📥 Primit de la student: HEARTBEAT:sess_1769106606737_1:1:8
[20:40:38] 📥 Primit de la student: GET_COMMENTS:8
[20:40:38] 📤 Trimis 3 comentarii pentru thread #8
[20:40:38] 📥 Primit de la student: GET_ACTIVE_USERS:8
[20:40:45] 📥 Primit de la student: GET_COMMENTS:8
[20:40:45] 📤 Trimis 3 comentarii pentru thread #8
[20:40:45] 📥 Primit de la student: GET_ACTIVE_USERS:8
[20:40:52] 📥 Primit de la student: GET_COMMENTS:8
[20:40:52] 📤 Trimis 3 comentarii pentru thread #8
[20:40:52] 📥 Primit de la student: GET_ACTIVE_USERS:8
[20:40:59] 📥 Primit de la student: GET_COMMENTS:8
[20:40:59] 📤 Trimis 3 comentarii pentru thread #8
[20:40:59] 📥 Primit de la student: GET_ACTIVE_USERS:8
[20:41:06] 📥 Primit de la student: GET_COMMENTS:8
[20:41:06] 📤 Trimis 3 comentarii pentru thread #8
[20:41:06] 📥 Primit de la student: GET_ACTIVE_USERS:8
[20:41:06] 📥 Primit de la student: GET_THREADS
[20:41:06] 📤 Trimis 9 thread-uri către student
[20:41:06] 📥 Primit de la student: GET_ACTIVE_USERS:8
[20:41:06] 📥 Primit de la student: HEARTBEAT:sess_1769106606737_1:1:8
[20:41:13] 📥 Primit de la student: GET_COMMENTS:8
[20:41:13] 📤 Trimis 3 comentarii pentru thread #8
[20:41:13] 📥 Primit de la student: GET_ACTIVE_USERS:8
[20:41:20] 📥 Primit de la student: GET_COMMENTS:8
[20:41:20] 📤 Trimis 3 comentarii pentru thread #8
[20:41:20] 📥 Primit de la student: GET_ACTIVE_USERS:8
[20:41:27] 📥 Primit de la student: GET_COMMENTS:8
[20:41:27] 📤 Trimis 3 comentarii pentru thread #8
[20:41:27] 📥 Primit de la student: GET_ACTIVE_USERS:8
[20:41:34] 📥 Primit de la student: GET_COMMENTS:8
[20:41:34] 📤 Trimis 3 comentarii pentru thread #8
[20:41:34] 📥 Primit de la student: GET_ACTIVE_USERS:8
[20:41:36] 📥 Primit de la student: GET_THREADS
[20:41:36] 📤 Trimis 9 thread-uri către student
[20:41:36] 📥 Primit de la student: GET_ACTIVE_USERS:8
[20:41:36] 📥 Primit de la student: HEARTBEAT:sess_1769106606737_1:1:8
[20:41:41] 📥 Primit de la student: GET_COMMENTS:8
[20:41:41] 📤 Trimis 3 comentarii pentru thread #8
[20:41:41] 📥 Primit de la student: GET_ACTIVE_USERS:8
[20:41:48] 📥 Primit de la student: GET_COMMENTS:8
[20:41:48] 📤 Trimis 3 comentarii pentru thread #8
[20:41:48] 📥 Primit de la student: GET_ACTIVE_USERS:8
[20:41:55] 📥 Primit de la student: GET_COMMENTS:8
[20:41:55] 📤 Trimis 3 comentarii pentru thread #8
[20:41:55] 📥 Primit de la student: GET_ACTIVE_USERS:8
[20:42:02] 📥 Primit de la student: GET_COMMENTS:8
[20:42:02] 📤 Trimis 3 comentarii pentru thread #8
[20:42:02] 📥 Primit de la student: GET_ACTIVE_USERS:8
[20:42:06] 📥 Primit de la student: GET_THREADS
[20:42:06] 📤 Trimis 9 thread-uri către student
[20:42:06] 📥 Primit de la student: GET_ACTIVE_USERS:8
[20:42:06] 📥 Primit de la student: HEARTBEAT:sess_1769106606737_1:1:8
[20:42:09] 📥 Primit de la student: GET_COMMENTS:8
[20:42:09] 📤 Trimis 3 comentarii pentru thread #8
[20:42:09] 📥 Primit de la student: GET_ACTIVE_USERS:8
[20:42:16] 📥 Primit de la student: GET_COMMENTS:8
[20:42:16] 📤 Trimis 3 comentarii pentru thread #8
[20:42:16] 📥 Primit de la student: GET_ACTIVE_USERS:8
[20:42:23] 📥 Primit de la student: GET_COMMENTS:8
[20:42:23] 📤 Trimis 3 comentarii pentru thread #8
[20:42:23] 📥 Primit de la student: GET_ACTIVE_USERS:8
[20:42:30] 📥 Primit de la student: GET_COMMENTS:8
[20:42:30] 📤 Trimis 3 comentarii pentru thread #8
[20:42:30] 📥 Primit de la student: GET_ACTIVE_USERS:8
[20:42:36] 📥 Primit de la student: GET_THREADS
[20:42:36] 📤 Trimis 9 thread-uri către student
[20:42:36] 📥 Primit de la student: GET_ACTIVE_USERS:8
[20:42:36] 📥 Primit de la student: HEARTBEAT:sess_1769106606737_1:1:8
[20:42:37] 📥 Primit de la student: GET_COMMENTS:8
[20:42:37] 📤 Trimis 3 comentarii pentru thread #8
[20:42:37] 📥 Primit de la student: GET_ACTIVE_USERS:8
[20:42:44] 📥 Primit de la student: GET_COMMENTS:8
[20:42:44] 📤 Trimis 3 comentarii pentru thread #8
[20:42:44] 📥 Primit de la student: GET_ACTIVE_USERS:8
[20:42:51] 📥 Primit de la student: GET_COMMENTS:8
[20:42:51] 📤 Trimis 3 comentarii pentru thread #8
[20:42:51] 📥 Primit de la student: GET_ACTIVE_USERS:8
[20:42:58] 📥 Primit de la student: GET_COMMENTS:8
[20:42:58] 📤 Trimis 3 comentarii pentru thread #8
[20:42:58] 📥 Primit de la student: GET_ACTIVE_USERS:8
[20:43:05] 📥 Primit de la student: GET_COMMENTS:8
[20:43:05] 📤 Trimis 3 comentarii pentru thread #8
[20:43:05] 📥 Primit de la student: GET_ACTIVE_USERS:8
[20:43:06] 📥 Primit de la student: GET_THREADS
[20:43:06] 📤 Trimis 9 thread-uri către student
[20:43:06] 📥 Primit de la student: GET_ACTIVE_USERS:8
[20:43:06] 📥 Primit de la student: HEARTBEAT:sess_1769106606737_1:1:8
[20:43:12] 📥 Primit de la student: GET_COMMENTS:8
[20:43:12] 📤 Trimis 3 comentarii pentru thread #8
[20:43:12] 📥 Primit de la student: GET_ACTIVE_USERS:8
[20:43:19] 📥 Primit de la student: GET_COMMENTS:8
[20:43:19] 📤 Trimis 3 comentarii pentru thread #8
[20:43:19] 📥 Primit de la student: GET_ACTIVE_USERS:8
[20:43:26] 📥 Primit de la student: GET_COMMENTS:8
[20:43:26] 📤 Trimis 3 comentarii pentru thread #8
[20:43:26] 📥 Primit de la student: GET_ACTIVE_USERS:8
[20:43:33] 📥 Primit de la student: GET_COMMENTS:8
[20:43:33] 📤 Trimis 3 comentarii pentru thread #8
[20:43:33] 📥 Primit de la student: GET_ACTIVE_USERS:8
[20:43:36] 📥 Primit de la student: GET_THREADS
[20:43:36] 📤 Trimis 9 thread-uri către student
[20:43:36] 📥 Primit de la student: GET_ACTIVE_USERS:8
[20:43:36] 📥 Primit de la student: HEARTBEAT:sess_1769106606737_1:1:8
[20:43:40] 📥 Primit de la student: GET_COMMENTS:8
[20:43:40] 📤 Trimis 3 comentarii pentru thread #8
[20:43:40] 📥 Primit de la student: GET_ACTIVE_USERS:8
[20:43:47] 📥 Primit de la student: GET_COMMENTS:8
[20:43:47] 📤 Trimis 3 comentarii pentru thread #8
[20:43:47] 📥 Primit de la student: GET_ACTIVE_USERS:8
[20:43:54] 📥 Primit de la student: GET_COMMENTS:8
[20:43:54] 📤 Trimis 3 comentarii pentru thread #8
[20:43:54] 📥 Primit de la student: GET_ACTIVE_USERS:8
[20:44:01] 📥 Primit de la student: GET_COMMENTS:8
[20:44:01] 📤 Trimis 3 comentarii pentru thread #8
[20:44:01] 📥 Primit de la student: GET_ACTIVE_USERS:8
[20:44:06] 📥 Primit de la student: GET_THREADS
[20:44:06] 📤 Trimis 9 thread-uri către student
[20:44:06] 📥 Primit de la student: GET_ACTIVE_USERS:8
[20:44:06] 📥 Primit de la student: HEARTBEAT:sess_1769106606737_1:1:8
[20:44:08] 📥 Primit de la student: GET_COMMENTS:8
[20:44:08] 📤 Trimis 3 comentarii pentru thread #8
[20:44:08] 📥 Primit de la student: GET_ACTIVE_USERS:8
[20:44:15] 📥 Primit de la student: GET_COMMENTS:8
[20:44:15] 📤 Trimis 3 comentarii pentru thread #8
[20:44:15] 📥 Primit de la student: GET_ACTIVE_USERS:8
[20:44:22] 📥 Primit de la student: GET_COMMENTS:8
[20:44:22] 📤 Trimis 3 comentarii pentru thread #8
[20:44:22] 📥 Primit de la student: GET_ACTIVE_USERS:8
[20:44:29] 📥 Primit de la student: GET_COMMENTS:8
[20:44:29] 📤 Trimis 3 comentarii pentru thread #8
[20:44:29] 📥 Primit de la student: GET_ACTIVE_USERS:8
[20:44:36] 📥 Primit de la student: GET_COMMENTS:8
[20:44:36] 📤 Trimis 3 comentarii pentru thread #8
[20:44:36] 📥 Primit de la student: GET_ACTIVE_USERS:8
[20:44:36] 📥 Primit de la student: GET_THREADS
[20:44:36] 📤 Trimis 9 thread-uri către student
[20:44:36] 📥 Primit de la student: GET_ACTIVE_USERS:8
[20:44:36] 📥 Primit de la student: HEARTBEAT:sess_1769106606737_1:1:8
[20:44:43] 📥 Primit de la student: GET_COMMENTS:8
[20:44:43] 📤 Trimis 3 comentarii pentru thread #8
[20:44:43] 📥 Primit de la student: GET_ACTIVE_USERS:8
[20:44:50] 📥 Primit de la student: GET_COMMENTS:8
[20:44:50] 📤 Trimis 3 comentarii pentru thread #8
[20:44:50] 📥 Primit de la student: GET_ACTIVE_USERS:8
[20:44:57] 📥 Primit de la student: GET_COMMENTS:8
[20:44:57] 📤 Trimis 3 comentarii pentru thread #8
[20:44:57] 📥 Primit de la student: GET_ACTIVE_USERS:8
[20:45:04] 📥 Primit de la student: GET_COMMENTS:8
[20:45:04] 📤 Trimis 3 comentarii pentru thread #8
[20:45:04] 📥 Primit de la student: GET_ACTIVE_USERS:8
[20:45:06] 📥 Primit de la student: GET_THREADS
[20:45:06] 📤 Trimis 9 thread-uri către student
[20:45:06] 📥 Primit de la student: GET_ACTIVE_USERS:8
[20:45:06] 📥 Primit de la student: HEARTBEAT:sess_1769106606737_1:1:8
[20:45:11] 📥 Primit de la student: GET_COMMENTS:8
[20:45:11] 📤 Trimis 3 comentarii pentru thread #8
[20:45:11] 📥 Primit de la student: GET_ACTIVE_USERS:8
[20:45:18] 📥 Primit de la student: GET_COMMENTS:8
[20:45:18] 📤 Trimis 3 comentarii pentru thread #8
[20:45:18] 📥 Primit de la student: GET_ACTIVE_USERS:8
[20:45:25] 📥 Primit de la student: GET_COMMENTS:8
[20:45:25] 📤 Trimis 3 comentarii pentru thread #8
[20:45:25] 📥 Primit de la student: GET_ACTIVE_USERS:8
[20:45:32] 📥 Primit de la student: GET_COMMENTS:8
[20:45:32] 📤 Trimis 3 comentarii pentru thread #8
[20:45:32] 📥 Primit de la student: GET_ACTIVE_USERS:8
[20:45:36] 📥 Primit de la student: GET_THREADS
[20:45:36] 📤 Trimis 9 thread-uri către student
[20:45:36] 📥 Primit de la student: GET_ACTIVE_USERS:8
[20:45:36] 📥 Primit de la student: HEARTBEAT:sess_1769106606737_1:1:8
[20:45:39] 📥 Primit de la student: GET_COMMENTS:8
[20:45:39] 📤 Trimis 3 comentarii pentru thread #8
[20:45:39] 📥 Primit de la student: GET_ACTIVE_USERS:8
[20:45:46] 📥 Primit de la student: GET_COMMENTS:8
[20:45:46] 📤 Trimis 3 comentarii pentru thread #8
[20:45:46] 📥 Primit de la student: GET_ACTIVE_USERS:8
[20:45:53] 📥 Primit de la student: GET_COMMENTS:8
[20:45:53] 📤 Trimis 3 comentarii pentru thread #8
[20:45:53] 📥 Primit de la student: GET_ACTIVE_USERS:8
[20:46:00] 📥 Primit de la student: GET_COMMENTS:8
[20:46:00] 📤 Trimis 3 comentarii pentru thread #8
[20:46:00] 📥 Primit de la student: GET_ACTIVE_USERS:8
[20:46:06] 📥 Primit de la student: GET_THREADS
[20:46:06] 📤 Trimis 9 thread-uri către student
[20:46:06] 📥 Primit de la student: GET_ACTIVE_USERS:8
[20:46:06] 📥 Primit de la student: HEARTBEAT:sess_1769106606737_1:1:8
[20:46:07] 📥 Primit de la student: GET_COMMENTS:8
[20:46:07] 📤 Trimis 3 comentarii pentru thread #8
[20:46:07] 📥 Primit de la student: GET_ACTIVE_USERS:8
[20:46:14] 📥 Primit de la student: GET_COMMENTS:8
[20:46:14] 📤 Trimis 3 comentarii pentru thread #8
[20:46:14] 📥 Primit de la student: GET_ACTIVE_USERS:8
[20:46:21] 📥 Primit de la student: GET_COMMENTS:8
[20:46:21] 📤 Trimis 3 comentarii pentru thread #8
[20:46:21] 📥 Primit de la student: GET_ACTIVE_USERS:8
[20:46:28] 📥 Primit de la student: GET_COMMENTS:8
[20:46:28] 📤 Trimis 3 comentarii pentru thread #8
[20:46:28] 📥 Primit de la student: GET_ACTIVE_USERS:8
[20:46:35] 📥 Primit de la student: GET_COMMENTS:8
[20:46:35] 📤 Trimis 3 comentarii pentru thread #8
[20:46:35] 📥 Primit de la student: GET_ACTIVE_USERS:8
[20:46:36] 📥 Primit de la student: GET_THREADS
[20:46:36] 📤 Trimis 9 thread-uri către student
[20:46:36] 📥 Primit de la student: GET_ACTIVE_USERS:8
[20:46:36] 📥 Primit de la student: HEARTBEAT:sess_1769106606737_1:1:8
[20:46:42] 📥 Primit de la student: GET_COMMENTS:8
[20:46:42] 📤 Trimis 3 comentarii pentru thread #8
[20:46:42] 📥 Primit de la student: GET_ACTIVE_USERS:8
[20:46:49] 📥 Primit de la student: GET_COMMENTS:8
[20:46:49] 📤 Trimis 3 comentarii pentru thread #8
[20:46:49] 📥 Primit de la student: GET_ACTIVE_USERS:8
[20:46:56] 📥 Primit de la student: GET_COMMENTS:8
[20:46:56] 📤 Trimis 3 comentarii pentru thread #8
[20:46:56] 📥 Primit de la student: GET_ACTIVE_USERS:8
[20:47:03] 📥 Primit de la student: GET_COMMENTS:8
[20:47:03] 📤 Trimis 3 comentarii pentru thread #8
[20:47:03] 📥 Primit de la student: GET_ACTIVE_USERS:8
[20:47:06] 📥 Primit de la student: GET_THREADS
[20:47:06] 📤 Trimis 9 thread-uri către student
[20:47:06] 📥 Primit de la student: GET_ACTIVE_USERS:8
[20:47:06] 📥 Primit de la student: HEARTBEAT:sess_1769106606737_1:1:8
[20:47:10] 📥 Primit de la student: GET_COMMENTS:8
[20:47:10] 📤 Trimis 3 comentarii pentru thread #8
[20:47:10] 📥 Primit de la student: GET_ACTIVE_USERS:8
[20:47:17] 📥 Primit de la student: GET_COMMENTS:8
[20:47:17] 📤 Trimis 3 comentarii pentru thread #8
[20:47:17] 📥 Primit de la student: GET_ACTIVE_USERS:8
[20:47:24] 📥 Primit de la student: GET_COMMENTS:8
[20:47:24] 📤 Trimis 3 comentarii pentru thread #8
[20:47:24] 📥 Primit de la student: GET_ACTIVE_USERS:8
[20:47:31] 📥 Primit de la student: GET_COMMENTS:8
[20:47:31] 📤 Trimis 3 comentarii pentru thread #8
[20:47:31] 📥 Primit de la student: GET_ACTIVE_USERS:8
[20:47:36] 📥 Primit de la student: GET_THREADS
[20:47:36] 📤 Trimis 9 thread-uri către student
[20:47:36] 📥 Primit de la student: GET_ACTIVE_USERS:8
[20:47:36] 📥 Primit de la student: HEARTBEAT:sess_1769106606737_1:1:8
[20:47:38] 📥 Primit de la student: GET_COMMENTS:8
[20:47:38] 📤 Trimis 3 comentarii pentru thread #8
[20:47:38] 📥 Primit de la student: GET_ACTIVE_USERS:8
[20:47:45] 📥 Primit de la student: GET_COMMENTS:8
[20:47:45] 📤 Trimis 3 comentarii pentru thread #8
[20:47:45] 📥 Primit de la student: GET_ACTIVE_USERS:8
[20:47:52] 📥 Primit de la student: GET_COMMENTS:8
[20:47:52] 📤 Trimis 3 comentarii pentru thread #8
[20:47:52] 📥 Primit de la student: GET_ACTIVE_USERS:8
[20:47:59] 📥 Primit de la student: GET_COMMENTS:8
[20:47:59] 📤 Trimis 3 comentarii pentru thread #8
[20:47:59] 📥 Primit de la student: GET_ACTIVE_USERS:8
[20:48:06] 📥 Primit de la student: GET_THREADS
[20:48:06] 📤 Trimis 9 thread-uri către student
[20:48:06] 📥 Primit de la student: GET_ACTIVE_USERS:8
[20:48:06] 📥 Primit de la student: HEARTBEAT:sess_1769106606737_1:1:8
[20:48:07] 📥 Primit de la student: GET_COMMENTS:8
[20:48:07] 📤 Trimis 3 comentarii pentru thread #8
[20:48:07] 📥 Primit de la student: GET_ACTIVE_USERS:8
[20:48:13] 📥 Primit de la student: GET_COMMENTS:8
[20:48:13] 📤 Trimis 3 comentarii pentru thread #8
[20:48:13] 📥 Primit de la student: GET_ACTIVE_USERS:8
[20:48:20] 📥 Primit de la student: GET_COMMENTS:8
[20:48:20] 📤 Trimis 3 comentarii pentru thread #8
[20:48:20] 📥 Primit de la student: GET_ACTIVE_USERS:8
[20:48:27] 📥 Primit de la student: GET_COMMENTS:8
[20:48:27] 📤 Trimis 3 comentarii pentru thread #8
[20:48:27] 📥 Primit de la student: GET_ACTIVE_USERS:8
[20:48:34] 📥 Primit de la student: GET_COMMENTS:8
[20:48:34] 📤 Trimis 3 comentarii pentru thread #8
[20:48:34] 📥 Primit de la student: GET_ACTIVE_USERS:8
[20:48:36] 📥 Primit de la student: GET_THREADS
[20:48:36] 📤 Trimis 9 thread-uri către student
[20:48:36] 📥 Primit de la student: GET_ACTIVE_USERS:8
[20:48:36] 📥 Primit de la student: HEARTBEAT:sess_1769106606737_1:1:8
[20:48:41] 📥 Primit de la student: GET_COMMENTS:8
[20:48:41] 📤 Trimis 3 comentarii pentru thread #8
[20:48:41] 📥 Primit de la student: GET_ACTIVE_USERS:8
[20:48:48] 📥 Primit de la student: GET_COMMENTS:8
[20:48:48] 📤 Trimis 3 comentarii pentru thread #8
[20:48:48] 📥 Primit de la student: GET_ACTIVE_USERS:8
[20:48:55] 📥 Primit de la student: GET_COMMENTS:8
[20:48:55] 📤 Trimis 3 comentarii pentru thread #8
[20:48:55] 📥 Primit de la student: GET_ACTIVE_USERS:8
[20:49:02] 📥 Primit de la student: GET_COMMENTS:8
[20:49:02] 📤 Trimis 3 comentarii pentru thread #8
[20:49:02] 📥 Primit de la student: GET_ACTIVE_USERS:8
[20:49:06] 📥 Primit de la student: GET_THREADS
[20:49:06] 📤 Trimis 9 thread-uri către student
[20:49:06] 📥 Primit de la student: GET_ACTIVE_USERS:8
[20:49:06] 📥 Primit de la student: HEARTBEAT:sess_1769106606737_1:1:8
[20:49:09] 📥 Primit de la student: GET_COMMENTS:8
[20:49:09] 📤 Trimis 3 comentarii pentru thread #8
[20:49:09] 📥 Primit de la student: GET_ACTIVE_USERS:8
[20:49:16] 📥 Primit de la student: GET_COMMENTS:8
[20:49:16] 📤 Trimis 3 comentarii pentru thread #8
[20:49:16] 📥 Primit de la student: GET_ACTIVE_USERS:8
[20:49:23] 📥 Primit de la student: GET_COMMENTS:8
[20:49:23] 📤 Trimis 3 comentarii pentru thread #8
[20:49:23] 📥 Primit de la student: GET_ACTIVE_USERS:8
[20:49:30] 📥 Primit de la student: GET_COMMENTS:8
[20:49:30] 📤 Trimis 3 comentarii pentru thread #8
[20:49:30] 📥 Primit de la student: GET_ACTIVE_USERS:8
[20:49:36] 📥 Primit de la student: GET_THREADS
[20:49:36] 📤 Trimis 9 thread-uri către student
[20:49:36] 📥 Primit de la student: GET_ACTIVE_USERS:8
[20:49:36] 📥 Primit de la student: HEARTBEAT:sess_1769106606737_1:1:8
[20:49:37] 📥 Primit de la student: GET_COMMENTS:8
[20:49:37] 📤 Trimis 3 comentarii pentru thread #8
[20:49:37] 📥 Primit de la student: GET_ACTIVE_USERS:8
[20:49:45] 📥 Primit de la student: GET_COMMENTS:8
[20:49:45] 📤 Trimis 3 comentarii pentru thread #8
[20:49:45] 📥 Primit de la student: GET_ACTIVE_USERS:8
[20:49:52] 📥 Primit de la student: GET_COMMENTS:8
[20:49:52] 📤 Trimis 3 comentarii pentru thread #8
[20:49:52] 📥 Primit de la student: GET_ACTIVE_USERS:8
[20:49:59] 📥 Primit de la student: GET_COMMENTS:8
[20:49:59] 📤 Trimis 3 comentarii pentru thread #8
[20:49:59] 📥 Primit de la student: GET_ACTIVE_USERS:8
[20:50:06] 📥 Primit de la student: GET_COMMENTS:8
[20:50:06] 📤 Trimis 3 comentarii pentru thread #8
[20:50:06] 📥 Primit de la student: GET_ACTIVE_USERS:8
[20:50:06] 📥 Primit de la student: GET_THREADS
[20:50:06] 📤 Trimis 9 thread-uri către student
[20:50:06] 📥 Primit de la student: GET_ACTIVE_USERS:8
[20:50:06] 📥 Primit de la student: HEARTBEAT:sess_1769106606737_1:1:8
[20:50:13] 📥 Primit de la student: GET_COMMENTS:8
[20:50:13] 📤 Trimis 3 comentarii pentru thread #8
[20:50:13] 📥 Primit de la student: GET_ACTIVE_USERS:8
[20:50:20] 📥 Primit de la student: GET_COMMENTS:8
[20:50:20] 📤 Trimis 3 comentarii pentru thread #8
[20:50:20] 📥 Primit de la student: GET_ACTIVE_USERS:8
[20:50:27] 📥 Primit de la student: GET_COMMENTS:8
[20:50:27] 📤 Trimis 3 comentarii pentru thread #8
[20:50:27] 📥 Primit de la student: GET_ACTIVE_USERS:8
[20:50:34] 📥 Primit de la student: GET_COMMENTS:8
[20:50:34] 📤 Trimis 3 comentarii pentru thread #8
[20:50:34] 📥 Primit de la student: GET_ACTIVE_USERS:8
[20:50:36] 📥 Primit de la student: GET_THREADS
[20:50:36] 📤 Trimis 9 thread-uri către student
[20:50:36] 📥 Primit de la student: GET_ACTIVE_USERS:8
[20:50:36] 📥 Primit de la student: HEARTBEAT:sess_1769106606737_1:1:8
[20:50:41] 📥 Primit de la student: GET_COMMENTS:8
[20:50:41] 📤 Trimis 3 comentarii pentru thread #8
[20:50:41] 📥 Primit de la student: GET_ACTIVE_USERS:8
[20:50:48] 📥 Primit de la student: GET_COMMENTS:8
[20:50:48] 📤 Trimis 3 comentarii pentru thread #8
[20:50:48] 📥 Primit de la student: GET_ACTIVE_USERS:8
[20:50:55] 📥 Primit de la student: GET_COMMENTS:8
[20:50:55] 📤 Trimis 3 comentarii pentru thread #8
[20:50:55] 📥 Primit de la student: GET_ACTIVE_USERS:8
[20:51:02] 📥 Primit de la student: GET_COMMENTS:8
[20:51:02] 📤 Trimis 3 comentarii pentru thread #8
[20:51:02] 📥 Primit de la student: GET_ACTIVE_USERS:8
[20:51:06] 📥 Primit de la student: GET_THREADS
[20:51:06] 📤 Trimis 9 thread-uri către student
[20:51:06] 📥 Primit de la student: GET_ACTIVE_USERS:8
[20:51:06] 📥 Primit de la student: HEARTBEAT:sess_1769106606737_1:1:8
[20:51:09] 📥 Primit de la student: GET_COMMENTS:8
[20:51:09] 📤 Trimis 3 comentarii pentru thread #8
[20:51:09] 📥 Primit de la student: GET_ACTIVE_USERS:8
[20:51:16] 📥 Primit de la student: GET_COMMENTS:8
[20:51:16] 📤 Trimis 3 comentarii pentru thread #8
[20:51:16] 📥 Primit de la student: GET_ACTIVE_USERS:8
[20:51:23] 📥 Primit de la student: GET_COMMENTS:8
[20:51:23] 📤 Trimis 3 comentarii pentru thread #8
[20:51:23] 📥 Primit de la student: GET_ACTIVE_USERS:8
[20:51:30] 📥 Primit de la student: GET_COMMENTS:8
[20:51:30] 📤 Trimis 3 comentarii pentru thread #8
[20:51:30] 📥 Primit de la student: GET_ACTIVE_USERS:8
[20:51:36] 📥 Primit de la student: GET_THREADS
[20:51:36] 📤 Trimis 9 thread-uri către student
[20:51:36] 📥 Primit de la student: GET_ACTIVE_USERS:8
[20:51:36] 📥 Primit de la student: HEARTBEAT:sess_1769106606737_1:1:8
[20:51:37] 📥 Primit de la student: GET_COMMENTS:8
[20:51:37] 📤 Trimis 3 comentarii pentru thread #8
[20:51:37] 📥 Primit de la student: GET_ACTIVE_USERS:8
[20:51:44] 📥 Primit de la student: GET_COMMENTS:8
[20:51:44] 📤 Trimis 3 comentarii pentru thread #8
[20:51:44] 📥 Primit de la student: GET_ACTIVE_USERS:8
[20:51:51] 📥 Primit de la student: GET_COMMENTS:8
[20:51:51] 📤 Trimis 3 comentarii pentru thread #8
[20:51:51] 📥 Primit de la student: GET_ACTIVE_USERS:8
[20:51:58] 📥 Primit de la student: GET_COMMENTS:8
[20:51:58] 📤 Trimis 3 comentarii pentru thread #8
[20:51:58] 📥 Primit de la student: GET_ACTIVE_USERS:8
[20:52:05] 📥 Primit de la student: GET_COMMENTS:8
[20:52:05] 📤 Trimis 3 comentarii pentru thread #8
[20:52:05] 📥 Primit de la student: GET_ACTIVE_USERS:8
[20:52:06] 📥 Primit de la student: GET_THREADS
[20:52:06] 📤 Trimis 9 thread-uri către student
[20:52:06] 📥 Primit de la student: GET_ACTIVE_USERS:8
[20:52:06] 📥 Primit de la student: HEARTBEAT:sess_1769106606737_1:1:8
[20:52:12] 📥 Primit de la student: GET_COMMENTS:8
[20:52:12] 📤 Trimis 3 comentarii pentru thread #8
[20:52:12] 📥 Primit de la student: GET_ACTIVE_USERS:8
[20:52:19] 📥 Primit de la student: GET_COMMENTS:8
[20:52:19] 📤 Trimis 3 comentarii pentru thread #8
[20:52:19] 📥 Primit de la student: GET_ACTIVE_USERS:8
[20:52:26] 📥 Primit de la student: GET_COMMENTS:8
[20:52:26] 📤 Trimis 3 comentarii pentru thread #8
[20:52:26] 📥 Primit de la student: GET_ACTIVE_USERS:8
[20:52:33] 📥 Primit de la student: GET_COMMENTS:8
[20:52:33] 📤 Trimis 3 comentarii pentru thread #8
[20:52:33] 📥 Primit de la student: GET_ACTIVE_USERS:8
[20:52:36] 📥 Primit de la student: GET_THREADS
[20:52:36] 📤 Trimis 9 thread-uri către student
[20:52:36] 📥 Primit de la student: GET_ACTIVE_USERS:8
[20:52:36] 📥 Primit de la student: HEARTBEAT:sess_1769106606737_1:1:8
[20:52:40] 📥 Primit de la student: GET_COMMENTS:8
[20:52:40] 📤 Trimis 3 comentarii pentru thread #8
[20:52:40] 📥 Primit de la student: GET_ACTIVE_USERS:8
[20:52:47] 📥 Primit de la student: GET_COMMENTS:8
[20:52:47] 📤 Trimis 3 comentarii pentru thread #8
[20:52:47] 📥 Primit de la student: GET_ACTIVE_USERS:8
[20:52:54] 📥 Primit de la student: GET_COMMENTS:8
[20:52:54] 📤 Trimis 3 comentarii pentru thread #8
[20:52:54] 📥 Primit de la student: GET_ACTIVE_USERS:8
[20:53:01] 📥 Primit de la student: GET_COMMENTS:8
[20:53:01] 📤 Trimis 3 comentarii pentru thread #8
[20:53:01] 📥 Primit de la student: GET_ACTIVE_USERS:8
[20:53:06] 📥 Primit de la student: GET_THREADS
[20:53:06] 📤 Trimis 9 thread-uri către student
[20:53:06] 📥 Primit de la student: GET_ACTIVE_USERS:8
[20:53:06] 📥 Primit de la student: HEARTBEAT:sess_1769106606737_1:1:8
[20:53:08] 📥 Primit de la student: GET_COMMENTS:8
[20:53:08] 📤 Trimis 3 comentarii pentru thread #8
[20:53:08] 📥 Primit de la student: GET_ACTIVE_USERS:8
[20:53:15] 📥 Primit de la student: GET_COMMENTS:8
[20:53:15] 📤 Trimis 3 comentarii pentru thread #8
[20:53:15] 📥 Primit de la student: GET_ACTIVE_USERS:8
[20:53:22] 📥 Primit de la student: GET_COMMENTS:8
[20:53:22] 📤 Trimis 3 comentarii pentru thread #8
[20:53:22] 📥 Primit de la student: GET_ACTIVE_USERS:8
[20:53:29] 📥 Primit de la student: GET_COMMENTS:8
[20:53:29] 📤 Trimis 3 comentarii pentru thread #8
[20:53:29] 📥 Primit de la student: GET_ACTIVE_USERS:8
[20:53:36] 📥 Primit de la student: GET_COMMENTS:8
[20:53:36] 📤 Trimis 3 comentarii pentru thread #8
[20:53:36] 📥 Primit de la student: GET_ACTIVE_USERS:8
[20:53:36] 📥 Primit de la student: GET_THREADS
[20:53:36] 📤 Trimis 9 thread-uri către student
[20:53:36] 📥 Primit de la student: GET_ACTIVE_USERS:8
[20:53:36] 📥 Primit de la student: HEARTBEAT:sess_1769106606737_1:1:8
[20:53:43] 📥 Primit de la student: GET_COMMENTS:8
[20:53:43] 📤 Trimis 3 comentarii pentru thread #8
[20:53:43] 📥 Primit de la student: GET_ACTIVE_USERS:8
[20:53:50] 📥 Primit de la student: GET_COMMENTS:8
[20:53:50] 📤 Trimis 3 comentarii pentru thread #8
[20:53:50] 📥 Primit de la student: GET_ACTIVE_USERS:8
[20:53:57] 📥 Primit de la student: GET_COMMENTS:8
[20:53:57] 📤 Trimis 3 comentarii pentru thread #8
[20:53:57] 📥 Primit de la student: GET_ACTIVE_USERS:8
[20:54:04] 📥 Primit de la student: GET_COMMENTS:8
[20:54:04] 📤 Trimis 3 comentarii pentru thread #8
[20:54:04] 📥 Primit de la student: GET_ACTIVE_USERS:8
[20:54:06] 📥 Primit de la student: GET_THREADS
[20:54:06] 📤 Trimis 9 thread-uri către student
[20:54:06] 📥 Primit de la student: GET_ACTIVE_USERS:8
[20:54:06] 📥 Primit de la student: HEARTBEAT:sess_1769106606737_1:1:8
[20:54:11] 📥 Primit de la student: GET_COMMENTS:8
[20:54:11] 📤 Trimis 3 comentarii pentru thread #8
[20:54:11] 📥 Primit de la student: GET_ACTIVE_USERS:8
[20:54:18] 📥 Primit de la student: GET_COMMENTS:8
[20:54:18] 📤 Trimis 3 comentarii pentru thread #8
[20:54:18] 📥 Primit de la student: GET_ACTIVE_USERS:8
[20:54:25] 📥 Primit de la student: GET_COMMENTS:8
[20:54:25] 📤 Trimis 3 comentarii pentru thread #8
[20:54:25] 📥 Primit de la student: GET_ACTIVE_USERS:8
[20:54:32] 📥 Primit de la student: GET_COMMENTS:8
[20:54:32] 📤 Trimis 3 comentarii pentru thread #8
[20:54:32] 📥 Primit de la student: GET_ACTIVE_USERS:8
[20:54:36] 📥 Primit de la student: GET_THREADS
[20:54:36] 📤 Trimis 9 thread-uri către student
[20:54:36] 📥 Primit de la student: GET_ACTIVE_USERS:8
[20:54:36] 📥 Primit de la student: HEARTBEAT:sess_1769106606737_1:1:8
[20:54:39] 📥 Primit de la student: GET_COMMENTS:8
[20:54:39] 📤 Trimis 3 comentarii pentru thread #8
[20:54:39] 📥 Primit de la student: GET_ACTIVE_USERS:8
[20:54:46] 📥 Primit de la student: GET_COMMENTS:8
[20:54:46] 📤 Trimis 3 comentarii pentru thread #8
[20:54:46] 📥 Primit de la student: GET_ACTIVE_USERS:8
[20:54:53] 📥 Primit de la student: GET_COMMENTS:8
[20:54:53] 📤 Trimis 3 comentarii pentru thread #8
[20:54:53] 📥 Primit de la student: GET_ACTIVE_USERS:8
[20:55:00] 📥 Primit de la student: GET_COMMENTS:8
[20:55:00] 📤 Trimis 3 comentarii pentru thread #8
[20:55:00] 📥 Primit de la student: GET_ACTIVE_USERS:8
[20:55:06] 📥 Primit de la student: GET_THREADS
[20:55:06] 📤 Trimis 9 thread-uri către student
[20:55:06] 📥 Primit de la student: GET_ACTIVE_USERS:8
[20:55:06] 📥 Primit de la student: HEARTBEAT:sess_1769106606737_1:1:8
[20:55:07] 📥 Primit de la student: GET_COMMENTS:8
[20:55:07] 📤 Trimis 3 comentarii pentru thread #8
[20:55:07] 📥 Primit de la student: GET_ACTIVE_USERS:8
[20:55:14] 📥 Primit de la student: GET_COMMENTS:8
[20:55:14] 📤 Trimis 3 comentarii pentru thread #8
[20:55:14] 📥 Primit de la student: GET_ACTIVE_USERS:8
[20:55:21] 📥 Primit de la student: GET_COMMENTS:8
[20:55:21] 📤 Trimis 3 comentarii pentru thread #8
[20:55:21] 📥 Primit de la student: GET_ACTIVE_USERS:8
[20:55:28] 📥 Primit de la student: GET_COMMENTS:8
[20:55:28] 📤 Trimis 3 comentarii pentru thread #8
[20:55:28] 📥 Primit de la student: GET_ACTIVE_USERS:8
[20:55:35] 📥 Primit de la student: GET_COMMENTS:8
[20:55:35] 📤 Trimis 3 comentarii pentru thread #8
[20:55:35] 📥 Primit de la student: GET_ACTIVE_USERS:8
[20:55:36] 📥 Primit de la student: GET_THREADS
[20:55:36] 📤 Trimis 9 thread-uri către student
[20:55:36] 📥 Primit de la student: GET_ACTIVE_USERS:8
[20:55:36] 📥 Primit de la student: HEARTBEAT:sess_1769106606737_1:1:8
[20:55:42] 📥 Primit de la student: GET_COMMENTS:8
[20:55:42] 📤 Trimis 3 comentarii pentru thread #8
[20:55:42] 📥 Primit de la student: GET_ACTIVE_USERS:8
[20:55:49] 📥 Primit de la student: GET_COMMENTS:8
[20:55:49] 📤 Trimis 3 comentarii pentru thread #8
[20:55:49] 📥 Primit de la student: GET_ACTIVE_USERS:8
[20:55:56] 📥 Primit de la student: GET_COMMENTS:8
[20:55:56] 📤 Trimis 3 comentarii pentru thread #8
[20:55:56] 📥 Primit de la student: GET_ACTIVE_USERS:8
[20:56:03] 📥 Primit de la student: GET_COMMENTS:8
[20:56:03] 📤 Trimis 3 comentarii pentru thread #8
[20:56:03] 📥 Primit de la student: GET_ACTIVE_USERS:8
[20:56:06] 📥 Primit de la student: GET_THREADS
[20:56:06] 📤 Trimis 9 thread-uri către student
[20:56:06] 📥 Primit de la student: GET_ACTIVE_USERS:8
[20:56:06] 📥 Primit de la student: HEARTBEAT:sess_1769106606737_1:1:8
[20:56:10] 📥 Primit de la student: GET_COMMENTS:8
[20:56:10] 📤 Trimis 3 comentarii pentru thread #8
[20:56:10] 📥 Primit de la student: GET_ACTIVE_USERS:8
[20:56:17] 📥 Primit de la student: GET_COMMENTS:8
[20:56:17] 📤 Trimis 3 comentarii pentru thread #8
[20:56:17] 📥 Primit de la student: GET_ACTIVE_USERS:8
[20:56:24] 📥 Primit de la student: GET_COMMENTS:8
[20:56:24] 📤 Trimis 3 comentarii pentru thread #8
[20:56:24] 📥 Primit de la student: GET_ACTIVE_USERS:8
[20:56:31] 📥 Primit de la student: GET_COMMENTS:8
[20:56:31] 📤 Trimis 3 comentarii pentru thread #8
[20:56:31] 📥 Primit de la student: GET_ACTIVE_USERS:8
[20:56:36] 📥 Primit de la student: GET_THREADS
[20:56:36] 📤 Trimis 9 thread-uri către student
[20:56:36] 📥 Primit de la student: GET_ACTIVE_USERS:8
[20:56:36] 📥 Primit de la student: HEARTBEAT:sess_1769106606737_1:1:8
[20:56:38] 📥 Primit de la student: GET_COMMENTS:8
[20:56:38] 📤 Trimis 3 comentarii pentru thread #8
[20:56:38] 📥 Primit de la student: GET_ACTIVE_USERS:8
[20:56:45] 📥 Primit de la student: GET_COMMENTS:8
[20:56:45] 📤 Trimis 3 comentarii pentru thread #8
[20:56:45] 📥 Primit de la student: GET_ACTIVE_USERS:8
[20:56:52] 📥 Primit de la student: GET_COMMENTS:8
[20:56:52] 📤 Trimis 3 comentarii pentru thread #8
[20:56:52] 📥 Primit de la student: GET_ACTIVE_USERS:8
[20:56:59] 📥 Primit de la student: GET_COMMENTS:8
[20:56:59] 📤 Trimis 3 comentarii pentru thread #8
[20:56:59] 📥 Primit de la student: GET_ACTIVE_USERS:8
[20:57:06] 📥 Primit de la student: GET_COMMENTS:8
[20:57:06] 📤 Trimis 3 comentarii pentru thread #8
[20:57:06] 📥 Primit de la student: GET_ACTIVE_USERS:8
[20:57:06] 📥 Primit de la student: GET_THREADS
[20:57:06] 📤 Trimis 9 thread-uri către student
[20:57:06] 📥 Primit de la student: GET_ACTIVE_USERS:8
[20:57:06] 📥 Primit de la student: HEARTBEAT:sess_1769106606737_1:1:8
[20:57:13] 📥 Primit de la student: GET_COMMENTS:8
[20:57:13] 📤 Trimis 3 comentarii pentru thread #8
[20:57:13] 📥 Primit de la student: GET_ACTIVE_USERS:8
[20:57:20] 📥 Primit de la student: GET_COMMENTS:8
[20:57:20] 📤 Trimis 3 comentarii pentru thread #8
[20:57:20] 📥 Primit de la student: GET_ACTIVE_USERS:8
[20:57:27] 📥 Primit de la student: GET_COMMENTS:8
[20:57:27] 📤 Trimis 3 comentarii pentru thread #8
[20:57:27] 📥 Primit de la student: GET_ACTIVE_USERS:8
[20:57:34] 📥 Primit de la student: GET_COMMENTS:8
[20:57:34] 📤 Trimis 3 comentarii pentru thread #8
[20:57:34] 📥 Primit de la student: GET_ACTIVE_USERS:8
[20:57:36] 📥 Primit de la student: GET_THREADS
[20:57:36] 📤 Trimis 9 thread-uri către student
[20:57:36] 📥 Primit de la student: GET_ACTIVE_USERS:8
[20:57:36] 📥 Primit de la student: HEARTBEAT:sess_1769106606737_1:1:8
[20:57:41] 📥 Primit de la student: GET_COMMENTS:8
[20:57:41] 📤 Trimis 3 comentarii pentru thread #8
[20:57:41] 📥 Primit de la student: GET_ACTIVE_USERS:8
[20:57:48] 📥 Primit de la student: GET_COMMENTS:8
[20:57:48] 📤 Trimis 3 comentarii pentru thread #8
[20:57:48] 📥 Primit de la student: GET_ACTIVE_USERS:8
[20:57:55] 📥 Primit de la student: GET_COMMENTS:8
[20:57:55] 📤 Trimis 3 comentarii pentru thread #8
[20:57:55] 📥 Primit de la student: GET_ACTIVE_USERS:8
[20:58:02] 📥 Primit de la student: GET_COMMENTS:8
[20:58:02] 📤 Trimis 3 comentarii pentru thread #8
[20:58:02] 📥 Primit de la student: GET_ACTIVE_USERS:8
[20:58:06] 📥 Primit de la student: GET_THREADS
[20:58:06] 📤 Trimis 9 thread-uri către student
[20:58:06] 📥 Primit de la student: GET_ACTIVE_USERS:8
[20:58:06] 📥 Primit de la student: HEARTBEAT:sess_1769106606737_1:1:8
[20:58:09] 📥 Primit de la student: GET_COMMENTS:8
[20:58:09] 📤 Trimis 3 comentarii pentru thread #8
[20:58:09] 📥 Primit de la student: GET_ACTIVE_USERS:8
[20:58:16] 📥 Primit de la student: GET_COMMENTS:8
[20:58:16] 📤 Trimis 3 comentarii pentru thread #8
[20:58:16] 📥 Primit de la student: GET_ACTIVE_USERS:8
[20:58:23] 📥 Primit de la student: GET_COMMENTS:8
[20:58:23] 📤 Trimis 3 comentarii pentru thread #8
[20:58:23] 📥 Primit de la student: GET_ACTIVE_USERS:8
[20:58:30] 📥 Primit de la student: GET_COMMENTS:8
[20:58:30] 📤 Trimis 3 comentarii pentru thread #8
[20:58:30] 📥 Primit de la student: GET_ACTIVE_USERS:8
[20:58:36] 📥 Primit de la student: GET_THREADS
[20:58:36] 📤 Trimis 9 thread-uri către student
[20:58:36] 📥 Primit de la student: GET_ACTIVE_USERS:8
[20:58:36] 📥 Primit de la student: HEARTBEAT:sess_1769106606737_1:1:8
[20:58:37] 📥 Primit de la student: GET_COMMENTS:8
[20:58:37] 📤 Trimis 3 comentarii pentru thread #8
[20:58:37] 📥 Primit de la student: GET_ACTIVE_USERS:8
[20:58:44] 📥 Primit de la student: GET_COMMENTS:8
[20:58:44] 📤 Trimis 3 comentarii pentru thread #8
[20:58:44] 📥 Primit de la student: GET_ACTIVE_USERS:8
[20:58:51] 📥 Primit de la student: GET_COMMENTS:8
[20:58:51] 📤 Trimis 3 comentarii pentru thread #8
[20:58:51] 📥 Primit de la student: GET_ACTIVE_USERS:8
[20:58:58] 📥 Primit de la student: GET_COMMENTS:8
[20:58:58] 📤 Trimis 3 comentarii pentru thread #8
[20:58:58] 📥 Primit de la student: GET_ACTIVE_USERS:8
[20:59:05] 📥 Primit de la student: GET_COMMENTS:8
[20:59:05] 📤 Trimis 3 comentarii pentru thread #8
[20:59:05] 📥 Primit de la student: GET_ACTIVE_USERS:8
[20:59:06] 📥 Primit de la student: GET_THREADS
[20:59:06] 📤 Trimis 9 thread-uri către student
[20:59:06] 📥 Primit de la student: GET_ACTIVE_USERS:8
[20:59:06] 📥 Primit de la student: HEARTBEAT:sess_1769106606737_1:1:8
[20:59:12] 📥 Primit de la student: GET_COMMENTS:8
[20:59:12] 📤 Trimis 3 comentarii pentru thread #8
[20:59:12] 📥 Primit de la student: GET_ACTIVE_USERS:8
[20:59:19] 📥 Primit de la student: GET_COMMENTS:8
[20:59:19] 📤 Trimis 3 comentarii pentru thread #8
[20:59:19] 📥 Primit de la student: GET_ACTIVE_USERS:8
[20:59:26] 📥 Primit de la student: GET_COMMENTS:8
[20:59:26] 📤 Trimis 3 comentarii pentru thread #8
[20:59:26] 📥 Primit de la student: GET_ACTIVE_USERS:8
[20:59:33] 📥 Primit de la student: GET_COMMENTS:8
[20:59:33] 📤 Trimis 3 comentarii pentru thread #8
[20:59:33] 📥 Primit de la student: GET_ACTIVE_USERS:8
[20:59:36] 📥 Primit de la student: GET_THREADS
[20:59:36] 📤 Trimis 9 thread-uri către student
[20:59:36] 📥 Primit de la student: GET_ACTIVE_USERS:8
[20:59:36] 📥 Primit de la student: HEARTBEAT:sess_1769106606737_1:1:8
[20:59:40] 📥 Primit de la student: GET_COMMENTS:8
[20:59:40] 📤 Trimis 3 comentarii pentru thread #8
[20:59:40] 📥 Primit de la student: GET_ACTIVE_USERS:8
[20:59:47] 📥 Primit de la student: GET_COMMENTS:8
[20:59:47] 📤 Trimis 3 comentarii pentru thread #8
[20:59:47] 📥 Primit de la student: GET_ACTIVE_USERS:8
[20:59:54] 📥 Primit de la student: GET_COMMENTS:8
[20:59:54] 📤 Trimis 3 comentarii pentru thread #8
[20:59:54] 📥 Primit de la student: GET_ACTIVE_USERS:8
[21:00:01] 📥 Primit de la student: GET_COMMENTS:8
[21:00:01] 📤 Trimis 3 comentarii pentru thread #8
[21:00:01] 📥 Primit de la student: GET_ACTIVE_USERS:8
[21:00:06] 📥 Primit de la student: GET_THREADS
[21:00:06] 📤 Trimis 9 thread-uri către student
[21:00:06] 📥 Primit de la student: GET_ACTIVE_USERS:8
[21:00:06] 📥 Primit de la student: HEARTBEAT:sess_1769106606737_1:1:8
[21:00:08] 📥 Primit de la student: GET_COMMENTS:8
[21:00:08] 📤 Trimis 3 comentarii pentru thread #8
[21:00:08] 📥 Primit de la student: GET_ACTIVE_USERS:8
[21:00:15] 📥 Primit de la student: GET_COMMENTS:8
[21:00:15] 📤 Trimis 3 comentarii pentru thread #8
[21:00:15] 📥 Primit de la student: GET_ACTIVE_USERS:8
[21:00:22] 📥 Primit de la student: GET_COMMENTS:8
[21:00:22] 📤 Trimis 3 comentarii pentru thread #8
[21:00:22] 📥 Primit de la student: GET_ACTIVE_USERS:8
[21:00:29] 📥 Primit de la student: GET_COMMENTS:8
[21:00:29] 📤 Trimis 3 comentarii pentru thread #8
[21:00:29] 📥 Primit de la student: GET_ACTIVE_USERS:8
[21:00:36] 📥 Primit de la student: GET_COMMENTS:8
[21:00:36] 📤 Trimis 3 comentarii pentru thread #8
[21:00:36] 📥 Primit de la student: GET_ACTIVE_USERS:8
[21:00:37] 📥 Primit de la student: GET_THREADS
[21:00:37] 📤 Trimis 9 thread-uri către student
[21:00:37] 📥 Primit de la student: GET_ACTIVE_USERS:8
[21:00:37] 📥 Primit de la student: HEARTBEAT:sess_1769106606737_1:1:8
[21:00:43] 📥 Primit de la student: GET_COMMENTS:8
[21:00:43] 📤 Trimis 3 comentarii pentru thread #8
[21:00:43] 📥 Primit de la student: GET_ACTIVE_USERS:8
[21:00:50] 📥 Primit de la student: GET_COMMENTS:8
[21:00:50] 📤 Trimis 3 comentarii pentru thread #8
[21:00:50] 📥 Primit de la student: GET_ACTIVE_USERS:8
[21:00:57] 📥 Primit de la student: GET_COMMENTS:8
[21:00:57] 📤 Trimis 3 comentarii pentru thread #8
[21:00:57] 📥 Primit de la student: GET_ACTIVE_USERS:8
[21:01:04] 📥 Primit de la student: GET_COMMENTS:8
[21:01:04] 📤 Trimis 3 comentarii pentru thread #8
[21:01:04] 📥 Primit de la student: GET_ACTIVE_USERS:8
[21:01:07] 📥 Primit de la student: GET_THREADS
[21:01:07] 📤 Trimis 9 thread-uri către student
[21:01:07] 📥 Primit de la student: GET_ACTIVE_USERS:8
[21:01:07] 📥 Primit de la student: HEARTBEAT:sess_1769106606737_1:1:8
[21:01:11] 📥 Primit de la student: GET_COMMENTS:8
[21:01:11] 📤 Trimis 3 comentarii pentru thread #8
[21:01:11] 📥 Primit de la student: GET_ACTIVE_USERS:8
[21:01:18] 📥 Primit de la student: GET_COMMENTS:8
[21:01:18] 📤 Trimis 3 comentarii pentru thread #8
[21:01:18] 📥 Primit de la student: GET_ACTIVE_USERS:8
[21:01:25] 📥 Primit de la student: GET_COMMENTS:8
[21:01:25] 📤 Trimis 3 comentarii pentru thread #8
[21:01:25] 📥 Primit de la student: GET_ACTIVE_USERS:8
[21:01:32] 📥 Primit de la student: GET_COMMENTS:8
[21:01:32] 📤 Trimis 3 comentarii pentru thread #8
[21:01:32] 📥 Primit de la student: GET_ACTIVE_USERS:8
[21:01:37] 📥 Primit de la student: GET_THREADS
[21:01:37] 📤 Trimis 9 thread-uri către student
[21:01:37] 📥 Primit de la student: GET_ACTIVE_USERS:8
[21:01:37] 📥 Primit de la student: HEARTBEAT:sess_1769106606737_1:1:8
[21:01:39] 📥 Primit de la student: GET_COMMENTS:8
[21:01:39] 📤 Trimis 3 comentarii pentru thread #8
[21:01:39] 📥 Primit de la student: GET_ACTIVE_USERS:8
[21:01:46] 📥 Primit de la student: GET_COMMENTS:8
[21:01:46] 📤 Trimis 3 comentarii pentru thread #8
[21:01:46] 📥 Primit de la student: GET_ACTIVE_USERS:8
[21:01:53] 📥 Primit de la student: GET_COMMENTS:8
[21:01:53] 📤 Trimis 3 comentarii pentru thread #8
[21:01:53] 📥 Primit de la student: GET_ACTIVE_USERS:8
[21:02:00] 📥 Primit de la student: GET_COMMENTS:8
[21:02:00] 📤 Trimis 3 comentarii pentru thread #8
[21:02:00] 📥 Primit de la student: GET_ACTIVE_USERS:8
[21:02:07] 📥 Primit de la student: GET_THREADS
[21:02:07] 📤 Trimis 9 thread-uri către student
[21:02:07] 📥 Primit de la student: GET_ACTIVE_USERS:8
[21:02:07] 📥 Primit de la student: HEARTBEAT:sess_1769106606737_1:1:8
[21:02:07] 📥 Primit de la student: GET_COMMENTS:8
[21:02:07] 📤 Trimis 3 comentarii pentru thread #8
[21:02:07] 📥 Primit de la student: GET_ACTIVE_USERS:8
[21:02:14] 📥 Primit de la student: GET_COMMENTS:8
[21:02:14] 📤 Trimis 3 comentarii pentru thread #8
[21:02:14] 📥 Primit de la student: GET_ACTIVE_USERS:8
[21:02:21] 📥 Primit de la student: GET_COMMENTS:8
[21:02:21] 📤 Trimis 3 comentarii pentru thread #8
[21:02:21] 📥 Primit de la student: GET_ACTIVE_USERS:8
[21:02:28] 📥 Primit de la student: GET_COMMENTS:8
[21:02:28] 📤 Trimis 3 comentarii pentru thread #8
[21:02:28] 📥 Primit de la student: GET_ACTIVE_USERS:8
[21:02:35] 📥 Primit de la student: GET_COMMENTS:8
[21:02:35] 📤 Trimis 3 comentarii pentru thread #8
[21:02:35] 📥 Primit de la student: GET_ACTIVE_USERS:8
[21:02:37] 📥 Primit de la student: GET_THREADS
[21:02:37] 📤 Trimis 9 thread-uri către student
[21:02:37] 📥 Primit de la student: GET_ACTIVE_USERS:8
[21:02:37] 📥 Primit de la student: HEARTBEAT:sess_1769106606737_1:1:8
[21:02:42] 📥 Primit de la student: GET_COMMENTS:8
[21:02:42] 📤 Trimis 3 comentarii pentru thread #8
[21:02:42] 📥 Primit de la student: GET_ACTIVE_USERS:8
[21:02:49] 📥 Primit de la student: GET_COMMENTS:8
[21:02:49] 📤 Trimis 3 comentarii pentru thread #8
[21:02:49] 📥 Primit de la student: GET_ACTIVE_USERS:8
[21:02:56] 📥 Primit de la student: GET_COMMENTS:8
[21:02:56] 📤 Trimis 3 comentarii pentru thread #8
[21:02:56] 📥 Primit de la student: GET_ACTIVE_USERS:8
[21:03:03] 📥 Primit de la student: GET_COMMENTS:8
[21:03:03] 📤 Trimis 3 comentarii pentru thread #8
[21:03:03] 📥 Primit de la student: GET_ACTIVE_USERS:8
[21:03:07] 📥 Primit de la student: GET_THREADS
[21:03:07] 📤 Trimis 9 thread-uri către student
[21:03:07] 📥 Primit de la student: GET_ACTIVE_USERS:8
[21:03:07] 📥 Primit de la student: HEARTBEAT:sess_1769106606737_1:1:8
[21:03:10] 📥 Primit de la student: GET_COMMENTS:8
[21:03:10] 📤 Trimis 3 comentarii pentru thread #8
[21:03:10] 📥 Primit de la student: GET_ACTIVE_USERS:8
[21:03:17] 📥 Primit de la student: GET_COMMENTS:8
[21:03:17] 📤 Trimis 3 comentarii pentru thread #8
[21:03:17] 📥 Primit de la student: GET_ACTIVE_USERS:8
[21:03:24] 📥 Primit de la student: GET_COMMENTS:8
[21:03:24] 📤 Trimis 3 comentarii pentru thread #8
[21:03:24] 📥 Primit de la student: GET_ACTIVE_USERS:8
[21:03:31] 📥 Primit de la student: GET_COMMENTS:8
[21:03:31] 📤 Trimis 3 comentarii pentru thread #8
[21:03:31] 📥 Primit de la student: GET_ACTIVE_USERS:8
[21:03:37] 📥 Primit de la student: GET_THREADS
[21:03:37] 📤 Trimis 9 thread-uri către student
[21:03:37] 📥 Primit de la student: GET_ACTIVE_USERS:8
[21:03:37] 📥 Primit de la student: HEARTBEAT:sess_1769106606737_1:1:8
[21:03:38] 📥 Primit de la student: GET_COMMENTS:8
[21:03:38] 📤 Trimis 3 comentarii pentru thread #8
[21:03:38] 📥 Primit de la student: GET_ACTIVE_USERS:8
[21:03:45] 📥 Primit de la student: GET_COMMENTS:8
[21:03:45] 📤 Trimis 3 comentarii pentru thread #8
[21:03:45] 📥 Primit de la student: GET_ACTIVE_USERS:8
[21:03:52] 📥 Primit de la student: GET_COMMENTS:8
[21:03:52] 📤 Trimis 3 comentarii pentru thread #8
[21:03:52] 📥 Primit de la student: GET_ACTIVE_USERS:8
[21:03:59] 📥 Primit de la student: GET_COMMENTS:8
[21:03:59] 📤 Trimis 3 comentarii pentru thread #8
[21:03:59] 📥 Primit de la student: GET_ACTIVE_USERS:8
[21:04:06] 📥 Primit de la student: GET_COMMENTS:8
[21:04:06] 📤 Trimis 3 comentarii pentru thread #8
[21:04:06] 📥 Primit de la student: GET_ACTIVE_USERS:8
[21:04:07] 📥 Primit de la student: GET_THREADS
[21:04:07] 📤 Trimis 9 thread-uri către student
[21:04:07] 📥 Primit de la student: GET_ACTIVE_USERS:8
[21:04:07] 📥 Primit de la student: HEARTBEAT:sess_1769106606737_1:1:8
[21:04:13] 📥 Primit de la student: GET_COMMENTS:8
[21:04:13] 📤 Trimis 3 comentarii pentru thread #8
[21:04:13] 📥 Primit de la student: GET_ACTIVE_USERS:8
[21:04:20] 📥 Primit de la student: GET_COMMENTS:8
[21:04:20] 📤 Trimis 3 comentarii pentru thread #8
[21:04:20] 📥 Primit de la student: GET_ACTIVE_USERS:8
[21:04:27] 📥 Primit de la student: GET_COMMENTS:8
[21:04:27] 📤 Trimis 3 comentarii pentru thread #8
[21:04:27] 📥 Primit de la student: GET_ACTIVE_USERS:8
[21:04:34] 📥 Primit de la student: GET_COMMENTS:8
[21:04:34] 📤 Trimis 3 comentarii pentru thread #8
[21:04:34] 📥 Primit de la student: GET_ACTIVE_USERS:8
[21:04:37] 📥 Primit de la student: GET_THREADS
[21:04:37] 📤 Trimis 9 thread-uri către student
[21:04:37] 📥 Primit de la student: GET_ACTIVE_USERS:8
[21:04:37] 📥 Primit de la student: HEARTBEAT:sess_1769106606737_1:1:8
[21:04:41] 📥 Primit de la student: GET_COMMENTS:8
[21:04:41] 📤 Trimis 3 comentarii pentru thread #8
[21:04:41] 📥 Primit de la student: GET_ACTIVE_USERS:8
[21:04:48] 📥 Primit de la student: GET_COMMENTS:8
[21:04:48] 📤 Trimis 3 comentarii pentru thread #8
[21:04:48] 📥 Primit de la student: GET_ACTIVE_USERS:8
[21:04:55] 📥 Primit de la student: GET_COMMENTS:8
[21:04:55] 📤 Trimis 3 comentarii pentru thread #8
[21:04:55] 📥 Primit de la student: GET_ACTIVE_USERS:8
[21:05:02] 📥 Primit de la student: GET_COMMENTS:8
[21:05:02] 📤 Trimis 3 comentarii pentru thread #8
[21:05:02] 📥 Primit de la student: GET_ACTIVE_USERS:8
[21:05:07] 📥 Primit de la student: GET_THREADS
[21:05:07] 📤 Trimis 9 thread-uri către student
[21:05:07] 📥 Primit de la student: GET_ACTIVE_USERS:8
[21:05:07] 📥 Primit de la student: HEARTBEAT:sess_1769106606737_1:1:8
[21:05:09] 📥 Primit de la student: GET_COMMENTS:8
[21:05:09] 📤 Trimis 3 comentarii pentru thread #8
[21:05:09] 📥 Primit de la student: GET_ACTIVE_USERS:8
[21:05:16] 📥 Primit de la student: GET_COMMENTS:8
[21:05:16] 📤 Trimis 3 comentarii pentru thread #8
[21:05:16] 📥 Primit de la student: GET_ACTIVE_USERS:8
[21:05:23] 📥 Primit de la student: GET_COMMENTS:8
[21:05:23] 📤 Trimis 3 comentarii pentru thread #8
[21:05:23] 📥 Primit de la student: GET_ACTIVE_USERS:8
[21:05:30] 📥 Primit de la student: GET_COMMENTS:8
[21:05:30] 📤 Trimis 3 comentarii pentru thread #8
[21:05:30] 📥 Primit de la student: GET_ACTIVE_USERS:8
[21:05:37] 📥 Primit de la student: GET_THREADS
[21:05:37] 📤 Trimis 9 thread-uri către student
[21:05:37] 📥 Primit de la student: GET_ACTIVE_USERS:8
[21:05:37] 📥 Primit de la student: HEARTBEAT:sess_1769106606737_1:1:8
[21:05:37] 📥 Primit de la student: GET_COMMENTS:8
[21:05:37] 📤 Trimis 3 comentarii pentru thread #8
[21:05:37] 📥 Primit de la student: GET_ACTIVE_USERS:8
[21:05:44] 📥 Primit de la student: GET_COMMENTS:8
[21:05:44] 📤 Trimis 3 comentarii pentru thread #8
[21:05:44] 📥 Primit de la student: GET_ACTIVE_USERS:8
[21:05:51] 📥 Primit de la student: GET_COMMENTS:8
[21:05:51] 📤 Trimis 3 comentarii pentru thread #8
[21:05:51] 📥 Primit de la student: GET_ACTIVE_USERS:8
[21:05:58] 📥 Primit de la student: GET_COMMENTS:8
[21:05:58] 📤 Trimis 3 comentarii pentru thread #8
[21:05:58] 📥 Primit de la student: GET_ACTIVE_USERS:8
[21:06:05] 📥 Primit de la student: GET_COMMENTS:8
[21:06:05] 📤 Trimis 3 comentarii pentru thread #8
[21:06:05] 📥 Primit de la student: GET_ACTIVE_USERS:8
[21:06:07] 📥 Primit de la student: GET_THREADS
[21:06:07] 📤 Trimis 9 thread-uri către student
[21:06:07] 📥 Primit de la student: GET_ACTIVE_USERS:8
[21:06:07] 📥 Primit de la student: HEARTBEAT:sess_1769106606737_1:1:8
[21:06:12] 📥 Primit de la student: GET_COMMENTS:8
[21:06:12] 📤 Trimis 3 comentarii pentru thread #8
[21:06:12] 📥 Primit de la student: GET_ACTIVE_USERS:8
[21:06:19] 📥 Primit de la student: GET_COMMENTS:8
[21:06:19] 📤 Trimis 3 comentarii pentru thread #8
[21:06:19] 📥 Primit de la student: GET_ACTIVE_USERS:8
[21:06:26] 📥 Primit de la student: GET_COMMENTS:8
[21:06:26] 📤 Trimis 3 comentarii pentru thread #8
[21:06:26] 📥 Primit de la student: GET_ACTIVE_USERS:8
[21:06:33] 📥 Primit de la student: GET_COMMENTS:8
[21:06:33] 📤 Trimis 3 comentarii pentru thread #8
[21:06:33] 📥 Primit de la student: GET_ACTIVE_USERS:8
[21:06:37] 📥 Primit de la student: GET_THREADS
[21:06:37] 📤 Trimis 9 thread-uri către student
[21:06:37] 📥 Primit de la student: GET_ACTIVE_USERS:8
[21:06:37] 📥 Primit de la student: HEARTBEAT:sess_1769106606737_1:1:8
[21:06:40] 📥 Primit de la student: GET_COMMENTS:8
[21:06:40] 📤 Trimis 3 comentarii pentru thread #8
[21:06:40] 📥 Primit de la student: GET_ACTIVE_USERS:8
[21:06:47] 📥 Primit de la student: GET_COMMENTS:8
[21:06:47] 📤 Trimis 3 comentarii pentru thread #8
[21:06:47] 📥 Primit de la student: GET_ACTIVE_USERS:8
[21:06:54] 📥 Primit de la student: GET_COMMENTS:8
[21:06:54] 📤 Trimis 3 comentarii pentru thread #8
[21:06:54] 📥 Primit de la student: GET_ACTIVE_USERS:8
[21:07:01] 📥 Primit de la student: GET_COMMENTS:8
[21:07:01] 📤 Trimis 3 comentarii pentru thread #8
[21:07:01] 📥 Primit de la student: GET_ACTIVE_USERS:8
[21:07:07] 📥 Primit de la student: GET_THREADS
[21:07:07] 📤 Trimis 9 thread-uri către student
[21:07:07] 📥 Primit de la student: GET_ACTIVE_USERS:8
[21:07:07] 📥 Primit de la student: HEARTBEAT:sess_1769106606737_1:1:8
[21:07:08] 📥 Primit de la student: GET_COMMENTS:8
[21:07:08] 📤 Trimis 3 comentarii pentru thread #8
[21:07:08] 📥 Primit de la student: GET_ACTIVE_USERS:8
[21:07:15] 📥 Primit de la student: GET_COMMENTS:8
[21:07:15] 📤 Trimis 3 comentarii pentru thread #8
[21:07:15] 📥 Primit de la student: GET_ACTIVE_USERS:8
[21:07:22] 📥 Primit de la student: GET_COMMENTS:8
[21:07:22] 📤 Trimis 3 comentarii pentru thread #8
[21:07:22] 📥 Primit de la student: GET_ACTIVE_USERS:8
[21:07:29] 📥 Primit de la student: GET_COMMENTS:8
[21:07:29] 📤 Trimis 3 comentarii pentru thread #8
[21:07:29] 📥 Primit de la student: GET_ACTIVE_USERS:8
[21:07:36] 📥 Primit de la student: GET_COMMENTS:8
[21:07:36] 📤 Trimis 3 comentarii pentru thread #8
[21:07:36] 📥 Primit de la student: GET_ACTIVE_USERS:8
[21:07:37] 📥 Primit de la student: GET_THREADS
[21:07:37] 📤 Trimis 9 thread-uri către student
[21:07:37] 📥 Primit de la student: GET_ACTIVE_USERS:8
[21:07:37] 📥 Primit de la student: HEARTBEAT:sess_1769106606737_1:1:8
[21:07:43] 📥 Primit de la student: GET_COMMENTS:8
[21:07:43] 📤 Trimis 3 comentarii pentru thread #8
[21:07:43] 📥 Primit de la student: GET_ACTIVE_USERS:8
[21:07:50] 📥 Primit de la student: GET_COMMENTS:8
[21:07:50] 📤 Trimis 3 comentarii pentru thread #8
[21:07:50] 📥 Primit de la student: GET_ACTIVE_USERS:8
[21:07:57] 📥 Primit de la student: GET_COMMENTS:8
[21:07:57] 📤 Trimis 3 comentarii pentru thread #8
[21:07:57] 📥 Primit de la student: GET_ACTIVE_USERS:8
[21:08:04] 📥 Primit de la student: GET_COMMENTS:8
[21:08:04] 📤 Trimis 3 comentarii pentru thread #8
[21:08:04] 📥 Primit de la student: GET_ACTIVE_USERS:8
[21:08:07] 📥 Primit de la student: GET_THREADS
[21:08:07] 📤 Trimis 9 thread-uri către student
[21:08:07] 📥 Primit de la student: GET_ACTIVE_USERS:8
[21:08:07] 📥 Primit de la student: HEARTBEAT:sess_1769106606737_1:1:8
[21:08:11] 📥 Primit de la student: GET_COMMENTS:8
[21:08:11] 📤 Trimis 3 comentarii pentru thread #8
[21:08:11] 📥 Primit de la student: GET_ACTIVE_USERS:8
[21:08:18] 📥 Primit de la student: GET_COMMENTS:8
[21:08:18] 📤 Trimis 3 comentarii pentru thread #8
[21:08:18] 📥 Primit de la student: GET_ACTIVE_USERS:8
[21:08:25] 📥 Primit de la student: GET_COMMENTS:8
[21:08:25] 📤 Trimis 3 comentarii pentru thread #8
[21:08:25] 📥 Primit de la student: GET_ACTIVE_USERS:8
[21:08:32] 📥 Primit de la student: GET_COMMENTS:8
[21:08:32] 📤 Trimis 3 comentarii pentru thread #8
[21:08:32] 📥 Primit de la student: GET_ACTIVE_USERS:8
[21:08:37] 📥 Primit de la student: GET_THREADS
[21:08:37] 📤 Trimis 9 thread-uri către student
[21:08:37] 📥 Primit de la student: GET_ACTIVE_USERS:8
[21:08:37] 📥 Primit de la student: HEARTBEAT:sess_1769106606737_1:1:8
[21:08:39] 📥 Primit de la student: GET_COMMENTS:8
[21:08:39] 📤 Trimis 3 comentarii pentru thread #8
[21:08:39] 📥 Primit de la student: GET_ACTIVE_USERS:8
[21:08:46] 📥 Primit de la student: GET_COMMENTS:8
[21:08:46] 📤 Trimis 3 comentarii pentru thread #8
[21:08:46] 📥 Primit de la student: GET_ACTIVE_USERS:8
[21:08:53] 📥 Primit de la student: GET_COMMENTS:8
[21:08:53] 📤 Trimis 3 comentarii pentru thread #8
[21:08:53] 📥 Primit de la student: GET_ACTIVE_USERS:8
[21:09:00] 📥 Primit de la student: GET_COMMENTS:8
[21:09:00] 📤 Trimis 3 comentarii pentru thread #8
[21:09:00] 📥 Primit de la student: GET_ACTIVE_USERS:8
[21:09:07] 📥 Primit de la student: GET_THREADS
[21:09:07] 📤 Trimis 9 thread-uri către student
[21:09:07] 📥 Primit de la student: GET_ACTIVE_USERS:8
[21:09:07] 📥 Primit de la student: HEARTBEAT:sess_1769106606737_1:1:8
[21:09:07] 📥 Primit de la student: GET_COMMENTS:8
[21:09:07] 📤 Trimis 3 comentarii pentru thread #8
[21:09:07] 📥 Primit de la student: GET_ACTIVE_USERS:8
[21:09:14] 📥 Primit de la student: GET_COMMENTS:8
[21:09:14] 📤 Trimis 3 comentarii pentru thread #8
[21:09:14] 📥 Primit de la student: GET_ACTIVE_USERS:8
[21:09:21] 📥 Primit de la student: GET_COMMENTS:8
[21:09:21] 📤 Trimis 3 comentarii pentru thread #8
[21:09:21] 📥 Primit de la student: GET_ACTIVE_USERS:8
[21:09:28] 📥 Primit de la student: GET_COMMENTS:8
[21:09:28] 📤 Trimis 3 comentarii pentru thread #8
[21:09:28] 📥 Primit de la student: GET_ACTIVE_USERS:8
[21:09:35] 📥 Primit de la student: GET_COMMENTS:8
[21:09:35] 📤 Trimis 3 comentarii pentru thread #8
[21:09:35] 📥 Primit de la student: GET_ACTIVE_USERS:8
[21:09:37] 📥 Primit de la student: GET_THREADS
[21:09:37] 📤 Trimis 9 thread-uri către student
[21:09:37] 📥 Primit de la student: GET_ACTIVE_USERS:8
[21:09:37] 📥 Primit de la student: HEARTBEAT:sess_1769106606737_1:1:8
[21:09:42] 📥 Primit de la student: GET_COMMENTS:8
[21:09:42] 📤 Trimis 3 comentarii pentru thread #8
[21:09:42] 📥 Primit de la student: GET_ACTIVE_USERS:8
[21:09:49] 📥 Primit de la student: GET_COMMENTS:8
[21:09:49] 📤 Trimis 3 comentarii pentru thread #8
[21:09:49] 📥 Primit de la student: GET_ACTIVE_USERS:8
[21:09:56] 📥 Primit de la student: GET_COMMENTS:8
[21:09:56] 📤 Trimis 3 comentarii pentru thread #8
[21:09:56] 📥 Primit de la student: GET_ACTIVE_USERS:8
[21:10:03] 📥 Primit de la student: GET_COMMENTS:8
[21:10:03] 📤 Trimis 3 comentarii pentru thread #8
[21:10:03] 📥 Primit de la student: GET_ACTIVE_USERS:8
[21:10:07] 📥 Primit de la student: GET_THREADS
[21:10:07] 📤 Trimis 9 thread-uri către student
[21:10:07] 📥 Primit de la student: GET_ACTIVE_USERS:8
[21:10:07] 📥 Primit de la student: HEARTBEAT:sess_1769106606737_1:1:8
[21:10:10] 📥 Primit de la student: GET_COMMENTS:8
[21:10:10] 📤 Trimis 3 comentarii pentru thread #8
[21:10:10] 📥 Primit de la student: GET_ACTIVE_USERS:8
[21:10:17] 📥 Primit de la student: GET_COMMENTS:8
[21:10:17] 📤 Trimis 3 comentarii pentru thread #8
[21:10:17] 📥 Primit de la student: GET_ACTIVE_USERS:8
[21:10:24] 📥 Primit de la student: GET_COMMENTS:8
[21:10:24] 📤 Trimis 3 comentarii pentru thread #8
[21:10:24] 📥 Primit de la student: GET_ACTIVE_USERS:8
[21:10:31] 📥 Primit de la student: GET_COMMENTS:8
[21:10:31] 📤 Trimis 3 comentarii pentru thread #8
[21:10:31] 📥 Primit de la student: GET_ACTIVE_USERS:8
[21:10:37] 📥 Primit de la student: GET_THREADS
[21:10:37] 📤 Trimis 9 thread-uri către student
[21:10:37] 📥 Primit de la student: GET_ACTIVE_USERS:8
[21:10:37] 📥 Primit de la student: HEARTBEAT:sess_1769106606737_1:1:8
[21:10:38] 📥 Primit de la student: GET_COMMENTS:8
[21:10:38] 📤 Trimis 3 comentarii pentru thread #8
[21:10:38] 📥 Primit de la student: GET_ACTIVE_USERS:8
[21:10:45] 📥 Primit de la student: GET_COMMENTS:8
[21:10:45] 📤 Trimis 3 comentarii pentru thread #8
[21:10:45] 📥 Primit de la student: GET_ACTIVE_USERS:8
[21:10:52] 📥 Primit de la student: GET_COMMENTS:8
[21:10:52] 📤 Trimis 3 comentarii pentru thread #8
[21:10:52] 📥 Primit de la student: GET_ACTIVE_USERS:8
[21:10:59] 📥 Primit de la student: GET_COMMENTS:8
[21:10:59] 📤 Trimis 3 comentarii pentru thread #8
[21:10:59] 📥 Primit de la student: GET_ACTIVE_USERS:8
[21:11:06] 📥 Primit de la student: GET_COMMENTS:8
[21:11:06] 📤 Trimis 3 comentarii pentru thread #8
[21:11:06] 📥 Primit de la student: GET_ACTIVE_USERS:8
[21:11:07] 📥 Primit de la student: GET_THREADS
[21:11:07] 📤 Trimis 9 thread-uri către student
[21:11:07] 📥 Primit de la student: GET_ACTIVE_USERS:8
[21:11:07] 📥 Primit de la student: HEARTBEAT:sess_1769106606737_1:1:8
[21:11:13] 📥 Primit de la student: GET_COMMENTS:8
[21:11:13] 📤 Trimis 3 comentarii pentru thread #8
[21:11:13] 📥 Primit de la student: GET_ACTIVE_USERS:8
[21:11:20] 📥 Primit de la student: GET_COMMENTS:8
[21:11:20] 📤 Trimis 3 comentarii pentru thread #8
[21:11:20] 📥 Primit de la student: GET_ACTIVE_USERS:8
[21:11:27] 📥 Primit de la student: GET_COMMENTS:8
[21:11:27] 📤 Trimis 3 comentarii pentru thread #8
[21:11:27] 📥 Primit de la student: GET_ACTIVE_USERS:8
[21:11:34] 📥 Primit de la student: GET_COMMENTS:8
[21:11:34] 📤 Trimis 3 comentarii pentru thread #8
[21:11:34] 📥 Primit de la student: GET_ACTIVE_USERS:8
[21:11:37] 📥 Primit de la student: GET_THREADS
[21:11:37] 📤 Trimis 9 thread-uri către student
[21:11:37] 📥 Primit de la student: GET_ACTIVE_USERS:8
[21:11:37] 📥 Primit de la student: HEARTBEAT:sess_1769106606737_1:1:8
[21:11:41] 📥 Primit de la student: GET_COMMENTS:8
[21:11:41] 📤 Trimis 3 comentarii pentru thread #8
[21:11:41] 📥 Primit de la student: GET_ACTIVE_USERS:8
[21:11:48] 📥 Primit de la student: GET_COMMENTS:8
[21:11:48] 📤 Trimis 3 comentarii pentru thread #8
[21:11:48] 📥 Primit de la student: GET_ACTIVE_USERS:8
[21:11:55] 📥 Primit de la student: GET_COMMENTS:8
[21:11:55] 📤 Trimis 3 comentarii pentru thread #8
[21:11:55] 📥 Primit de la student: GET_ACTIVE_USERS:8
[21:12:02] 📥 Primit de la student: GET_COMMENTS:8
[21:12:02] 📤 Trimis 3 comentarii pentru thread #8
[21:12:02] 📥 Primit de la student: GET_ACTIVE_USERS:8
[21:12:07] 📥 Primit de la student: GET_THREADS
[21:12:07] 📤 Trimis 9 thread-uri către student
[21:12:07] 📥 Primit de la student: GET_ACTIVE_USERS:8
[21:12:07] 📥 Primit de la student: HEARTBEAT:sess_1769106606737_1:1:8
[21:12:09] 📥 Primit de la student: GET_COMMENTS:8
[21:12:09] 📤 Trimis 3 comentarii pentru thread #8
[21:12:09] 📥 Primit de la student: GET_ACTIVE_USERS:8
[21:12:16] 📥 Primit de la student: GET_COMMENTS:8
[21:12:16] 📤 Trimis 3 comentarii pentru thread #8
[21:12:16] 📥 Primit de la student: GET_ACTIVE_USERS:8
[21:12:23] 📥 Primit de la student: GET_COMMENTS:8
[21:12:23] 📤 Trimis 3 comentarii pentru thread #8
[21:12:23] 📥 Primit de la student: GET_ACTIVE_USERS:8
[21:12:30] 📥 Primit de la student: GET_COMMENTS:8
[21:12:30] 📤 Trimis 3 comentarii pentru thread #8
[21:12:30] 📥 Primit de la student: GET_ACTIVE_USERS:8
[21:12:37] 📥 Primit de la student: GET_THREADS
[21:12:37] 📤 Trimis 9 thread-uri către student
[21:12:37] 📥 Primit de la student: GET_ACTIVE_USERS:8
[21:12:37] 📥 Primit de la student: HEARTBEAT:sess_1769106606737_1:1:8
[21:12:37] 📥 Primit de la student: GET_COMMENTS:8
[21:12:37] 📤 Trimis 3 comentarii pentru thread #8
[21:12:37] 📥 Primit de la student: GET_ACTIVE_USERS:8
[21:12:44] 📥 Primit de la student: GET_COMMENTS:8
[21:12:44] 📤 Trimis 3 comentarii pentru thread #8
[21:12:44] 📥 Primit de la student: GET_ACTIVE_USERS:8
[21:12:51] 📥 Primit de la student: GET_COMMENTS:8
[21:12:51] 📤 Trimis 3 comentarii pentru thread #8
[21:12:51] 📥 Primit de la student: GET_ACTIVE_USERS:8
[21:12:58] 📥 Primit de la student: GET_COMMENTS:8
[21:12:58] 📤 Trimis 3 comentarii pentru thread #8
[21:12:58] 📥 Primit de la student: GET_ACTIVE_USERS:8
[21:13:05] 📥 Primit de la student: GET_COMMENTS:8
[21:13:05] 📤 Trimis 3 comentarii pentru thread #8
[21:13:05] 📥 Primit de la student: GET_ACTIVE_USERS:8
[21:13:07] 📥 Primit de la student: GET_THREADS
[21:13:07] 📤 Trimis 9 thread-uri către student
[21:13:07] 📥 Primit de la student: GET_ACTIVE_USERS:8
[21:13:07] 📥 Primit de la student: HEARTBEAT:sess_1769106606737_1:1:8
[21:13:12] 📥 Primit de la student: GET_COMMENTS:8
[21:13:12] 📤 Trimis 3 comentarii pentru thread #8
[21:13:12] 📥 Primit de la student: GET_ACTIVE_USERS:8
[21:13:19] 📥 Primit de la student: GET_COMMENTS:8
[21:13:19] 📤 Trimis 3 comentarii pentru thread #8
[21:13:19] 📥 Primit de la student: GET_ACTIVE_USERS:8
[21:13:26] 📥 Primit de la student: GET_COMMENTS:8
[21:13:26] 📤 Trimis 3 comentarii pentru thread #8
[21:13:26] 📥 Primit de la student: GET_ACTIVE_USERS:8
[21:13:33] 📥 Primit de la student: GET_COMMENTS:8
[21:13:33] 📤 Trimis 3 comentarii pentru thread #8
[21:13:33] 📥 Primit de la student: GET_ACTIVE_USERS:8
[21:13:37] 📥 Primit de la student: GET_THREADS
[21:13:37] 📤 Trimis 9 thread-uri către student
[21:13:37] 📥 Primit de la student: GET_ACTIVE_USERS:8
[21:13:37] 📥 Primit de la student: HEARTBEAT:sess_1769106606737_1:1:8
[21:13:40] 📥 Primit de la student: GET_COMMENTS:8
[21:13:40] 📤 Trimis 3 comentarii pentru thread #8
[21:13:40] 📥 Primit de la student: GET_ACTIVE_USERS:8
[21:13:47] 📥 Primit de la student: GET_COMMENTS:8
[21:13:47] 📤 Trimis 3 comentarii pentru thread #8
[21:13:47] 📥 Primit de la student: GET_ACTIVE_USERS:8
[21:13:54] 📥 Primit de la student: GET_COMMENTS:8
[21:13:54] 📤 Trimis 3 comentarii pentru thread #8
[21:13:54] 📥 Primit de la student: GET_ACTIVE_USERS:8
[21:14:01] 📥 Primit de la student: GET_COMMENTS:8
[21:14:01] 📤 Trimis 3 comentarii pentru thread #8
[21:14:01] 📥 Primit de la student: GET_ACTIVE_USERS:8
[21:14:07] 📥 Primit de la student: GET_THREADS
[21:14:07] 📤 Trimis 9 thread-uri către student
[21:14:07] 📥 Primit de la student: GET_ACTIVE_USERS:8
[21:14:07] 📥 Primit de la student: HEARTBEAT:sess_1769106606737_1:1:8
[21:14:08] 📥 Primit de la student: GET_COMMENTS:8
[21:14:08] 📤 Trimis 3 comentarii pentru thread #8
[21:14:08] 📥 Primit de la student: GET_ACTIVE_USERS:8
[21:14:15] 📥 Primit de la student: GET_COMMENTS:8
[21:14:15] 📤 Trimis 3 comentarii pentru thread #8
[21:14:15] 📥 Primit de la student: GET_ACTIVE_USERS:8
[21:14:22] 📥 Primit de la student: GET_COMMENTS:8
[21:14:22] 📤 Trimis 3 comentarii pentru thread #8
[21:14:22] 📥 Primit de la student: GET_ACTIVE_USERS:8
[21:14:29] 📥 Primit de la student: GET_COMMENTS:8
[21:14:29] 📤 Trimis 3 comentarii pentru thread #8
[21:14:29] 📥 Primit de la student: GET_ACTIVE_USERS:8
[21:14:36] 📥 Primit de la student: GET_COMMENTS:8
[21:14:36] 📤 Trimis 3 comentarii pentru thread #8
[21:14:36] 📥 Primit de la student: GET_ACTIVE_USERS:8
[21:14:37] 📥 Primit de la student: GET_THREADS
[21:14:37] 📤 Trimis 9 thread-uri către student
[21:14:37] 📥 Primit de la student: GET_ACTIVE_USERS:8
[21:14:37] 📥 Primit de la student: HEARTBEAT:sess_1769106606737_1:1:8
[21:14:43] 📥 Primit de la student: GET_COMMENTS:8
[21:14:43] 📤 Trimis 3 comentarii pentru thread #8
[21:14:43] 📥 Primit de la student: GET_ACTIVE_USERS:8
[21:14:50] 📥 Primit de la student: GET_COMMENTS:8
[21:14:50] 📤 Trimis 3 comentarii pentru thread #8
[21:14:50] 📥 Primit de la student: GET_ACTIVE_USERS:8
[21:14:57] 📥 Primit de la student: GET_COMMENTS:8
[21:14:57] 📤 Trimis 3 comentarii pentru thread #8
[21:14:57] 📥 Primit de la student: GET_ACTIVE_USERS:8
[21:15:04] 📥 Primit de la student: GET_COMMENTS:8
[21:15:04] 📤 Trimis 3 comentarii pentru thread #8
[21:15:04] 📥 Primit de la student: GET_ACTIVE_USERS:8
[21:15:07] 📥 Primit de la student: GET_THREADS
[21:15:07] 📤 Trimis 9 thread-uri către student
[21:15:07] 📥 Primit de la student: GET_ACTIVE_USERS:8
[21:15:07] 📥 Primit de la student: HEARTBEAT:sess_1769106606737_1:1:8
[21:15:11] 📥 Primit de la student: GET_COMMENTS:8
[21:15:11] 📤 Trimis 3 comentarii pentru thread #8
[21:15:11] 📥 Primit de la student: GET_ACTIVE_USERS:8
[21:15:18] 📥 Primit de la student: GET_COMMENTS:8
[21:15:18] 📤 Trimis 3 comentarii pentru thread #8
[21:15:18] 📥 Primit de la student: GET_ACTIVE_USERS:8
[21:15:25] 📥 Primit de la student: GET_COMMENTS:8
[21:15:25] 📤 Trimis 3 comentarii pentru thread #8
[21:15:25] 📥 Primit de la student: GET_ACTIVE_USERS:8
[21:15:32] 📥 Primit de la student: GET_COMMENTS:8
[21:15:32] 📤 Trimis 3 comentarii pentru thread #8
[21:15:32] 📥 Primit de la student: GET_ACTIVE_USERS:8
[21:15:37] 📥 Primit de la student: GET_THREADS
[21:15:37] 📤 Trimis 9 thread-uri către student
[21:15:37] 📥 Primit de la student: GET_ACTIVE_USERS:8
[21:15:37] 📥 Primit de la student: HEARTBEAT:sess_1769106606737_1:1:8
[21:15:39] 📥 Primit de la student: GET_COMMENTS:8
[21:15:39] 📤 Trimis 3 comentarii pentru thread #8
[21:15:39] 📥 Primit de la student: GET_ACTIVE_USERS:8
[21:15:46] 📥 Primit de la student: GET_COMMENTS:8
[21:15:46] 📤 Trimis 3 comentarii pentru thread #8
[21:15:46] 📥 Primit de la student: GET_ACTIVE_USERS:8
[21:15:53] 📥 Primit de la student: GET_COMMENTS:8
[21:15:53] 📤 Trimis 3 comentarii pentru thread #8
[21:15:53] 📥 Primit de la student: GET_ACTIVE_USERS:8
[21:16:00] 📥 Primit de la student: GET_COMMENTS:8
[21:16:00] 📤 Trimis 3 comentarii pentru thread #8
[21:16:00] 📥 Primit de la student: GET_ACTIVE_USERS:8
[21:16:07] 📥 Primit de la student: GET_THREADS
[21:16:07] 📤 Trimis 9 thread-uri către student
[21:16:07] 📥 Primit de la student: GET_ACTIVE_USERS:8
[21:16:07] 📥 Primit de la student: HEARTBEAT:sess_1769106606737_1:1:8
[21:16:07] 📥 Primit de la student: GET_COMMENTS:8
[21:16:07] 📤 Trimis 3 comentarii pentru thread #8
[21:16:07] 📥 Primit de la student: GET_ACTIVE_USERS:8
[21:16:14] 📥 Primit de la student: GET_COMMENTS:8
[21:16:14] 📤 Trimis 3 comentarii pentru thread #8
[21:16:14] 📥 Primit de la student: GET_ACTIVE_USERS:8
[21:16:21] 📥 Primit de la student: GET_COMMENTS:8
[21:16:21] 📤 Trimis 3 comentarii pentru thread #8
[21:16:21] 📥 Primit de la student: GET_ACTIVE_USERS:8
[21:16:28] 📥 Primit de la student: GET_COMMENTS:8
[21:16:28] 📤 Trimis 3 comentarii pentru thread #8
[21:16:28] 📥 Primit de la student: GET_ACTIVE_USERS:8
[21:16:35] 📥 Primit de la student: GET_COMMENTS:8
[21:16:35] 📤 Trimis 3 comentarii pentru thread #8
[21:16:35] 📥 Primit de la student: GET_ACTIVE_USERS:8
[21:16:37] 📥 Primit de la student: GET_THREADS
[21:16:37] 📤 Trimis 9 thread-uri către student
[21:16:37] 📥 Primit de la student: GET_ACTIVE_USERS:8
[21:16:37] 📥 Primit de la student: HEARTBEAT:sess_1769106606737_1:1:8
[21:16:42] 📥 Primit de la student: GET_COMMENTS:8
[21:16:42] 📤 Trimis 3 comentarii pentru thread #8
[21:16:42] 📥 Primit de la student: GET_ACTIVE_USERS:8
[21:16:49] 📥 Primit de la student: GET_COMMENTS:8
[21:16:49] 📤 Trimis 3 comentarii pentru thread #8
[21:16:49] 📥 Primit de la student: GET_ACTIVE_USERS:8
[21:16:56] 📥 Primit de la student: GET_COMMENTS:8
[21:16:56] 📤 Trimis 3 comentarii pentru thread #8
[21:16:56] 📥 Primit de la student: GET_ACTIVE_USERS:8
[21:17:03] 📥 Primit de la student: GET_COMMENTS:8
[21:17:03] 📤 Trimis 3 comentarii pentru thread #8
[21:17:03] 📥 Primit de la student: GET_ACTIVE_USERS:8
[21:17:07] 📥 Primit de la student: GET_THREADS
[21:17:07] 📤 Trimis 9 thread-uri către student
[21:17:07] 📥 Primit de la student: GET_ACTIVE_USERS:8
[21:17:07] 📥 Primit de la student: HEARTBEAT:sess_1769106606737_1:1:8
[21:17:10] 📥 Primit de la student: GET_COMMENTS:8
[21:17:10] 📤 Trimis 3 comentarii pentru thread #8
[21:17:10] 📥 Primit de la student: GET_ACTIVE_USERS:8
[21:17:17] 📥 Primit de la student: GET_COMMENTS:8
[21:17:17] 📤 Trimis 3 comentarii pentru thread #8
[21:17:17] 📥 Primit de la student: GET_ACTIVE_USERS:8
[21:17:24] 📥 Primit de la student: GET_COMMENTS:8
[21:17:24] 📤 Trimis 3 comentarii pentru thread #8
[21:17:24] 📥 Primit de la student: GET_ACTIVE_USERS:8
[21:17:31] 📥 Primit de la student: GET_COMMENTS:8
[21:17:31] 📤 Trimis 3 comentarii pentru thread #8
[21:17:31] 📥 Primit de la student: GET_ACTIVE_USERS:8
[21:17:37] 📥 Primit de la student: GET_THREADS
[21:17:37] 📤 Trimis 9 thread-uri către student
[21:17:37] 📥 Primit de la student: GET_ACTIVE_USERS:8
[21:17:37] 📥 Primit de la student: HEARTBEAT:sess_1769106606737_1:1:8
[21:17:38] 📥 Primit de la student: GET_COMMENTS:8
[21:17:38] 📤 Trimis 3 comentarii pentru thread #8
[21:17:38] 📥 Primit de la student: GET_ACTIVE_USERS:8
[21:17:45] 📥 Primit de la student: GET_COMMENTS:8
[21:17:45] 📤 Trimis 3 comentarii pentru thread #8
[21:17:45] 📥 Primit de la student: GET_ACTIVE_USERS:8
[21:17:52] 📥 Primit de la student: GET_COMMENTS:8
[21:17:52] 📤 Trimis 3 comentarii pentru thread #8
[21:17:52] 📥 Primit de la student: GET_ACTIVE_USERS:8
[21:17:59] 📥 Primit de la student: GET_COMMENTS:8
[21:17:59] 📤 Trimis 3 comentarii pentru thread #8
[21:17:59] 📥 Primit de la student: GET_ACTIVE_USERS:8
[21:18:06] 📥 Primit de la student: GET_COMMENTS:8
[21:18:06] 📤 Trimis 3 comentarii pentru thread #8
[21:18:06] 📥 Primit de la student: GET_ACTIVE_USERS:8
[21:18:07] 📥 Primit de la student: GET_THREADS
[21:18:07] 📤 Trimis 9 thread-uri către student
[21:18:07] 📥 Primit de la student: GET_ACTIVE_USERS:8
[21:18:07] 📥 Primit de la student: HEARTBEAT:sess_1769106606737_1:1:8
[21:18:13] 📥 Primit de la student: GET_COMMENTS:8
[21:18:13] 📤 Trimis 3 comentarii pentru thread #8
[21:18:13] 📥 Primit de la student: GET_ACTIVE_USERS:8
[21:18:20] 📥 Primit de la student: GET_COMMENTS:8
[21:18:20] 📤 Trimis 3 comentarii pentru thread #8
[21:18:20] 📥 Primit de la student: GET_ACTIVE_USERS:8
[21:18:27] 📥 Primit de la student: GET_COMMENTS:8
[21:18:27] 📤 Trimis 3 comentarii pentru thread #8
[21:18:27] 📥 Primit de la student: GET_ACTIVE_USERS:8
[21:18:34] 📥 Primit de la student: GET_COMMENTS:8
[21:18:34] 📤 Trimis 3 comentarii pentru thread #8
[21:18:34] 📥 Primit de la student: GET_ACTIVE_USERS:8
[21:18:37] 📥 Primit de la student: GET_THREADS
[21:18:37] 📤 Trimis 9 thread-uri către student
[21:18:37] 📥 Primit de la student: GET_ACTIVE_USERS:8
[21:18:37] 📥 Primit de la student: HEARTBEAT:sess_1769106606737_1:1:8
[21:18:41] 📥 Primit de la student: GET_COMMENTS:8
[21:18:41] 📤 Trimis 3 comentarii pentru thread #8
[21:18:41] 📥 Primit de la student: GET_ACTIVE_USERS:8
[21:18:48] 📥 Primit de la student: GET_COMMENTS:8
[21:18:48] 📤 Trimis 3 comentarii pentru thread #8
[21:18:48] 📥 Primit de la student: GET_ACTIVE_USERS:8
[21:18:55] 📥 Primit de la student: GET_COMMENTS:8
[21:18:55] 📤 Trimis 3 comentarii pentru thread #8
[21:18:55] 📥 Primit de la student: GET_ACTIVE_USERS:8
[21:19:02] 📥 Primit de la student: GET_COMMENTS:8
[21:19:02] 📤 Trimis 3 comentarii pentru thread #8
[21:19:02] 📥 Primit de la student: GET_ACTIVE_USERS:8
[21:19:07] 📥 Primit de la student: GET_THREADS
[21:19:07] 📤 Trimis 9 thread-uri către student
[21:19:07] 📥 Primit de la student: GET_ACTIVE_USERS:8
[21:19:07] 📥 Primit de la student: HEARTBEAT:sess_1769106606737_1:1:8
[21:19:09] 📥 Primit de la student: GET_COMMENTS:8
[21:19:09] 📤 Trimis 3 comentarii pentru thread #8
[21:19:09] 📥 Primit de la student: GET_ACTIVE_USERS:8
[21:19:16] 📥 Primit de la student: GET_COMMENTS:8
[21:19:16] 📤 Trimis 3 comentarii pentru thread #8
[21:19:16] 📥 Primit de la student: GET_ACTIVE_USERS:8
[21:19:23] 📥 Primit de la student: GET_COMMENTS:8
[21:19:23] 📤 Trimis 3 comentarii pentru thread #8
[21:19:23] 📥 Primit de la student: GET_ACTIVE_USERS:8
[21:19:30] 📥 Primit de la student: GET_COMMENTS:8
[21:19:30] 📤 Trimis 3 comentarii pentru thread #8
[21:19:30] 📥 Primit de la student: GET_ACTIVE_USERS:8
[21:19:37] 📥 Primit de la student: GET_THREADS
[21:19:37] 📤 Trimis 9 thread-uri către student
[21:19:37] 📥 Primit de la student: GET_ACTIVE_USERS:8
[21:19:37] 📥 Primit de la student: HEARTBEAT:sess_1769106606737_1:1:8
[21:19:37] 📥 Primit de la student: GET_COMMENTS:8
[21:19:37] 📤 Trimis 3 comentarii pentru thread #8
[21:19:37] 📥 Primit de la student: GET_ACTIVE_USERS:8
[21:19:44] 📥 Primit de la student: GET_COMMENTS:8
[21:19:44] 📤 Trimis 3 comentarii pentru thread #8
[21:19:44] 📥 Primit de la student: GET_ACTIVE_USERS:8
[21:19:51] 📥 Primit de la student: GET_COMMENTS:8
[21:19:51] 📤 Trimis 3 comentarii pentru thread #8
[21:19:51] 📥 Primit de la student: GET_ACTIVE_USERS:8
[21:19:58] 📥 Primit de la student: GET_COMMENTS:8
[21:19:58] 📤 Trimis 3 comentarii pentru thread #8
[21:19:58] 📥 Primit de la student: GET_ACTIVE_USERS:8
[21:20:05] 📥 Primit de la student: GET_COMMENTS:8
[21:20:05] 📤 Trimis 3 comentarii pentru thread #8
[21:20:05] 📥 Primit de la student: GET_ACTIVE_USERS:8
[21:20:07] 📥 Primit de la student: GET_THREADS
[21:20:07] 📤 Trimis 9 thread-uri către student
[21:20:07] 📥 Primit de la student: GET_ACTIVE_USERS:8
[21:20:07] 📥 Primit de la student: HEARTBEAT:sess_1769106606737_1:1:8
[21:20:12] 📥 Primit de la student: GET_COMMENTS:8
[21:20:12] 📤 Trimis 3 comentarii pentru thread #8
[21:20:12] 📥 Primit de la student: GET_ACTIVE_USERS:8
[21:20:19] 📥 Primit de la student: GET_COMMENTS:8
[21:20:19] 📤 Trimis 3 comentarii pentru thread #8
[21:20:19] 📥 Primit de la student: GET_ACTIVE_USERS:8
[21:20:26] 📥 Primit de la student: GET_COMMENTS:8
[21:20:26] 📤 Trimis 3 comentarii pentru thread #8
[21:20:26] 📥 Primit de la student: GET_ACTIVE_USERS:8
[21:20:33] 📥 Primit de la student: GET_COMMENTS:8
[21:20:33] 📤 Trimis 3 comentarii pentru thread #8
[21:20:33] 📥 Primit de la student: GET_ACTIVE_USERS:8
[21:20:37] 📥 Primit de la student: GET_THREADS
[21:20:37] 📤 Trimis 9 thread-uri către student
[21:20:37] 📥 Primit de la student: GET_ACTIVE_USERS:8
[21:20:37] 📥 Primit de la student: HEARTBEAT:sess_1769106606737_1:1:8
[21:20:40] 📥 Primit de la student: GET_COMMENTS:8
[21:20:40] 📤 Trimis 3 comentarii pentru thread #8
[21:20:40] 📥 Primit de la student: GET_ACTIVE_USERS:8
[21:20:47] 📥 Primit de la student: GET_COMMENTS:8
[21:20:47] 📤 Trimis 3 comentarii pentru thread #8
[21:20:47] 📥 Primit de la student: GET_ACTIVE_USERS:8
[21:20:54] 📥 Primit de la student: GET_COMMENTS:8
[21:20:54] 📤 Trimis 3 comentarii pentru thread #8
[21:20:54] 📥 Primit de la student: GET_ACTIVE_USERS:8
[21:21:01] 📥 Primit de la student: GET_COMMENTS:8
[21:21:01] 📤 Trimis 3 comentarii pentru thread #8
[21:21:01] 📥 Primit de la student: GET_ACTIVE_USERS:8
[21:21:07] 📥 Primit de la student: GET_THREADS
[21:21:07] 📤 Trimis 9 thread-uri către student
[21:21:07] 📥 Primit de la student: GET_ACTIVE_USERS:8
[21:21:07] 📥 Primit de la student: HEARTBEAT:sess_1769106606737_1:1:8
[21:21:08] 📥 Primit de la student: GET_COMMENTS:8
[21:21:08] 📤 Trimis 3 comentarii pentru thread #8
[21:21:08] 📥 Primit de la student: GET_ACTIVE_USERS:8
[21:21:15] 📥 Primit de la student: GET_COMMENTS:8
[21:21:15] 📤 Trimis 3 comentarii pentru thread #8
[21:21:15] 📥 Primit de la student: GET_ACTIVE_USERS:8
[21:21:22] 📥 Primit de la student: GET_COMMENTS:8
[21:21:22] 📤 Trimis 3 comentarii pentru thread #8
[21:21:22] 📥 Primit de la student: GET_ACTIVE_USERS:8
[21:21:29] 📥 Primit de la student: GET_COMMENTS:8
[21:21:29] 📤 Trimis 3 comentarii pentru thread #8
[21:21:29] 📥 Primit de la student: GET_ACTIVE_USERS:8
[21:21:36] 📥 Primit de la student: GET_COMMENTS:8
[21:21:36] 📤 Trimis 3 comentarii pentru thread #8
[21:21:36] 📥 Primit de la student: GET_ACTIVE_USERS:8
[21:21:37] 📥 Primit de la student: GET_THREADS
[21:21:37] 📤 Trimis 9 thread-uri către student
[21:21:37] 📥 Primit de la student: GET_ACTIVE_USERS:8
[21:21:37] 📥 Primit de la student: HEARTBEAT:sess_1769106606737_1:1:8
[21:21:43] 📥 Primit de la student: GET_COMMENTS:8
[21:21:43] 📤 Trimis 3 comentarii pentru thread #8
[21:21:43] 📥 Primit de la student: GET_ACTIVE_USERS:8
[21:21:50] 📥 Primit de la student: GET_COMMENTS:8
[21:21:50] 📤 Trimis 3 comentarii pentru thread #8
[21:21:50] 📥 Primit de la student: GET_ACTIVE_USERS:8
[21:21:57] 📥 Primit de la student: GET_COMMENTS:8
[21:21:57] 📤 Trimis 3 comentarii pentru thread #8
[21:21:57] 📥 Primit de la student: GET_ACTIVE_USERS:8
[21:22:04] 📥 Primit de la student: GET_COMMENTS:8
[21:22:04] 📤 Trimis 3 comentarii pentru thread #8
[21:22:04] 📥 Primit de la student: GET_ACTIVE_USERS:8
[21:22:07] 📥 Primit de la student: GET_THREADS
[21:22:07] 📤 Trimis 9 thread-uri către student
[21:22:07] 📥 Primit de la student: GET_ACTIVE_USERS:8
[21:22:07] 📥 Primit de la student: HEARTBEAT:sess_1769106606737_1:1:8
[21:22:11] 📥 Primit de la student: GET_COMMENTS:8
[21:22:11] 📤 Trimis 3 comentarii pentru thread #8
[21:22:11] 📥 Primit de la student: GET_ACTIVE_USERS:8
[21:22:18] 📥 Primit de la student: GET_COMMENTS:8
[21:22:18] 📤 Trimis 3 comentarii pentru thread #8
[21:22:18] 📥 Primit de la student: GET_ACTIVE_USERS:8
[21:22:25] 📥 Primit de la student: GET_COMMENTS:8
[21:22:25] 📤 Trimis 3 comentarii pentru thread #8
[21:22:25] 📥 Primit de la student: GET_ACTIVE_USERS:8
[21:22:32] 📥 Primit de la student: GET_COMMENTS:8
[21:22:32] 📤 Trimis 3 comentarii pentru thread #8
[21:22:32] 📥 Primit de la student: GET_ACTIVE_USERS:8
[21:22:37] 📥 Primit de la student: GET_THREADS
[21:22:37] 📤 Trimis 9 thread-uri către student
[21:22:37] 📥 Primit de la student: GET_ACTIVE_USERS:8
[21:22:37] 📥 Primit de la student: HEARTBEAT:sess_1769106606737_1:1:8
[21:22:39] 📥 Primit de la student: GET_COMMENTS:8
[21:22:39] 📤 Trimis 3 comentarii pentru thread #8
[21:22:39] 📥 Primit de la student: GET_ACTIVE_USERS:8
[21:22:46] 📥 Primit de la student: GET_COMMENTS:8
[21:22:46] 📤 Trimis 3 comentarii pentru thread #8
[21:22:46] 📥 Primit de la student: GET_ACTIVE_USERS:8
[21:22:53] 📥 Primit de la student: GET_COMMENTS:8
[21:22:53] 📤 Trimis 3 comentarii pentru thread #8
[21:22:53] 📥 Primit de la student: GET_ACTIVE_USERS:8
[21:23:00] 📥 Primit de la student: GET_COMMENTS:8
[21:23:00] 📤 Trimis 3 comentarii pentru thread #8
[21:23:00] 📥 Primit de la student: GET_ACTIVE_USERS:8
[21:23:07] 📥 Primit de la student: GET_THREADS
[21:23:07] 📤 Trimis 9 thread-uri către student
[21:23:07] 📥 Primit de la student: GET_ACTIVE_USERS:8
[21:23:07] 📥 Primit de la student: HEARTBEAT:sess_1769106606737_1:1:8
[21:23:07] 📥 Primit de la student: GET_COMMENTS:8
[21:23:07] 📤 Trimis 3 comentarii pentru thread #8
[21:23:07] 📥 Primit de la student: GET_ACTIVE_USERS:8
[21:23:14] 📥 Primit de la student: GET_COMMENTS:8
[21:23:14] 📤 Trimis 3 comentarii pentru thread #8
[21:23:14] 📥 Primit de la student: GET_ACTIVE_USERS:8
[21:23:21] 📥 Primit de la student: GET_COMMENTS:8
[21:23:21] 📤 Trimis 3 comentarii pentru thread #8
[21:23:21] 📥 Primit de la student: GET_ACTIVE_USERS:8
[21:23:28] 📥 Primit de la student: GET_COMMENTS:8
[21:23:28] 📤 Trimis 3 comentarii pentru thread #8
[21:23:28] 📥 Primit de la student: GET_ACTIVE_USERS:8
[21:23:35] 📥 Primit de la student: GET_COMMENTS:8
[21:23:35] 📤 Trimis 3 comentarii pentru thread #8
[21:23:35] 📥 Primit de la student: GET_ACTIVE_USERS:8
[21:23:37] 📥 Primit de la student: GET_THREADS
[21:23:37] 📤 Trimis 9 thread-uri către student
[21:23:37] 📥 Primit de la student: GET_ACTIVE_USERS:8
[21:23:37] 📥 Primit de la student: HEARTBEAT:sess_1769106606737_1:1:8
[21:23:42] 📥 Primit de la student: GET_COMMENTS:8
[21:23:42] 📤 Trimis 3 comentarii pentru thread #8
[21:23:42] 📥 Primit de la student: GET_ACTIVE_USERS:8
[21:23:49] 📥 Primit de la student: GET_COMMENTS:8
[21:23:49] 📤 Trimis 3 comentarii pentru thread #8
[21:23:49] 📥 Primit de la student: GET_ACTIVE_USERS:8
[21:23:56] 📥 Primit de la student: GET_COMMENTS:8
[21:23:56] 📤 Trimis 3 comentarii pentru thread #8
[21:23:56] 📥 Primit de la student: GET_ACTIVE_USERS:8
[21:24:03] 📥 Primit de la student: GET_COMMENTS:8
[21:24:03] 📤 Trimis 3 comentarii pentru thread #8
[21:24:03] 📥 Primit de la student: GET_ACTIVE_USERS:8
[21:24:07] 📥 Primit de la student: GET_THREADS
[21:24:07] 📤 Trimis 9 thread-uri către student
[21:24:07] 📥 Primit de la student: GET_ACTIVE_USERS:8
[21:24:07] 📥 Primit de la student: HEARTBEAT:sess_1769106606737_1:1:8
[21:24:10] 📥 Primit de la student: GET_COMMENTS:8
[21:24:10] 📤 Trimis 3 comentarii pentru thread #8
[21:24:10] 📥 Primit de la student: GET_ACTIVE_USERS:8
[21:24:17] 📥 Primit de la student: GET_COMMENTS:8
[21:24:17] 📤 Trimis 3 comentarii pentru thread #8
[21:24:17] 📥 Primit de la student: GET_ACTIVE_USERS:8
[21:24:24] 📥 Primit de la student: GET_COMMENTS:8
[21:24:24] 📤 Trimis 3 comentarii pentru thread #8
[21:24:24] 📥 Primit de la student: GET_ACTIVE_USERS:8
[21:24:31] 📥 Primit de la student: GET_COMMENTS:8
[21:24:31] 📤 Trimis 3 comentarii pentru thread #8
[21:24:31] 📥 Primit de la student: GET_ACTIVE_USERS:8
[21:24:37] 📥 Primit de la student: GET_THREADS
[21:24:37] 📤 Trimis 9 thread-uri către student
[21:24:37] 📥 Primit de la student: GET_ACTIVE_USERS:8
[21:24:37] 📥 Primit de la student: HEARTBEAT:sess_1769106606737_1:1:8
[21:24:38] 📥 Primit de la student: GET_COMMENTS:8
[21:24:38] 📤 Trimis 3 comentarii pentru thread #8
[21:24:38] 📥 Primit de la student: GET_ACTIVE_USERS:8
[21:24:45] 📥 Primit de la student: GET_COMMENTS:8
[21:24:45] 📤 Trimis 3 comentarii pentru thread #8
[21:24:45] 📥 Primit de la student: GET_ACTIVE_USERS:8
[21:24:52] 📥 Primit de la student: GET_COMMENTS:8
[21:24:52] 📤 Trimis 3 comentarii pentru thread #8
[21:24:52] 📥 Primit de la student: GET_ACTIVE_USERS:8
[21:24:59] 📥 Primit de la student: GET_COMMENTS:8
[21:24:59] 📤 Trimis 3 comentarii pentru thread #8
[21:24:59] 📥 Primit de la student: GET_ACTIVE_USERS:8
[21:25:06] 📥 Primit de la student: GET_COMMENTS:8
[21:25:06] 📤 Trimis 3 comentarii pentru thread #8
[21:25:06] 📥 Primit de la student: GET_ACTIVE_USERS:8
[21:25:07] 📥 Primit de la student: GET_THREADS
[21:25:07] 📤 Trimis 9 thread-uri către student
[21:25:07] 📥 Primit de la student: GET_ACTIVE_USERS:8
[21:25:07] 📥 Primit de la student: HEARTBEAT:sess_1769106606737_1:1:8
[21:25:13] 📥 Primit de la student: GET_COMMENTS:8
[21:25:13] 📤 Trimis 3 comentarii pentru thread #8
[21:25:13] 📥 Primit de la student: GET_ACTIVE_USERS:8
[21:25:20] 📥 Primit de la student: GET_COMMENTS:8
[21:25:20] 📤 Trimis 3 comentarii pentru thread #8
[21:25:20] 📥 Primit de la student: GET_ACTIVE_USERS:8
[21:25:27] 📥 Primit de la student: GET_COMMENTS:8
[21:25:27] 📤 Trimis 3 comentarii pentru thread #8
[21:25:27] 📥 Primit de la student: GET_ACTIVE_USERS:8
[21:25:34] 📥 Primit de la student: GET_COMMENTS:8
[21:25:34] 📤 Trimis 3 comentarii pentru thread #8
[21:25:34] 📥 Primit de la student: GET_ACTIVE_USERS:8
[21:25:37] 📥 Primit de la student: GET_THREADS
[21:25:37] 📤 Trimis 9 thread-uri către student
[21:25:37] 📥 Primit de la student: GET_ACTIVE_USERS:8
[21:25:37] 📥 Primit de la student: HEARTBEAT:sess_1769106606737_1:1:8
[21:25:41] 📥 Primit de la student: GET_COMMENTS:8
[21:25:41] 📤 Trimis 3 comentarii pentru thread #8
[21:25:41] 📥 Primit de la student: GET_ACTIVE_USERS:8
[21:25:48] 📥 Primit de la student: GET_COMMENTS:8
[21:25:48] 📤 Trimis 3 comentarii pentru thread #8
[21:25:48] 📥 Primit de la student: GET_ACTIVE_USERS:8
[21:25:56] 📥 Primit de la student: GET_COMMENTS:8
[21:25:56] 📤 Trimis 3 comentarii pentru thread #8
[21:25:56] 📥 Primit de la student: GET_ACTIVE_USERS:8
[21:26:03] 📥 Primit de la student: GET_COMMENTS:8
[21:26:03] 📤 Trimis 3 comentarii pentru thread #8
[21:26:03] 📥 Primit de la student: GET_ACTIVE_USERS:8
[21:26:07] 📥 Primit de la student: GET_THREADS
[21:26:07] 📤 Trimis 9 thread-uri către student
[21:26:07] 📥 Primit de la student: GET_ACTIVE_USERS:8
[21:26:07] 📥 Primit de la student: HEARTBEAT:sess_1769106606737_1:1:8
[21:26:10] 📥 Primit de la student: GET_COMMENTS:8
[21:26:10] 📤 Trimis 3 comentarii pentru thread #8
[21:26:10] 📥 Primit de la student: GET_ACTIVE_USERS:8
[21:26:17] 📥 Primit de la student: GET_COMMENTS:8
[21:26:17] 📤 Trimis 3 comentarii pentru thread #8
[21:26:17] 📥 Primit de la student: GET_ACTIVE_USERS:8
[21:26:24] 📥 Primit de la student: GET_COMMENTS:8
[21:26:24] 📤 Trimis 3 comentarii pentru thread #8
[21:26:24] 📥 Primit de la student: GET_ACTIVE_USERS:8
[21:26:31] 📥 Primit de la student: GET_COMMENTS:8
[21:26:31] 📤 Trimis 3 comentarii pentru thread #8
[21:26:31] 📥 Primit de la student: GET_ACTIVE_USERS:8
[21:26:37] 📥 Primit de la student: GET_THREADS
[21:26:37] 📤 Trimis 9 thread-uri către student
[21:26:37] 📥 Primit de la student: GET_ACTIVE_USERS:8
[21:26:37] 📥 Primit de la student: HEARTBEAT:sess_1769106606737_1:1:8
[21:26:38] 📥 Primit de la student: GET_COMMENTS:8
[21:26:38] 📤 Trimis 3 comentarii pentru thread #8
[21:26:38] 📥 Primit de la student: GET_ACTIVE_USERS:8
[21:26:45] 📥 Primit de la student: GET_COMMENTS:8
[21:26:45] 📤 Trimis 3 comentarii pentru thread #8
[21:26:45] 📥 Primit de la student: GET_ACTIVE_USERS:8
[21:26:52] 📥 Primit de la student: GET_COMMENTS:8
[21:26:52] 📤 Trimis 3 comentarii pentru thread #8
[21:26:52] 📥 Primit de la student: GET_ACTIVE_USERS:8
[21:26:59] 📥 Primit de la student: GET_COMMENTS:8
[21:26:59] 📤 Trimis 3 comentarii pentru thread #8
[21:26:59] 📥 Primit de la student: GET_ACTIVE_USERS:8
[21:27:06] 📥 Primit de la student: GET_COMMENTS:8
[21:27:06] 📤 Trimis 3 comentarii pentru thread #8
[21:27:06] 📥 Primit de la student: GET_ACTIVE_USERS:8
[21:27:07] 📥 Primit de la student: GET_THREADS
[21:27:07] 📤 Trimis 9 thread-uri către student
[21:27:07] 📥 Primit de la student: GET_ACTIVE_USERS:8
[21:27:07] 📥 Primit de la student: HEARTBEAT:sess_1769106606737_1:1:8
[21:27:13] 📥 Primit de la student: GET_COMMENTS:8
[21:27:13] 📤 Trimis 3 comentarii pentru thread #8
[21:27:13] 📥 Primit de la student: GET_ACTIVE_USERS:8
[21:27:20] 📥 Primit de la student: GET_COMMENTS:8
[21:27:20] 📤 Trimis 3 comentarii pentru thread #8
[21:27:20] 📥 Primit de la student: GET_ACTIVE_USERS:8
[21:27:27] 📥 Primit de la student: GET_COMMENTS:8
[21:27:27] 📤 Trimis 3 comentarii pentru thread #8
[21:27:27] 📥 Primit de la student: GET_ACTIVE_USERS:8
[21:27:34] 📥 Primit de la student: GET_COMMENTS:8
[21:27:34] 📤 Trimis 3 comentarii pentru thread #8
[21:27:34] 📥 Primit de la student: GET_ACTIVE_USERS:8
[21:27:37] 📥 Primit de la student: GET_THREADS
[21:27:37] 📤 Trimis 9 thread-uri către student
[21:27:37] 📥 Primit de la student: GET_ACTIVE_USERS:8
[21:27:37] 📥 Primit de la student: HEARTBEAT:sess_1769106606737_1:1:8
[21:27:41] 📥 Primit de la student: GET_COMMENTS:8
[21:27:41] 📤 Trimis 3 comentarii pentru thread #8
[21:27:41] 📥 Primit de la student: GET_ACTIVE_USERS:8
[21:27:48] 📥 Primit de la student: GET_COMMENTS:8
[21:27:48] 📤 Trimis 3 comentarii pentru thread #8
[21:27:48] 📥 Primit de la student: GET_ACTIVE_USERS:8
[21:27:55] 📥 Primit de la student: GET_COMMENTS:8
[21:27:55] 📤 Trimis 3 comentarii pentru thread #8
[21:27:55] 📥 Primit de la student: GET_ACTIVE_USERS:8
[21:28:02] 📥 Primit de la student: GET_COMMENTS:8
[21:28:02] 📤 Trimis 3 comentarii pentru thread #8
[21:28:02] 📥 Primit de la student: GET_ACTIVE_USERS:8
[21:28:07] 📥 Primit de la student: GET_THREADS
[21:28:07] 📤 Trimis 9 thread-uri către student
[21:28:07] 📥 Primit de la student: GET_ACTIVE_USERS:8
[21:28:07] 📥 Primit de la student: HEARTBEAT:sess_1769106606737_1:1:8
[21:28:09] 📥 Primit de la student: GET_COMMENTS:8
[21:28:09] 📤 Trimis 3 comentarii pentru thread #8
[21:28:09] 📥 Primit de la student: GET_ACTIVE_USERS:8
[21:28:16] 📥 Primit de la student: GET_COMMENTS:8
[21:28:16] 📤 Trimis 3 comentarii pentru thread #8
[21:28:16] 📥 Primit de la student: GET_ACTIVE_USERS:8
[21:28:23] 📥 Primit de la student: GET_COMMENTS:8
[21:28:23] 📤 Trimis 3 comentarii pentru thread #8
[21:28:23] 📥 Primit de la student: GET_ACTIVE_USERS:8
[21:28:56] 📥 Primit de la student: GET_COMMENTS:8
[21:28:56] 📤 Trimis 3 comentarii pentru thread #8
[21:28:56] 📥 Primit de la student: GET_ACTIVE_USERS:8
[21:29:03] 📥 Primit de la student: GET_COMMENTS:8
[21:29:03] 📤 Trimis 3 comentarii pentru thread #8
[21:29:03] 📥 Primit de la student: GET_ACTIVE_USERS:8
[21:29:03] 📥 Primit de la student: GET_THREADS
[21:29:03] 📤 Trimis 9 thread-uri către student
[21:29:03] 📥 Primit de la student: GET_ACTIVE_USERS:8
[21:29:03] 📥 Primit de la student: HEARTBEAT:sess_1769106606737_1:1:8
[21:29:10] 📥 Primit de la student: GET_COMMENTS:8
[21:29:10] 📤 Trimis 3 comentarii pentru thread #8
[21:29:10] 📥 Primit de la student: GET_ACTIVE_USERS:8
[21:29:17] 📥 Primit de la student: GET_COMMENTS:8
[21:29:17] 📤 Trimis 3 comentarii pentru thread #8
[21:29:17] 📥 Primit de la student: GET_ACTIVE_USERS:8
[21:29:24] 📥 Primit de la student: GET_COMMENTS:8
[21:29:24] 📤 Trimis 3 comentarii pentru thread #8
[21:29:24] 📥 Primit de la student: GET_ACTIVE_USERS:8
[21:29:31] 📥 Primit de la student: GET_COMMENTS:8
[21:29:31] 📤 Trimis 3 comentarii pentru thread #8
[21:29:31] 📥 Primit de la student: GET_ACTIVE_USERS:8
[21:29:33] 📥 Primit de la student: GET_THREADS
[21:29:33] 📤 Trimis 9 thread-uri către student
[21:29:33] 📥 Primit de la student: GET_ACTIVE_USERS:8
[21:29:33] 📥 Primit de la student: HEARTBEAT:sess_1769106606737_1:1:8
[21:29:38] 📥 Primit de la student: GET_COMMENTS:8
[21:29:38] 📤 Trimis 3 comentarii pentru thread #8
[21:29:38] 📥 Primit de la student: GET_ACTIVE_USERS:8
[21:58:24] 📥 Primit de la student: GET_COMMENTS:8
[21:58:24] 📤 Trimis 3 comentarii pentru thread #8
[21:58:24] 📥 Primit de la student: GET_ACTIVE_USERS:8
[21:58:31] 📥 Primit de la student: GET_COMMENTS:8
[21:58:31] 📤 Trimis 3 comentarii pentru thread #8
[21:58:31] 📥 Primit de la student: GET_ACTIVE_USERS:8
[21:58:38] 📥 Primit de la student: GET_COMMENTS:8
[21:58:38] 📤 Trimis 3 comentarii pentru thread #8
[21:58:38] 📥 Primit de la student: GET_ACTIVE_USERS:8
[21:58:42] 📥 Primit de la student: GET_THREADS
[21:58:42] 📤 Trimis 9 thread-uri către student
[21:58:42] 📥 Primit de la student: GET_ACTIVE_USERS:8
[21:58:42] 📥 Primit de la student: HEARTBEAT:sess_1769106606737_1:1:8
[21:58:45] 📥 Primit de la student: GET_COMMENTS:8
[21:58:45] 📤 Trimis 3 comentarii pentru thread #8
[21:58:45] 📥 Primit de la student: GET_ACTIVE_USERS:8
[21:58:52] 📥 Primit de la student: GET_COMMENTS:8
[21:58:52] 📤 Trimis 3 comentarii pentru thread #8
[21:58:52] 📥 Primit de la student: GET_ACTIVE_USERS:8
[21:58:59] 📥 Primit de la student: GET_COMMENTS:8
[21:58:59] 📤 Trimis 3 comentarii pentru thread #8
[21:58:59] 📥 Primit de la student: GET_ACTIVE_USERS:8
[21:59:06] 📥 Primit de la student: GET_COMMENTS:8
[21:59:06] 📤 Trimis 3 comentarii pentru thread #8
[21:59:06] 📥 Primit de la student: GET_ACTIVE_USERS:8
[21:59:12] 📥 Primit de la student: GET_THREADS
[21:59:12] 📤 Trimis 9 thread-uri către student
[21:59:12] 📥 Primit de la student: GET_ACTIVE_USERS:8
[21:59:12] 📥 Primit de la student: HEARTBEAT:sess_1769106606737_1:1:8
[21:59:13] 📥 Primit de la student: GET_COMMENTS:8
[21:59:13] 📤 Trimis 3 comentarii pentru thread #8
[21:59:13] 📥 Primit de la student: GET_ACTIVE_USERS:8
[21:59:20] 📥 Primit de la student: GET_COMMENTS:8
[21:59:20] 📤 Trimis 3 comentarii pentru thread #8
[21:59:20] 📥 Primit de la student: GET_ACTIVE_USERS:8
[21:59:27] 📥 Primit de la student: GET_COMMENTS:8
[21:59:27] 📤 Trimis 3 comentarii pentru thread #8
[21:59:27] 📥 Primit de la student: GET_ACTIVE_USERS:8
[21:59:34] 📥 Primit de la student: GET_COMMENTS:8
[21:59:34] 📤 Trimis 3 comentarii pentru thread #8
[21:59:34] 📥 Primit de la student: GET_ACTIVE_USERS:8
[21:59:41] 📥 Primit de la student: GET_COMMENTS:8
[21:59:41] 📤 Trimis 3 comentarii pentru thread #8
[21:59:41] 📥 Primit de la student: GET_ACTIVE_USERS:8
[21:59:42] 📥 Primit de la student: GET_THREADS
[21:59:42] 📤 Trimis 9 thread-uri către student
[21:59:42] 📥 Primit de la student: GET_ACTIVE_USERS:8
[21:59:42] 📥 Primit de la student: HEARTBEAT:sess_1769106606737_1:1:8
[21:59:48] 📥 Primit de la student: GET_COMMENTS:8
[21:59:48] 📤 Trimis 3 comentarii pentru thread #8
[21:59:48] 📥 Primit de la student: GET_ACTIVE_USERS:8
[21:59:55] 📥 Primit de la student: GET_COMMENTS:8
[21:59:55] 📤 Trimis 3 comentarii pentru thread #8
[21:59:55] 📥 Primit de la student: GET_ACTIVE_USERS:8
[22:00:02] 📥 Primit de la student: GET_COMMENTS:8
[22:00:02] 📤 Trimis 3 comentarii pentru thread #8
[22:00:02] 📥 Primit de la student: GET_ACTIVE_USERS:8
[22:00:09] 📥 Primit de la student: GET_COMMENTS:8
[22:00:09] 📤 Trimis 3 comentarii pentru thread #8
[22:00:09] 📥 Primit de la student: GET_ACTIVE_USERS:8
[22:00:12] 📥 Primit de la student: GET_THREADS
[22:00:12] 📤 Trimis 9 thread-uri către student
[22:00:12] 📥 Primit de la student: GET_ACTIVE_USERS:8
[22:00:12] 📥 Primit de la student: HEARTBEAT:sess_1769106606737_1:1:8
[22:00:16] 📥 Primit de la student: GET_COMMENTS:8
[22:00:16] 📤 Trimis 3 comentarii pentru thread #8
[22:00:16] 📥 Primit de la student: GET_ACTIVE_USERS:8
[22:00:23] 📥 Primit de la student: GET_COMMENTS:8
[22:00:23] 📤 Trimis 3 comentarii pentru thread #8
[22:00:23] 📥 Primit de la student: GET_ACTIVE_USERS:8
[22:11:57] 📥 Primit de la student: GET_COMMENTS:8
[22:11:57] 📤 Trimis 3 comentarii pentru thread #8
[22:11:57] 📥 Primit de la student: GET_ACTIVE_USERS:8
[22:12:04] 📥 Primit de la student: GET_COMMENTS:8
[22:12:04] 📤 Trimis 3 comentarii pentru thread #8
[22:12:04] 📥 Primit de la student: GET_ACTIVE_USERS:8
[22:12:09] 📥 Primit de la student: GET_THREADS
[22:12:09] 📤 Trimis 9 thread-uri către student
[22:12:09] 📥 Primit de la student: GET_ACTIVE_USERS:8
[22:12:09] 📥 Primit de la student: HEARTBEAT:sess_1769106606737_1:1:8
[22:12:11] 📥 Primit de la student: GET_COMMENTS:8
[22:12:11] 📤 Trimis 3 comentarii pentru thread #8
[22:12:11] 📥 Primit de la student: GET_ACTIVE_USERS:8
[22:12:18] 📥 Primit de la student: GET_COMMENTS:8
[22:12:18] 📤 Trimis 3 comentarii pentru thread #8
[22:12:18] 📥 Primit de la student: GET_ACTIVE_USERS:8
